{
    "optDrv": {
        "HPWL": 1.79847425e-316,
        "STWL": 6.90380826759506e-310,
        "clocks_timing": [
            {
                "clock_name": "core_clock",
                "delta_suggest_freq": 0.0,
                "delta_tns": 0.0,
                "delta_wns": 0.0,
                "opt_suggest_freq": 308.0151075249939,
                "opt_tns": -56.85313800000001,
                "opt_wns": -1.246594,
                "origin_suggest_freq": 308.0151075249939,
                "origin_tns": -56.85313800000001,
                "origin_wns": -1.246594
            }
        ]
    }
}