{
    "Design Information": {
        "design_name": "gcd",
        "design_version": "5.8",
        "eda_tool": "iEDA",
        "eda_version": "V23.03-OS-01",
        "flow_memory": "4137.392000 MB",
        "flow_runtime": "10.244571 s",
        "flow_stage": "iTO - Fix DRV"
    },
    "Design Layout": {
        "core_area": 16278.105599999999,
        "core_bounding_height": 126.54,
        "core_bounding_width": 128.64,
        "core_usage": 0.4089542329311371,
        "design_dbu": 1000,
        "die_area": 16595.365329,
        "die_bounding_height": 128.823,
        "die_bounding_width": 128.823,
        "die_usage": 0.4011361002922058
    },
    "Design Statis": {
        "num_instances": 1448,
        "num_iopins": 56,
        "num_layers": 13,
        "num_layers_cut": 5,
        "num_layers_routing": 6,
        "num_nets": 678,
        "num_pdn": 2
    },
    "Instances": {
        "clock": {
            "area": 943.056,
            "area_ratio": 0.1186980490874764,
            "core_usage": 0.057934014139827184,
            "die_usage": 0.05682646819181693,
            "num": 37,
            "num_ratio": 0.025552486187845305,
            "pin_num": 108,
            "pin_ratio": 0.06235565819861432
        },
        "iopads": {
            "area": 0.0,
            "area_ratio": 0.0,
            "core_usage": 0.0,
            "die_usage": 0.0,
            "num": 0,
            "num_ratio": 0.0,
            "pin_num": 0,
            "pin_ratio": 0.0
        },
        "logic": {
            "area": 6657.336,
            "area_ratio": 0.8379277533039647,
            "core_usage": 0.408974862529458,
            "die_usage": 0.40115633901511444,
            "num": 642,
            "num_ratio": 0.44337016574585636,
            "pin_num": 1732,
            "pin_ratio": 1.0
        },
        "macros": {
            "area": 0.0,
            "area_ratio": 0.0,
            "core_usage": 0.0,
            "die_usage": 0.0,
            "num": 0,
            "num_ratio": 0.0,
            "pin_num": 0,
            "pin_ratio": 0.0
        },
        "total": {
            "area": 7945.0,
            "area_ratio": 1.0,
            "core_usage": 0.4880789076586406,
            "die_usage": 0.47874812289406515,
            "num": 1448,
            "num_ratio": 1.0,
            "pin_num": 1732,
            "pin_ratio": 1.0
        }
    },
    "Layers": {
        "cut_layers": [
            {
                "layer_name": "mcon",
                "layer_order": 3,
                "via_num": 0,
                "via_ratio": 0.0
            },
            {
                "layer_name": "via",
                "layer_order": 5,
                "via_num": 351,
                "via_ratio": 0.28888888888888886
            },
            {
                "layer_name": "via2",
                "layer_order": 7,
                "via_num": 351,
                "via_ratio": 0.28888888888888886
            },
            {
                "layer_name": "via3",
                "layer_order": 9,
                "via_num": 351,
                "via_ratio": 0.28888888888888886
            },
            {
                "layer_name": "via4",
                "layer_order": 11,
                "via_num": 162,
                "via_ratio": 0.13333333333333333
            }
        ],
        "num_layers": 13,
        "num_layers_cut": 5,
        "num_layers_routing": 6,
        "routing_layers": [
            {
                "layer_name": "li1",
                "layer_order": 2,
                "patch_num": 0,
                "wire_len": 0.0,
                "wire_num": 0,
                "wire_ratio": 0.0
            },
            {
                "layer_name": "met1",
                "layer_order": 4,
                "patch_num": 0,
                "wire_len": 0.0,
                "wire_num": 0,
                "wire_ratio": 0.0
            },
            {
                "layer_name": "met2",
                "layer_order": 6,
                "patch_num": 0,
                "wire_len": 0.0,
                "wire_num": 0,
                "wire_ratio": 0.0
            },
            {
                "layer_name": "met3",
                "layer_order": 8,
                "patch_num": 0,
                "wire_len": 0.0,
                "wire_num": 0,
                "wire_ratio": 0.0
            },
            {
                "layer_name": "met4",
                "layer_order": 10,
                "patch_num": 0,
                "wire_len": 0.0,
                "wire_num": 0,
                "wire_ratio": 0.0
            },
            {
                "layer_name": "met5",
                "layer_order": 12,
                "patch_num": 0,
                "wire_len": 0.0,
                "wire_num": 0,
                "wire_ratio": 0.0
            }
        ]
    },
    "Macros": null,
    "Macros Statis": null,
    "Nets": {
        "num_clock": 4,
        "num_patch": 0,
        "num_pins": 1786,
        "num_segment": 0,
        "num_signal": 674,
        "num_total": 678,
        "num_via": 0,
        "num_wire": 0,
        "ratio_clock": null,
        "ratio_signal": null,
        "wire_len": 0.0,
        "wire_len_clock": 0.0,
        "wire_len_signal": 0.0
    },
    "Pins": {
        "max_fanout": 32,
        "pin_distribution": [
            {
                "inst_num": 806,
                "inst_ratio": 0.5566298342541437,
                "net_num": 0,
                "net_ratio": 0.0,
                "pin_num": 0
            },
            {
                "inst_num": 0,
                "inst_ratio": 0.0,
                "net_num": 0,
                "net_ratio": 0.0,
                "pin_num": 1
            },
            {
                "inst_num": 365,
                "inst_ratio": 0.2520718232044199,
                "net_num": 484,
                "net_ratio": 0.7138643067846607,
                "pin_num": 2
            },
            {
                "inst_num": 133,
                "inst_ratio": 0.09185082872928177,
                "net_num": 115,
                "net_ratio": 0.1696165191740413,
                "pin_num": 3
            },
            {
                "inst_num": 117,
                "inst_ratio": 0.08080110497237569,
                "net_num": 21,
                "net_ratio": 0.030973451327433628,
                "pin_num": 4
            },
            {
                "inst_num": 27,
                "inst_ratio": 0.018646408839779006,
                "net_num": 25,
                "net_ratio": 0.03687315634218289,
                "pin_num": 5
            },
            {
                "inst_num": 0,
                "inst_ratio": 0.0,
                "net_num": 17,
                "net_ratio": 0.025073746312684365,
                "pin_num": 6
            },
            {
                "inst_num": 0,
                "inst_ratio": 0.0,
                "net_num": 0,
                "net_ratio": 0.0,
                "pin_num": 7
            },
            {
                "inst_num": 0,
                "inst_ratio": 0.0,
                "net_num": 7,
                "net_ratio": 0.01032448377581121,
                "pin_num": 8
            },
            {
                "inst_num": 0,
                "inst_ratio": 0.0,
                "net_num": 1,
                "net_ratio": 0.0014749262536873156,
                "pin_num": 9
            },
            {
                "inst_num": 0,
                "inst_ratio": 0.0,
                "net_num": 0,
                "net_ratio": 0.0,
                "pin_num": 10
            },
            {
                "inst_num": 0,
                "inst_ratio": 0.0,
                "net_num": 6,