{
    "id": 804,
    "patch_id_row": 26,
    "patch_id_col": 24,
    "llx": 103680,
    "lly": 112320,
    "urx": 108000,
    "ury": 116640,
    "row_min": 468,
    "row_max": 486,
    "col_min": 432,
    "col_max": 450,
    "cell_density": 0.3425925925925926,
    "pin_density": 6,
    "net_density": 0.09182098765432098,
    "macro_margin": 255180,
    "RUDY_congestion": 0.0003240098652647507,
    "EGR_congestion": -4.0,
    "timing": -0.516164,
    "power": 5.701649470189477e-07,
    "IR_drop": 0.0,
    "sub_nets": [
        {
            "id": 41,
            "llx": 108517,
            "lly": 112320,
            "urx": 108000,
            "ury": 116640
        },
        {
            "id": 57,
            "llx": 103680,
            "lly": 112320,
            "urx": 108000,
            "ury": 116640
        },
        {
            "id": 315,
            "llx": 105157,
            "lly": 112320,
            "urx": 107751,
            "ury": 114935
        },
        {
            "id": 299,
            "llx": 106322,
            "lly": 115012,
            "urx": 108000,
            "ury": 116640
        }
    ],
    "patch_layer": [
        {
            "id": 0,
            "feature": {
                "wire_width": 170,
                "wire_len": 0,
                "wire_density": 0.0,
                "congestion": 1.0
            },
            "net_num": 2,
            "nets": [
                {
                    "id": 299,
                    "wire_num": 1,
                    "wires": [
                        {
                            "id": 3401,
                            "feature": {
                                "wire_len": 0
                            },
                            "path_num": 1,
                            "paths": [
                                {
                                    "id1": 258258,
                                    "x1": 106080,
                                    "y1": 115440,
                                    "real_x1": 106290,
                                    "real_y1": 115505,
                                    "r1": 481,
                                    "c1": 442,
                                    "l1": 0,
                                    "p1": 831,
                                    "id2": 258258,
                                    "x2": 106080,
                                    "y2": 115440,
                                    "real_x2": 106290,
                                    "real_y2": 115505,
                                    "r2": 481,
                                    "c2": 442,
                                    "l2": 0,
                                    "p2": 831
                                }
                            ]
                        }
                    ]
                },
                {
                    "id": 315,
                    "wire_num": 1,
                    "wires": [
                        {
                            "id": 3498,
                            "feature": {
                                "wire_len": 0
                            },
                            "path_num": 1,
                            "paths": [
                                {
                                    "id1": 256647,
                                    "x1": 105360,
                                    "y1": 114720,
                                    "real_x1": 105360,
                                    "real_y1": 114935,
                                    "r1": 478,
                                    "c1": 439,
                                    "l1": 0,
                                    "p1": 864,
                                    "id2": 256647,
                                    "x2": 105360,
                                    "y2": 114720,
                                    "real_x2": 105360,
                                    "real_y2": 114935,
                                    "r2": 478,
                                    "c2": 439,
                                    "l2": 0,
                                    "p2": 864
                                }
                            ]
                        }
                    ]
                }
            ]
        },
        {
            "id": 1,
            "feature": {
                "wire_width": 0,
                "wire_len": 0,
                "wire_density": 0.0,
                "congestion": 0.0
            },
            "net_num": 2,
            "nets": [
                {
                    "id": 299,
                    "wire_num": 1,
                    "wires": [
                        {
                            "id": 3401,
                            "feature": {
                                "wire_len": 0
                            },
                            "path_num": 1,
                            "paths": [
                                {
                                    "id1": 258258,
                                    "x1": 106080,
                                    "y1": 115440,
                                    "real_x1": 106290,
                                    "real_y1": 115505,
                                    "r1": 481,
                                    "c1": 442,
                                    "l1": 0,
                                    "p1": 831,
                                    "id2": 832850,
                                    "x2": 106080,
                                    "y2": 115440,
                                    "real_x2": 106290,
                                    "real_y2": 115505,
                                    "r2": 481,
                                    "c2": 442,
                                    "l2": 2,
                                    "p2": -1,
                                    "via": 0
                                }
                            ]
                        }
                    ]
                },
                {
                    "id": 315,
                    "wire_num": 1,
                    "wires": [
                        {
                            "id": 3498,
                            "feature": {
                                "wire_len": 0
                            },
                            "path_num": 1,
                            "paths": [
                                {
                                    "id1": 256647,
                                    "x1": 105360,
                                    "y1": 114720,
                                    "real_x1": 105360,
                                    "real_y1": 114935,
                                    "r1": 478,
                                    "c1": 439,
                                    "l1": 0,
                                    "p1": 864,
                                    "id2": 831239,
                                    "x2": 105360,
                                    "y2": 114720,
                                    "real_x2": 105360,
                                    "real_y2": 114935,
                                    "r2": 478,
                                    "c2": 439,
                                    "l2": 2,
                                    "p2": -1,
                                    "via": 0
                                }
                            ]
                        }
                    ]
                }
            ]
        },
        {
            "id": 2,
            "feature": {
                "wire_width": 140,
                "wire_len": 7920,
                "wire_density": 0.05941358024691358,