{
    "id": 177,
    "patch_id_row": 5,
    "patch_id_col": 27,
    "llx": 116640,
    "lly": 21600,
    "urx": 120960,
    "ury": 25920,
    "row_min": 90,
    "row_max": 108,
    "col_min": 486,
    "col_max": 504,
    "cell_density": 0.5370370370370371,
    "pin_density": 4,
    "net_density": 0.1206275720164609,
    "macro_margin": 255180,
    "RUDY_congestion": 0.00054415560728295,
    "EGR_congestion": -9.0,
    "timing": 0.0,
    "power": 1.791514213813028e-06,
    "IR_drop": 0.0,
    "sub_nets": [
        {
            "id": 259,
            "llx": 116640,
            "lly": 24293,
            "urx": 119523,
            "ury": 24675
        },
        {
            "id": 677,
            "llx": 116640,
            "lly": 21600,
            "urx": 115995,
            "ury": 25920
        },
        {
            "id": 196,
            "llx": 117457,
            "lly": 24875,
            "urx": 120960,
            "ury": 25920
        }
    ],
    "patch_layer": [
        {
            "id": 0,
            "feature": {
                "wire_width": 170,
                "wire_len": 0,
                "wire_density": 0.0,
                "congestion": 0.0
            },
            "net_num": 2,
            "nets": [
                {
                    "id": 196,
                    "wire_num": 1,
                    "wires": [
                        {
                            "id": 2267,
                            "feature": {
                                "wire_len": 0
                            },
                            "path_num": 1,
                            "paths": [
                                {
                                    "id1": 55696,
                                    "x1": 117120,
                                    "y1": 24720,
                                    "real_x1": 117330,
                                    "real_y1": 24745,
                                    "r1": 103,
                                    "c1": 488,
                                    "l1": 0,
                                    "p1": 577,
                                    "id2": 55696,
                                    "x2": 117120,
                                    "y2": 24720,
                                    "real_x2": 117330,
                                    "real_y2": 24745,
                                    "r2": 103,
                                    "c2": 488,
                                    "l2": 0,
                                    "p2": 577
                                }
                            ]
                        }
                    ]
                },
                {
                    "id": 259,
                    "wire_num": 1,
                    "wires": [
                        {
                            "id": 3096,
                            "feature": {
                                "wire_len": 0
                            },
                            "path_num": 1,
                            "paths": [
                                {
                                    "id1": 56241,
                                    "x1": 119280,
                                    "y1": 24960,
                                    "real_x1": 119280,
                                    "real_y1": 25195,
                                    "r1": 104,
                                    "c1": 497,
                                    "l1": 0,
                                    "p1": 747,
                                    "id2": 56241,
                                    "x2": 119280,
                                    "y2": 24960,
                                    "real_x2": 119280,
                                    "real_y2": 25195,
                                    "r2": 104,
                                    "c2": 497,
                                    "l2": 0,
                                    "p2": 747
                                }
                            ]
                        }
                    ]
                }
            ]
        },
        {
            "id": 1,
            "feature": {
                "wire_width": 0,
                "wire_len": 0,
                "wire_density": 0.0,
                "congestion": 0.0
            },
            "net_num": 2,
            "nets": [
                {
                    "id": 196,
                    "wire_num": 1,
                    "wires": [
                        {
                            "id": 2267,
                            "feature": {
                                "wire_len": 0
                            },
                            "path_num": 1,
                            "paths": [
                                {
                                    "id1": 55696,
                                    "x1": 117120,
                                    "y1": 24720,
                                    "real_x1": 117330,
                                    "real_y1": 24745,
                                    "r1": 103,
                                    "c1": 488,
                                    "l1": 0,
                                    "p1": 577,
                                    "id2": 630288,
                                    "x2": 117120,
                                    "y2": 24720,
                                    "real_x2": 117330,
                                    "real_y2": 24745,
                                    "r2": 103,
                                    "c2": 488,
                                    "l2": 2,
                                    "p2": -1,
                                    "via": 0
                                }
                            ]
                        }
                    ]
                },
                {
                    "id": 259,
                    "wire_num": 1,
                    "wires": [
                        {
                            "id": 3096,
                            "feature": {
                                "wire_len": 0
                            },
                            "path_num": 1,
                            "paths": [
                                {
                                    "id1": 56241,
                                    "x1": 119280,
                                    "y1": 24960,
                                    "real_x1": 119280,
                                    "real_y1": 25195,
                                    "r1": 104,
                                    "c1": 497,
                                    "l1": 0,
                                    "p1": 747,
                                    "id2": 630833,
                                    "x2": 119280,
                                    "y2": 24960,
                                    "real_x2": 119280,
                                    "real_y2": 25195,
                                    "r2": 104,
                                    "c2": 497,
                                    "l2": 2,
                                    "p2": -1,
                                    "via": 0
                                }
                            ]
                        }
                    ]
                }
            ]
        },
        {
            "id": 2,
            "feature": {
                "wire_width": 140,
                "wire_len": 11760,
                "wire_density": 0.08822016460905349,
                "congestion": -6.0
            },
            "net_num": 2,
            "nets": [
                {
                    "id": 196,
                    "wire_num": 2,