{
    "id": 106,
    "patch_id_row": 3,
    "patch_id_col": 16,
    "llx": 69120,
    "lly": 12960,
    "urx": 73440,
    "ury": 17280,
    "row_min": 54,
    "row_max": 72,
    "col_min": 288,
    "col_max": 306,
    "cell_density": 0.7754629629629629,
    "pin_density": 10,
    "net_density": 0.13786008230452676,
    "macro_margin": 255180,
    "RUDY_congestion": 0.00039862700272236154,
    "EGR_congestion": -3.0,
    "timing": -0.273861,
    "power": 1.9031446225460266e-06,
    "IR_drop": 0.0,
    "sub_nets": [
        {
            "id": 44,
            "llx": 69120,
            "lly": 18258,
            "urx": 73440,
            "ury": 17280
        },
        {
            "id": 251,
            "llx": 69120,
            "lly": 15667,
            "urx": 73440,
            "ury": 17280
        },
        {
            "id": 342,
            "llx": 69120,
            "lly": 15085,
            "urx": 73440,
            "ury": 17280
        },
        {
            "id": 507,
            "llx": 70210,
            "lly": 12960,
            "urx": 73440,
            "ury": 17280
        }
    ],
    "patch_layer": [
        {
            "id": 0,
            "feature": {
                "wire_width": 170,
                "wire_len": 0,
                "wire_density": 0.0,
                "congestion": 1.0
            },
            "net_num": 1,
            "nets": [
                {
                    "id": 507,
                    "wire_num": 1,
                    "wires": [
                        {
                            "id": 5083,
                            "feature": {
                                "wire_len": 0
                            },
                            "path_num": 1,
                            "paths": [
                                {
                                    "id1": 33522,
                                    "x1": 69600,
                                    "y1": 14880,
                                    "real_x1": 69790,
                                    "real_y1": 15110,
                                    "r1": 62,
                                    "c1": 290,
                                    "l1": 0,
                                    "p1": 1301,
                                    "id2": 33522,
                                    "x2": 69600,
                                    "y2": 14880,
                                    "real_x2": 69790,
                                    "real_y2": 15110,
                                    "r2": 62,
                                    "c2": 290,
                                    "l2": 0,
                                    "p2": 1301
                                }
                            ]
                        }
                    ]
                }
            ]
        },
        {
            "id": 1,
            "feature": {
                "wire_width": 0,
                "wire_len": 0,
                "wire_density": 0.0,
                "congestion": 0.0
            },
            "net_num": 1,
            "nets": [
                {
                    "id": 507,
                    "wire_num": 1,
                    "wires": [
                        {
                            "id": 5083,
                            "feature": {
                                "wire_len": 0
                            },
                            "path_num": 1,
                            "paths": [
                                {
                                    "id1": 33522,
                                    "x1": 69600,
                                    "y1": 14880,
                                    "real_x1": 69790,
                                    "real_y1": 15110,
                                    "r1": 62,
                                    "c1": 290,
                                    "l1": 0,
                                    "p1": 1301,
                                    "id2": 608114,
                                    "x2": 69600,
                                    "y2": 14880,
                                    "real_x2": 69790,
                                    "real_y2": 15110,
                                    "r2": 62,
                                    "c2": 290,
                                    "l2": 2,
                                    "p2": -1,
                                    "via": 0
                                }
                            ]
                        }
                    ]
                }
            ]
        },
        {
            "id": 2,
            "feature": {
                "wire_width": 140,
                "wire_len": 4800,
                "wire_density": 0.0360082304526749,
                "congestion": 3.0
            },
            "net_num": 2,
            "nets": [
                {
                    "id": 342,
                    "wire_num": 1,
                    "wires": [
                        {
                            "id": 3772,
                            "feature": {
                                "wire_len": 4320
                            },
                            "path_num": 1,
                            "paths": [
                                {
                                    "id1": 606504,
                                    "x1": 69120,
                                    "y1": 14160,
                                    "real_x1": -1,
                                    "real_y1": -1,
                                    "r1": 59,
                                    "c1": 288,
                                    "l1": 2,
                                    "p1": -1,
                                    "id2": 606522,
                                    "x2": 73440,
                                    "y2": 14160,
                                    "real_x2": -1,
                                    "real_y2": -1,
                                    "r2": 59,
                                    "c2": 306,
                                    "l2": 2,
                                    "p2": -1
                                }
                            ]
                        }
                    ]
                },
                {
                    "id": 507,
                    "wire_num": 2,
                    "wires": [
                        {
                            "id": 5075,
                            "feature": {
                                "wire_len": 480
                            },
                            "path_num": 1,
                            "paths": [
                                {
                                    "id1": 608112,
                                    "x1": 69120,
                                    "y1": 14880,
                                    "real_x1": -1,
                                    "real_y1": -1,
                                    "r1": 62,
                                    "c1": 288,
                                    "l1": 2,
                                    "p1": -1,
                                    "id2": 608114,
                                    "x2": 69600,
                                    "y2": 14880,
                                    "real_x2": 69790,
                                    "real_y2": 15110,
                                    "r2": 62,
                                    "c2": 290,
                                    "l2": 2,
                                    "p2": -1
                                }
                            ]
                        },
                        {
                            "id": 5083,