{
    "id": 302,
    "patch_id_row": 10,
    "patch_id_col": 2,
    "llx": 8640,
    "lly": 43200,
    "urx": 12960,
    "ury": 47520,
    "row_min": 180,
    "row_max": 198,
    "col_min": 36,
    "col_max": 54,
    "cell_density": 0.07175925925925926,
    "pin_density": 3,
    "net_density": 0.05761316872427984,
    "macro_margin": 255180,
    "RUDY_congestion": 0.0005096569454426432,
    "EGR_congestion": -5.0,
    "timing": 1.086078,
    "power": 6.791300977910241e-07,
    "IR_drop": 0.0,
    "sub_nets": [
        {
            "id": 470,
            "llx": 9280,
            "lly": 43200,
            "urx": 12960,
            "ury": 44828
        },
        {
            "id": 370,
            "llx": 8640,
            "lly": 48412,
            "urx": 12960,
            "ury": 47520
        },
        {
            "id": 403,
            "llx": 8640,
            "lly": 44905,
            "urx": 8871,
            "ury": 47520
        }
    ],
    "patch_layer": [
        {
            "id": 0,
            "feature": {
                "wire_width": 170,
                "wire_len": 0,
                "wire_density": 0.0,
                "congestion": 1.0
            },
            "net_num": 1,
            "nets": [
                {
                    "id": 403,
                    "wire_num": 1,
                    "wires": [
                        {
                            "id": 4258,
                            "feature": {
                                "wire_len": 0
                            },
                            "path_num": 1,
                            "paths": [
                                {
                                    "id1": 105093,
                                    "x1": 8880,
                                    "y1": 47040,
                                    "real_x1": 8880,
                                    "real_y1": 47135,
                                    "r1": 196,
                                    "c1": 37,
                                    "l1": 0,
                                    "p1": 1063,
                                    "id2": 105093,
                                    "x2": 8880,
                                    "y2": 47040,
                                    "real_x2": 8880,
                                    "real_y2": 47135,
                                    "r2": 196,
                                    "c2": 37,
                                    "l2": 0,
                                    "p2": 1063
                                }
                            ]
                        }
                    ]
                }
            ]
        },
        {
            "id": 1,
            "feature": {
                "wire_width": 0,
                "wire_len": 0,
                "wire_density": 0.0,
                "congestion": 0.0
            },
            "net_num": 1,
            "nets": [
                {
                    "id": 403,
                    "wire_num": 1,
                    "wires": [
                        {
                            "id": 4258,
                            "feature": {
                                "wire_len": 0
                            },
                            "path_num": 1,
                            "paths": [
                                {
                                    "id1": 105093,
                                    "x1": 8880,
                                    "y1": 47040,
                                    "real_x1": 8880,
                                    "real_y1": 47135,
                                    "r1": 196,
                                    "c1": 37,
                                    "l1": 0,
                                    "p1": 1063,
                                    "id2": 679685,
                                    "x2": 8880,
                                    "y2": 47040,
                                    "real_x2": 8880,
                                    "real_y2": 47135,
                                    "r2": 196,
                                    "c2": 37,
                                    "l2": 2,
                                    "p2": -1,
                                    "via": 0
                                }
                            ]
                        }
                    ]
                }
            ]
        },
        {
            "id": 2,
            "feature": {
                "wire_width": 140,
                "wire_len": 5520,
                "wire_density": 0.04140946502057613,
                "congestion": -2.0
            },
            "net_num": 3,
            "nets": [
                {
                    "id": 370,
                    "wire_num": 1,
                    "wires": [
                        {
                            "id": 3990,
                            "feature": {
                                "wire_len": 1680
                            },
                            "path_num": 2,
                            "paths": [
                                {
                                    "id1": 679697,
                                    "x1": 11760,
                                    "y1": 47040,
                                    "real_x1": 11760,
                                    "real_y1": 47135,
                                    "r1": 196,
                                    "c1": 49,
                                    "l1": 2,
                                    "p1": -1,
                                    "id2": 679702,
                                    "x2": 12960,
                                    "y2": 47040,
                                    "real_x2": 13170,
                                    "real_y2": 47135,
                                    "r2": 196,
                                    "c2": 54,
                                    "l2": 2,
                                    "p2": -1
                                },
                                {
                                    "id1": 679697,
                                    "x1": 11760,
                                    "y1": 47040,
                                    "real_x1": 11760,
                                    "real_y1": 47135,
                                    "r1": 196,
                                    "c1": 49,
                                    "l1": 2,
                                    "p1": -1,
                                    "id2": 680769,
                                    "x2": 11760,
                                    "y2": 47520,
                                    "real_x2": -1,
                                    "real_y2": -1,
                                    "r2": 198,
                                    "c2": 49,
                                    "l2": 2,
                                    "p2": -1
                                }
                            ]
                        }
                    ]
                },
                {
                    "id": 403,
                    "wire_num": 2,
                    "wires": [
                        {
                            "id": 4258,
                            "feature": {
                                "wire_len": 0
                            },
                            "path_num": 1,
                            "paths": [
                                {
                                    "id1": 679685,
                                    "x1": 8880,
                                    "y1": 47040,
                                    "real_x1": 8880,
                                    "real_y1": 47135,