{
    "id": 829,
    "patch_id_row": 27,
    "patch_id_col": 19,
    "llx": 82080,
    "lly": 116640,
    "urx": 86400,
    "ury": 120960,
    "row_min": 486,
    "row_max": 504,
    "col_min": 342,
    "col_max": 360,
    "cell_density": 0.1388888888888889,
    "pin_density": 5,
    "net_density": 0.06481481481481481,
    "macro_margin": 255180,
    "RUDY_congestion": 0.0006621900086998351,
    "EGR_congestion": -6.0,
    "timing": 0.0,
    "power": 4.815829421279177e-07,
    "IR_drop": 0.0,
    "sub_nets": [
        {
            "id": 657,
            "llx": 82080,
            "lly": 116640,
            "urx": 86400,
            "ury": 120960
        },
        {
            "id": 551,
            "llx": 82080,
            "lly": 116640,
            "urx": 86400,
            "ury": 118115
        },
        {
            "id": 609,
            "llx": 82080,
            "lly": 118341,
            "urx": 82963,
            "ury": 120960
        }
    ],
    "patch_layer": [
        {
            "id": 0,
            "feature": {
                "wire_width": 170,
                "wire_len": 0,
                "wire_density": 0.0,
                "congestion": 0.0
            },
            "net_num": 1,
            "nets": [
                {
                    "id": 609,
                    "wire_num": 1,
                    "wires": [
                        {
                            "id": 6216,
                            "feature": {
                                "wire_len": 0
                            },
                            "path_num": 1,
                            "paths": [
                                {
                                    "id1": 266734,
                                    "x1": 82080,
                                    "y1": 119280,
                                    "real_x1": 82290,
                                    "real_y1": 119365,
                                    "r1": 497,
                                    "c1": 342,
                                    "l1": 0,
                                    "p1": 1599,
                                    "id2": 266734,
                                    "x2": 82080,
                                    "y2": 119280,
                                    "real_x2": 82290,
                                    "real_y2": 119365,
                                    "r2": 497,
                                    "c2": 342,
                                    "l2": 0,
                                    "p2": 1599
                                }
                            ]
                        }
                    ]
                }
            ]
        },
        {
            "id": 1,
            "feature": {
                "wire_width": 0,
                "wire_len": 0,
                "wire_density": 0.0,
                "congestion": 0.0
            },
            "net_num": 1,
            "nets": [
                {
                    "id": 609,
                    "wire_num": 1,
                    "wires": [
                        {
                            "id": 6216,
                            "feature": {
                                "wire_len": 0
                            },
                            "path_num": 1,
                            "paths": [
                                {
                                    "id1": 266734,
                                    "x1": 82080,
                                    "y1": 119280,
                                    "real_x1": 82290,
                                    "real_y1": 119365,
                                    "r1": 497,
                                    "c1": 342,
                                    "l1": 0,
                                    "p1": 1599,
                                    "id2": 841326,
                                    "x2": 82080,
                                    "y2": 119280,
                                    "real_x2": 82290,
                                    "real_y2": 119365,
                                    "r2": 497,
                                    "c2": 342,
                                    "l2": 2,
                                    "p2": -1,
                                    "via": 0
                                }
                            ]
                        }
                    ]
                }
            ]
        },
        {
            "id": 2,
            "feature": {
                "wire_width": 140,
                "wire_len": 4320,
                "wire_density": 0.032407407407407406,
                "congestion": -5.0
            },
            "net_num": 2,
            "nets": [
                {
                    "id": 551,
                    "wire_num": 1,
                    "wires": [
                        {
                            "id": 5587,
                            "feature": {
                                "wire_len": 4320
                            },
                            "path_num": 1,
                            "paths": [
                                {
                                    "id1": 837038,
                                    "x1": 82080,
                                    "y1": 117360,
                                    "real_x1": -1,
                                    "real_y1": -1,
                                    "r1": 489,
                                    "c1": 342,
                                    "l1": 2,
                                    "p1": -1,
                                    "id2": 837056,
                                    "x2": 86400,
                                    "y2": 117360,
                                    "real_x2": -1,
                                    "real_y2": -1,
                                    "r2": 489,
                                    "c2": 360,
                                    "l2": 2,
                                    "p2": -1
                                }
                            ]
                        }
                    ]
                },
                {
                    "id": 609,
                    "wire_num": 2,
                    "wires": [
                        {
                            "id": 6214,
                            "feature": {
                                "wire_len": 0
                            },
                            "path_num": 1,
                            "paths": [
                                {
                                    "id1": 841326,
                                    "x1": 82080,
                                    "y1": 119280,
                                    "real_x1": 82290,
                                    "real_y1": 119365,
                                    "r1": 497,
                                    "c1": 342,
                                    "l1": 2,
                                    "p1": -1,
                                    "id2": 841326,
                                    "x2": 82080,
                                    "y2": 119280,
                                    "real_x2": 82290,
                                    "real_y2": 119365,
                                    "r2": 497,
                                    "c2": 342,
                                    "l2": 2,
                                    "p2": -1
                                }
                            ]
                        },
                        {
                            "id": 6216,
                            "feature": {
                                "wire_len": 0
                            },