{
    "id": 813,
    "patch_id_row": 27,
    "patch_id_col": 3,
    "llx": 12960,
    "lly": 116640,
    "urx": 17280,
    "ury": 120960,
    "row_min": 486,
    "row_max": 504,
    "col_min": 54,
    "col_max": 72,
    "cell_density": 0.16666666666666666,
    "pin_density": 5,
    "net_density": 0.04501028806584362,
    "macro_margin": 255180,
    "RUDY_congestion": 0.0005004304350549926,
    "EGR_congestion": 3.0,
    "timing": 0.041714,
    "power": 1.4936814691009335e-06,
    "IR_drop": 0.0,
    "sub_nets": [
        {
            "id": 535,
            "llx": 17050,
            "lly": 116640,
            "urx": 17280,
            "ury": 118090
        },
        {
            "id": 534,
            "llx": 12960,
            "lly": 116640,
            "urx": 17280,
            "ury": 120960
        }
    ],
    "patch_layer": [
        {
            "id": 0,
            "feature": {
                "wire_width": 170,
                "wire_len": 0,
                "wire_density": 0.0,
                "congestion": 3.0
            },
            "net_num": 0,
            "nets": []
        },
        {
            "id": 1,
            "feature": {
                "wire_width": 0,
                "wire_len": 0,
                "wire_density": 0.0,
                "congestion": 0.0
            },
            "net_num": 0,
            "nets": []
        },
        {
            "id": 2,
            "feature": {
                "wire_width": 140,
                "wire_len": 4560,
                "wire_density": 0.03420781893004115,
                "congestion": 3.0
            },
            "net_num": 2,
            "nets": [
                {
                    "id": 534,
                    "wire_num": 1,
                    "wires": [
                        {
                            "id": 5405,
                            "feature": {
                                "wire_len": 4320
                            },
                            "path_num": 1,
                            "paths": [
                                {
                                    "id1": 844254,
                                    "x1": 12960,
                                    "y1": 120720,
                                    "real_x1": -1,
                                    "real_y1": -1,
                                    "r1": 503,
                                    "c1": 54,
                                    "l1": 2,
                                    "p1": -1,
                                    "id2": 844272,
                                    "x2": 17280,
                                    "y2": 120720,
                                    "real_x2": -1,
                                    "real_y2": -1,
                                    "r2": 503,
                                    "c2": 72,
                                    "l2": 2,
                                    "p2": -1
                                }
                            ]
                        }
                    ]
                },
                {
                    "id": 535,
                    "wire_num": 2,
                    "wires": [
                        {
                            "id": 5416,
                            "feature": {
                                "wire_len": 0
                            },
                            "path_num": 1,
                            "paths": [
                                {
                                    "id1": 838375,
                                    "x1": 17040,
                                    "y1": 118080,
                                    "real_x1": 17040,
                                    "real_y1": 118245,
                                    "r1": 492,
                                    "c1": 71,
                                    "l1": 2,
                                    "p1": -1,
                                    "id2": 838375,
                                    "x2": 17040,
                                    "y2": 118080,
                                    "real_x2": 17040,
                                    "real_y2": 118245,
                                    "r2": 492,
                                    "c2": 71,
                                    "l2": 2,
                                    "p2": -1
                                }
                            ]
                        },
                        {
                            "id": 5418,
                            "feature": {
                                "wire_len": 240
                            },
                            "path_num": 1,
                            "paths": [
                                {
                                    "id1": 838375,
                                    "x1": 17040,
                                    "y1": 118080,
                                    "real_x1": 17040,
                                    "real_y1": 118245,
                                    "r1": 492,
                                    "c1": 71,
                                    "l1": 2,
                                    "p1": -1,
                                    "id2": 838376,
                                    "x2": 17280,
                                    "y2": 118080,
                                    "real_x2": -1,
                                    "real_y2": -1,
                                    "r2": 492,
                                    "c2": 72,
                                    "l2": 2,
                                    "p2": -1
                                }
                            ]
                        }
                    ]
                }
            ]
        },
        {
            "id": 3,
            "feature": {
                "wire_width": 0,
                "wire_len": 0,
                "wire_density": 0.0,
                "congestion": 0.0
            },
            "net_num": 1,
            "nets": [
                {
                    "id": 535,
                    "wire_num": 1,
                    "wires": [
                        {
                            "id": 5416,
                            "feature": {
                                "wire_len": 0
                            },
                            "path_num": 1,
                            "paths": [
                                {
                                    "id1": 838375,
                                    "x1": 17040,
                                    "y1": 118080,
                                    "real_x1": 17040,
                                    "real_y1": 118245,
                                    "r1": 492,
                                    "c1": 71,
                                    "l1": 2,
                                    "p1": -1,
                                    "id2": 1412967,
                                    "x2": 17040,
                                    "y2": 118080,
                                    "real_x2": 17040,
                                    "real_y2": 118245,
                                    "r2": 492,
                                    "c2": 71,
                                    "l2": 4,
                                    "p2": -1,
                                    "via": 5
                                }
                            ]
                        }
                    ]
                }
            ]
        },
        {
            "id": 4,
            "feature": {
                "wire_width": 140,
                "wire_len": 1440,
                "wire_density": 0.010802469135802469,