{
    "id": 827,
    "patch_id_row": 27,
    "patch_id_col": 17,
    "llx": 73440,
    "lly": 116640,
    "urx": 77760,
    "ury": 120960,
    "row_min": 486,
    "row_max": 504,
    "col_min": 306,
    "col_max": 324,
    "cell_density": 0.08333333333333333,
    "pin_density": 3,
    "net_density": 0.09362139917695472,
    "macro_margin": 255180,
    "RUDY_congestion": 9.620824770126996e-05,
    "EGR_congestion": 4.0,
    "timing": 0.0,
    "power": 0.0,
    "IR_drop": 0.0,
    "sub_nets": [
        {
            "id": 547,
            "llx": 73440,
            "lly": 116640,
            "urx": 73843,
            "ury": 120960
        },
        {
            "id": 549,
            "llx": 73440,
            "lly": 116640,
            "urx": 77760,
            "ury": 120960
        },
        {
            "id": 553,
            "llx": 77550,
            "lly": 116640,
            "urx": 77760,
            "ury": 117915
        }
    ],
    "patch_layer": [
        {
            "id": 0,
            "feature": {
                "wire_width": 170,
                "wire_len": 0,
                "wire_density": 0.0,
                "congestion": 2.0
            },
            "net_num": 1,
            "nets": [
                {
                    "id": 553,
                    "wire_num": 1,
                    "wires": [
                        {
                            "id": 5624,
                            "feature": {
                                "wire_len": 0
                            },
                            "path_num": 1,
                            "paths": [
                                {
                                    "id1": 262963,
                                    "x1": 77520,
                                    "y1": 117600,
                                    "real_x1": 77550,
                                    "real_y1": 117815,
                                    "r1": 490,
                                    "c1": 323,
                                    "l1": 0,
                                    "p1": 1439,
                                    "id2": 262963,
                                    "x2": 77520,
                                    "y2": 117600,
                                    "real_x2": 77550,
                                    "real_y2": 117815,
                                    "r2": 490,
                                    "c2": 323,
                                    "l2": 0,
                                    "p2": 1439
                                }
                            ]
                        }
                    ]
                }
            ]
        },
        {
            "id": 1,
            "feature": {
                "wire_width": 0,
                "wire_len": 0,
                "wire_density": 0.0,
                "congestion": 0.0
            },
            "net_num": 1,
            "nets": [
                {
                    "id": 553,
                    "wire_num": 1,
                    "wires": [
                        {
                            "id": 5624,
                            "feature": {
                                "wire_len": 0
                            },
                            "path_num": 1,
                            "paths": [
                                {
                                    "id1": 262963,
                                    "x1": 77520,
                                    "y1": 117600,
                                    "real_x1": 77550,
                                    "real_y1": 117815,
                                    "r1": 490,
                                    "c1": 323,
                                    "l1": 0,
                                    "p1": 1439,
                                    "id2": 837555,
                                    "x2": 77520,
                                    "y2": 117600,
                                    "real_x2": 77550,
                                    "real_y2": 117815,
                                    "r2": 490,
                                    "c2": 323,
                                    "l2": 2,
                                    "p2": -1,
                                    "via": 0
                                }
                            ]
                        }
                    ]
                }
            ]
        },
        {
            "id": 2,
            "feature": {
                "wire_width": 140,
                "wire_len": 7200,
                "wire_density": 0.05401234567901234,
                "congestion": 9.0
            },
            "net_num": 2,
            "nets": [
                {
                    "id": 549,
                    "wire_num": 1,
                    "wires": [
                        {
                            "id": 5578,
                            "feature": {
                                "wire_len": 4320
                            },
                            "path_num": 1,
                            "paths": [
                                {
                                    "id1": 837002,
                                    "x1": 73440,
                                    "y1": 117360,
                                    "real_x1": -1,
                                    "real_y1": -1,
                                    "r1": 489,
                                    "c1": 306,
                                    "l1": 2,
                                    "p1": -1,
                                    "id2": 837020,
                                    "x2": 77760,
                                    "y2": 117360,
                                    "real_x2": -1,
                                    "real_y2": -1,
                                    "r2": 489,
                                    "c2": 324,
                                    "l2": 2,
                                    "p2": -1
                                }
                            ]
                        }
                    ]
                },
                {
                    "id": 553,
                    "wire_num": 3,
                    "wires": [
                        {
                            "id": 5617,
                            "feature": {
                                "wire_len": 0
                            },
                            "path_num": 1,
                            "paths": [
                                {
                                    "id1": 837543,
                                    "x1": 74640,
                                    "y1": 117600,
                                    "real_x1": 74640,
                                    "real_y1": 117815,
                                    "r1": 490,
                                    "c1": 311,
                                    "l1": 2,
                                    "p1": -1,
                                    "id2": 837543,
                                    "x2": 74640,
                                    "y2": 117600,
                                    "real_x2": 74640,
                                    "real_y2": 117815,
                                    "r2": 490,
                                    "c2": 311,
                                    "l2": 2,
                                    "p2": -1
                                }
                            ]
                        },
                        {
                            "id": 5623,
                            "feature": {
                                "wire_len": 2880
                            },
                            "path_num": 1,