{
    "id": 239,
    "patch_id_row": 7,
    "patch_id_col": 29,
    "llx": 125280,
    "lly": 30240,
    "urx": 128640,
    "ury": 34560,
    "row_min": 126,
    "row_max": 144,
    "col_min": 522,
    "col_max": 536,
    "cell_density": 0.41071428571428575,
    "pin_density": 10,
    "net_density": 0.05886243386243386,
    "macro_margin": 255180,
    "RUDY_congestion": 0.0004763363548610616,
    "EGR_congestion": -11.0,
    "timing": 0.0,
    "power": 0.0,
    "IR_drop": 0.0,
    "sub_nets": [
        {
            "id": 630,
            "llx": 125797,
            "lly": 30240,
            "urx": 127820,
            "ury": 33740
        },
        {
            "id": 197,
            "llx": 125280,
            "lly": 31535,
            "urx": 126482,
            "ury": 34560
        }
    ],
    "patch_layer": [
        {
            "id": 0,
            "feature": {
                "wire_width": 170,
                "wire_len": 0,
                "wire_density": 0.0,
                "congestion": 0.0
            },
            "net_num": 1,
            "nets": [
                {
                    "id": 197,
                    "wire_num": 1,
                    "wires": [
                        {
                            "id": 2274,
                            "feature": {
                                "wire_len": 0
                            },
                            "path_num": 1,
                            "paths": [
                                {
                                    "id1": 75566,
                                    "x1": 126240,
                                    "y1": 33600,
                                    "real_x1": 126450,
                                    "real_y1": 33815,
                                    "r1": 140,
                                    "c1": 526,
                                    "l1": 0,
                                    "p1": 578,
                                    "id2": 75566,
                                    "x2": 126240,
                                    "y2": 33600,
                                    "real_x2": 126450,
                                    "real_y2": 33815,
                                    "r2": 140,
                                    "c2": 526,
                                    "l2": 0,
                                    "p2": 578
                                }
                            ]
                        }
                    ]
                }
            ]
        },
        {
            "id": 1,
            "feature": {
                "wire_width": 0,
                "wire_len": 0,
                "wire_density": 0.0,
                "congestion": 0.0
            },
            "net_num": 1,
            "nets": [
                {
                    "id": 197,
                    "wire_num": 1,
                    "wires": [
                        {
                            "id": 2274,
                            "feature": {
                                "wire_len": 0
                            },
                            "path_num": 1,
                            "paths": [
                                {
                                    "id1": 75566,
                                    "x1": 126240,
                                    "y1": 33600,
                                    "real_x1": 126450,
                                    "real_y1": 33815,
                                    "r1": 140,
                                    "c1": 526,
                                    "l1": 0,
                                    "p1": 578,
                                    "id2": 650158,
                                    "x2": 126240,
                                    "y2": 33600,
                                    "real_x2": 126450,
                                    "real_y2": 33815,
                                    "r2": 140,
                                    "c2": 526,
                                    "l2": 2,
                                    "p2": -1,
                                    "via": 0
                                }
                            ]
                        }
                    ]
                }
            ]
        },
        {
            "id": 2,
            "feature": {
                "wire_width": 140,
                "wire_len": 960,
                "wire_density": 0.009259259259259259,
                "congestion": -5.0
            },
            "net_num": 1,
            "nets": [
                {
                    "id": 197,
                    "wire_num": 2,
                    "wires": [
                        {
                            "id": 2273,
                            "feature": {
                                "wire_len": 960
                            },
                            "path_num": 1,
                            "paths": [
                                {
                                    "id1": 650154,
                                    "x1": 125280,
                                    "y1": 33600,
                                    "real_x1": -1,
                                    "real_y1": -1,
                                    "r1": 140,
                                    "c1": 522,
                                    "l1": 2,
                                    "p1": -1,
                                    "id2": 650158,
                                    "x2": 126240,
                                    "y2": 33600,
                                    "real_x2": 126450,
                                    "real_y2": 33815,
                                    "r2": 140,
                                    "c2": 526,
                                    "l2": 2,
                                    "p2": -1
                                }
                            ]
                        },
                        {
                            "id": 2274,
                            "feature": {
                                "wire_len": 0
                            },
                            "path_num": 1,
                            "paths": [
                                {
                                    "id1": 650158,
                                    "x1": 126240,
                                    "y1": 33600,
                                    "real_x1": 126450,
                                    "real_y1": 33815,
                                    "r1": 140,
                                    "c1": 526,
                                    "l1": 2,
                                    "p1": -1,
                                    "id2": 650158,
                                    "x2": 126240,
                                    "y2": 33600,
                                    "real_x2": 126450,
                                    "real_y2": 33815,
                                    "r2": 140,
                                    "c2": 526,
                                    "l2": 2,
                                    "p2": -1
                                }
                            ]
                        }
                    ]
                }
            ]
        },
        {
            "id": 3,
            "feature": {
                "wire_width": 0,
                "wire_len": 0,
                "wire_density": 0.0,
                "congestion": 0.0
            },
            "net_num": 0,
            "nets": []
        },
        {
            "id": 4,
            "feature": {
                "wire_width": 140,
                "wire_len": 0,
                "wire_density": 0.0,