{
    "id": 411,
    "patch_id_row": 13,
    "patch_id_col": 21,
    "llx": 90720,
    "lly": 56160,
    "urx": 95040,
    "ury": 60480,
    "row_min": 234,
    "row_max": 252,
    "col_min": 378,
    "col_max": 396,
    "cell_density": 0.5833333333333333,
    "pin_density": 9,
    "net_density": 0.084619341563786,
    "macro_margin": 255180,
    "RUDY_congestion": 0.00015030922135840087,
    "EGR_congestion": -14.0,
    "timing": 0.066969,
    "power": 1.3495340283190235e-06,
    "IR_drop": 0.0,
    "sub_nets": [
        {
            "id": 34,
            "llx": 90720,
            "lly": 56160,
            "urx": 94560,
            "ury": 58175
        },
        {
            "id": 33,
            "llx": 90720,
            "lly": 58148,
            "urx": 92855,
            "ury": 58245
        }
    ],
    "patch_layer": [
        {
            "id": 0,
            "feature": {
                "wire_width": 170,
                "wire_len": 0,
                "wire_density": 0.0,
                "congestion": 0.0
            },
            "net_num": 2,
            "nets": [
                {
                    "id": 33,
                    "wire_num": 1,
                    "wires": [
                        {
                            "id": 329,
                            "feature": {
                                "wire_len": 0
                            },
                            "path_num": 1,
                            "paths": [
                                {
                                    "id1": 130634,
                                    "x1": 92640,
                                    "y1": 58320,
                                    "real_x1": 92855,
                                    "real_y1": 58320,
                                    "r1": 243,
                                    "c1": 386,
                                    "l1": 0,
                                    "p1": 88,
                                    "id2": 130634,
                                    "x2": 92640,
                                    "y2": 58320,
                                    "real_x2": 92855,
                                    "real_y2": 58320,
                                    "r2": 243,
                                    "c2": 386,
                                    "l2": 0,
                                    "p2": 88
                                }
                            ]
                        }
                    ]
                },
                {
                    "id": 34,
                    "wire_num": 1,
                    "wires": [
                        {
                            "id": 333,
                            "feature": {
                                "wire_len": 0
                            },
                            "path_num": 1,
                            "paths": [
                                {
                                    "id1": 130107,
                                    "x1": 94800,
                                    "y1": 58080,
                                    "real_x1": 94800,
                                    "real_y1": 58305,
                                    "r1": 242,
                                    "c1": 395,
                                    "l1": 0,
                                    "p1": 91,
                                    "id2": 130107,
                                    "x2": 94800,
                                    "y2": 58080,
                                    "real_x2": 94800,
                                    "real_y2": 58305,
                                    "r2": 242,
                                    "c2": 395,
                                    "l2": 0,
                                    "p2": 91
                                }
                            ]
                        }
                    ]
                }
            ]
        },
        {
            "id": 1,
            "feature": {
                "wire_width": 0,
                "wire_len": 0,
                "wire_density": 0.0,
                "congestion": 0.0
            },
            "net_num": 2,
            "nets": [
                {
                    "id": 33,
                    "wire_num": 1,
                    "wires": [
                        {
                            "id": 329,
                            "feature": {
                                "wire_len": 0
                            },
                            "path_num": 1,
                            "paths": [
                                {
                                    "id1": 130634,
                                    "x1": 92640,
                                    "y1": 58320,
                                    "real_x1": 92855,
                                    "real_y1": 58320,
                                    "r1": 243,
                                    "c1": 386,
                                    "l1": 0,
                                    "p1": 88,
                                    "id2": 705226,
                                    "x2": 92640,
                                    "y2": 58320,
                                    "real_x2": 92855,
                                    "real_y2": 58320,
                                    "r2": 243,
                                    "c2": 386,
                                    "l2": 2,
                                    "p2": -1,
                                    "via": 0
                                }
                            ]
                        }
                    ]
                },
                {
                    "id": 34,
                    "wire_num": 1,
                    "wires": [
                        {
                            "id": 333,
                            "feature": {
                                "wire_len": 0
                            },
                            "path_num": 1,
                            "paths": [
                                {
                                    "id1": 130107,
                                    "x1": 94800,
                                    "y1": 58080,
                                    "real_x1": 94800,
                                    "real_y1": 58305,
                                    "r1": 242,
                                    "c1": 395,
                                    "l1": 0,
                                    "p1": 91,
                                    "id2": 704699,
                                    "x2": 94800,
                                    "y2": 58080,
                                    "real_x2": 94800,
                                    "real_y2": 58305,
                                    "r2": 242,
                                    "c2": 395,
                                    "l2": 2,
                                    "p2": -1,
                                    "via": 0
                                }
                            ]
                        }
                    ]
                }
            ]
        },
        {
            "id": 2,
            "feature": {
                "wire_width": 140,
                "wire_len": 11280,
                "wire_density": 0.084619341563786,
                "congestion": -4.0
            },
            "net_num": 2,
            "nets": [
                {
                    "id": 33,
                    "wire_num": 2,
                    "wires": [
                        {
                            "id": 329,
                            "feature": {
                                "wire_len": 0
                            },