{
    "id": 449,
    "patch_id_row": 14,
    "patch_id_col": 29,
    "llx": 125280,
    "lly": 60480,
    "urx": 128640,
    "ury": 64800,
    "row_min": 252,
    "row_max": 270,
    "col_min": 522,
    "col_max": 536,
    "cell_density": 0.6726190476190477,
    "pin_density": 13,
    "net_density": 0.12367724867724869,
    "macro_margin": 255180,
    "RUDY_congestion": 0.00034232342102419376,
    "EGR_congestion": -15.0,
    "timing": 0.0,
    "power": 3.51029067709649e-07,
    "IR_drop": 0.0,
    "sub_nets": [
        {
            "id": 638,
            "llx": 125280,
            "lly": 61655,
            "urx": 127820,
            "ury": 64800
        },
        {
            "id": 200,
            "llx": 125280,
            "lly": 60480,
            "urx": 126002,
            "ury": 61732
        }
    ],
    "patch_layer": [
        {
            "id": 0,
            "feature": {
                "wire_width": 170,
                "wire_len": 0,
                "wire_density": 0.0,
                "congestion": 1.0
            },
            "net_num": 1,
            "nets": [
                {
                    "id": 200,
                    "wire_num": 1,
                    "wires": [
                        {
                            "id": 2297,
                            "feature": {
                                "wire_len": 0
                            },
                            "path_num": 1,
                            "paths": [
                                {
                                    "id1": 139348,
                                    "x1": 125760,
                                    "y1": 62160,
                                    "real_x1": 125970,
                                    "real_y1": 62225,
                                    "r1": 259,
                                    "c1": 524,
                                    "l1": 0,
                                    "p1": 584,
                                    "id2": 139348,
                                    "x2": 125760,
                                    "y2": 62160,
                                    "real_x2": 125970,
                                    "real_y2": 62225,
                                    "r2": 259,
                                    "c2": 524,
                                    "l2": 0,
                                    "p2": 584
                                }
                            ]
                        }
                    ]
                }
            ]
        },
        {
            "id": 1,
            "feature": {
                "wire_width": 0,
                "wire_len": 0,
                "wire_density": 0.0,
                "congestion": 0.0
            },
            "net_num": 1,
            "nets": [
                {
                    "id": 200,
                    "wire_num": 1,
                    "wires": [
                        {
                            "id": 2297,
                            "feature": {
                                "wire_len": 0
                            },
                            "path_num": 1,
                            "paths": [
                                {
                                    "id1": 139348,
                                    "x1": 125760,
                                    "y1": 62160,
                                    "real_x1": 125970,
                                    "real_y1": 62225,
                                    "r1": 259,
                                    "c1": 524,
                                    "l1": 0,
                                    "p1": 584,
                                    "id2": 713940,
                                    "x2": 125760,
                                    "y2": 62160,
                                    "real_x2": 125970,
                                    "real_y2": 62225,
                                    "r2": 259,
                                    "c2": 524,
                                    "l2": 2,
                                    "p2": -1,
                                    "via": 0
                                }
                            ]
                        }
                    ]
                }
            ]
        },
        {
            "id": 2,
            "feature": {
                "wire_width": 140,
                "wire_len": 480,
                "wire_density": 0.004629629629629629,
                "congestion": -7.0
            },
            "net_num": 1,
            "nets": [
                {
                    "id": 200,
                    "wire_num": 2,
                    "wires": [
                        {
                            "id": 2297,
                            "feature": {
                                "wire_len": 0
                            },
                            "path_num": 1,
                            "paths": [
                                {
                                    "id1": 713940,
                                    "x1": 125760,
                                    "y1": 62160,
                                    "real_x1": 125970,
                                    "real_y1": 62225,
                                    "r1": 259,
                                    "c1": 524,
                                    "l1": 2,
                                    "p1": -1,
                                    "id2": 713940,
                                    "x2": 125760,
                                    "y2": 62160,
                                    "real_x2": 125970,
                                    "real_y2": 62225,
                                    "r2": 259,
                                    "c2": 524,
                                    "l2": 2,
                                    "p2": -1
                                }
                            ]
                        },
                        {
                            "id": 2300,
                            "feature": {
                                "wire_len": 480
                            },
                            "path_num": 1,
                            "paths": [
                                {
                                    "id1": 713938,
                                    "x1": 125280,
                                    "y1": 62160,
                                    "real_x1": -1,
                                    "real_y1": -1,
                                    "r1": 259,
                                    "c1": 522,
                                    "l1": 2,
                                    "p1": -1,
                                    "id2": 713940,
                                    "x2": 125760,
                                    "y2": 62160,
                                    "real_x2": 125970,
                                    "real_y2": 62225,
                                    "r2": 259,
                                    "c2": 524,
                                    "l2": 2,
                                    "p2": -1
                                }
                            ]
                        }
                    ]
                }
            ]
        },
        {
            "id": 3,
            "feature": {
                "wire_width": 0,
                "wire_len": 0,
                "wire_density": 0.0,
                "congestion": 0.0
            },
            "net_num": 0,
            "nets": []
        },
        {
            "id": 4,
            "feature": {
                "wire_width": 140,
                "wire_len": 0,
                "wire_density": 0.0,