{
    "id": 826,
    "patch_id_row": 27,
    "patch_id_col": 16,
    "llx": 69120,
    "lly": 116640,
    "urx": 73440,
    "ury": 120960,
    "row_min": 486,
    "row_max": 504,
    "col_min": 288,
    "col_max": 306,
    "cell_density": 0.3055555555555555,
    "pin_density": 5,
    "net_density": 0.07021604938271606,
    "macro_margin": 255180,
    "RUDY_congestion": 0.0003709928268300774,
    "EGR_congestion": 9.0,
    "timing": 0.232949,
    "power": 2.9511506404844447e-06,
    "IR_drop": 0.0,
    "sub_nets": [
        {
            "id": 549,
            "llx": 69120,
            "lly": 116640,
            "urx": 73440,
            "ury": 120960
        },
        {
            "id": 546,
            "llx": 69120,
            "lly": 116640,
            "urx": 73440,
            "ury": 116034
        }
    ],
    "patch_layer": [
        {
            "id": 0,
            "feature": {
                "wire_width": 170,
                "wire_len": 0,
                "wire_density": 0.0,
                "congestion": 2.0
            },
            "net_num": 0,
            "nets": []
        },
        {
            "id": 1,
            "feature": {
                "wire_width": 0,
                "wire_len": 0,
                "wire_density": 0.0,
                "congestion": 0.0
            },
            "net_num": 0,
            "nets": []
        },
        {
            "id": 2,
            "feature": {
                "wire_width": 140,
                "wire_len": 7440,
                "wire_density": 0.05581275720164609,
                "congestion": 11.0
            },
            "net_num": 2,
            "nets": [
                {
                    "id": 546,
                    "wire_num": 2,
                    "wires": [
                        {
                            "id": 5529,
                            "feature": {
                                "wire_len": 3120
                            },
                            "path_num": 1,
                            "paths": [
                                {
                                    "id1": 838056,
                                    "x1": 69120,
                                    "y1": 117840,
                                    "real_x1": -1,
                                    "real_y1": -1,
                                    "r1": 491,
                                    "c1": 288,
                                    "l1": 2,
                                    "p1": -1,
                                    "id2": 838069,
                                    "x2": 72240,
                                    "y2": 117840,
                                    "real_x2": 72240,
                                    "real_y2": 117840,
                                    "r2": 491,
                                    "c2": 301,
                                    "l2": 2,
                                    "p2": -1
                                }
                            ]
                        },
                        {
                            "id": 5537,
                            "feature": {
                                "wire_len": 0
                            },
                            "path_num": 1,
                            "paths": [
                                {
                                    "id1": 838069,
                                    "x1": 72240,
                                    "y1": 117840,
                                    "real_x1": 72240,
                                    "real_y1": 117840,
                                    "r1": 491,
                                    "c1": 301,
                                    "l1": 2,
                                    "p1": -1,
                                    "id2": 838069,
                                    "x2": 72240,
                                    "y2": 117840,
                                    "real_x2": 72240,
                                    "real_y2": 117840,
                                    "r2": 491,
                                    "c2": 301,
                                    "l2": 2,
                                    "p2": -1
                                }
                            ]
                        }
                    ]
                },
                {
                    "id": 549,
                    "wire_num": 3,
                    "wires": [
                        {
                            "id": 5571,
                            "feature": {
                                "wire_len": 1920
                            },
                            "path_num": 1,
                            "paths": [
                                {
                                    "id1": 836984,
                                    "x1": 69120,
                                    "y1": 117360,
                                    "real_x1": -1,
                                    "real_y1": -1,
                                    "r1": 489,
                                    "c1": 288,
                                    "l1": 2,
                                    "p1": -1,
                                    "id2": 836992,
                                    "x2": 71040,
                                    "y2": 117360,
                                    "real_x2": 71040,
                                    "real_y2": 117360,
                                    "r2": 489,
                                    "c2": 296,
                                    "l2": 2,
                                    "p2": -1
                                }
                            ]
                        },
                        {
                            "id": 5576,
                            "feature": {
                                "wire_len": 0
                            },
                            "path_num": 1,
                            "paths": [
                                {
                                    "id1": 836992,
                                    "x1": 71040,
                                    "y1": 117360,
                                    "real_x1": 71040,
                                    "real_y1": 117360,
                                    "r1": 489,
                                    "c1": 296,
                                    "l1": 2,
                                    "p1": -1,
                                    "id2": 836992,
                                    "x2": 71040,
                                    "y2": 117360,
                                    "real_x2": 71040,
                                    "real_y2": 117360,
                                    "r2": 489,
                                    "c2": 296,
                                    "l2": 2,
                                    "p2": -1
                                }
                            ]
                        },
                        {
                            "id": 5578,
                            "feature": {
                                "wire_len": 2400
                            },
                            "path_num": 1,
                            "paths": [
                                {
                                    "id1": 836992,
                                    "x1": 71040,
                                    "y1": 117360,
                                    "real_x1": 71040,
                                    "real_y1": 117360,
                                    "r1": 489,
                                    "c1": 296,
                                    "l1": 2,
                                    "p1": -1,