{
    "id": 485,
    "patch_id_row": 16,
    "patch_id_col": 5,
    "llx": 21600,
    "lly": 69120,
    "urx": 25920,
    "ury": 73440,
    "row_min": 288,
    "row_max": 306,
    "col_min": 90,
    "col_max": 108,
    "cell_density": 0.0,
    "pin_density": 3,
    "net_density": 0.09002057613168724,
    "macro_margin": 255180,
    "RUDY_congestion": 4.0990343799193404e-05,
    "EGR_congestion": -14.0,
    "timing": 0.0,
    "power": 0.0,
    "IR_drop": 0.0,
    "sub_nets": [
        {
            "id": 675,
            "llx": 21600,
            "lly": 69120,
            "urx": 25920,
            "ury": 73440
        },
        {
            "id": 65,
            "llx": 21600,
            "lly": 71538,
            "urx": 25920,
            "ury": 73440
        }
    ],
    "patch_layer": [
        {
            "id": 0,
            "feature": {
                "wire_width": 170,
                "wire_len": 0,
                "wire_density": 0.0,
                "congestion": 0.0
            },
            "net_num": 1,
            "nets": [
                {
                    "id": 65,
                    "wire_num": 1,
                    "wires": [
                        {
                            "id": 1099,
                            "feature": {
                                "wire_len": 0
                            },
                            "path_num": 1,
                            "paths": [
                                {
                                    "id1": 157154,
                                    "x1": 25440,
                                    "y1": 70320,
                                    "real_x1": 25655,
                                    "real_y1": 70445,
                                    "r1": 293,
                                    "c1": 106,
                                    "l1": 0,
                                    "p1": 256,
                                    "id2": 157154,
                                    "x2": 25440,
                                    "y2": 70320,
                                    "real_x2": 25655,
                                    "real_y2": 70445,
                                    "r2": 293,
                                    "c2": 106,
                                    "l2": 0,
                                    "p2": 256
                                }
                            ]
                        }
                    ]
                }
            ]
        },
        {
            "id": 1,
            "feature": {
                "wire_width": 0,
                "wire_len": 0,
                "wire_density": 0.0,
                "congestion": 0.0
            },
            "net_num": 1,
            "nets": [
                {
                    "id": 65,
                    "wire_num": 1,
                    "wires": [
                        {
                            "id": 1099,
                            "feature": {
                                "wire_len": 0
                            },
                            "path_num": 1,
                            "paths": [
                                {
                                    "id1": 157154,
                                    "x1": 25440,
                                    "y1": 70320,
                                    "real_x1": 25655,
                                    "real_y1": 70445,
                                    "r1": 293,
                                    "c1": 106,
                                    "l1": 0,
                                    "p1": 256,
                                    "id2": 731746,
                                    "x2": 25440,
                                    "y2": 70320,
                                    "real_x2": 25655,
                                    "real_y2": 70445,
                                    "r2": 293,
                                    "c2": 106,
                                    "l2": 2,
                                    "p2": -1,
                                    "via": 0
                                }
                            ]
                        }
                    ]
                }
            ]
        },
        {
            "id": 2,
            "feature": {
                "wire_width": 140,
                "wire_len": 5520,
                "wire_density": 0.04140946502057613,
                "congestion": -4.0
            },
            "net_num": 2,
            "nets": [
                {
                    "id": 65,
                    "wire_num": 3,
                    "wires": [
                        {
                            "id": 1099,
                            "feature": {
                                "wire_len": 0
                            },
                            "path_num": 1,
                            "paths": [
                                {
                                    "id1": 731746,
                                    "x1": 25440,
                                    "y1": 70320,
                                    "real_x1": 25655,
                                    "real_y1": 70445,
                                    "r1": 293,
                                    "c1": 106,
                                    "l1": 2,
                                    "p1": -1,
                                    "id2": 731746,
                                    "x2": 25440,
                                    "y2": 70320,
                                    "real_x2": 25655,
                                    "real_y2": 70445,
                                    "r2": 293,
                                    "c2": 106,
                                    "l2": 2,
                                    "p2": -1
                                }
                            ]
                        },
                        {
                            "id": 1117,
                            "feature": {
                                "wire_len": 1200
                            },
                            "path_num": 1,
                            "paths": [
                                {
                                    "id1": 731741,
                                    "x1": 24240,
                                    "y1": 70320,
                                    "real_x1": 24240,
                                    "real_y1": 70445,
                                    "r1": 293,
                                    "c1": 101,
                                    "l1": 2,
                                    "p1": -1,
                                    "id2": 731746,
                                    "x2": 25440,
                                    "y2": 70320,
                                    "real_x2": 25655,
                                    "real_y2": 70445,
                                    "r2": 293,
                                    "c2": 106,
                                    "l2": 2,
                                    "p2": -1
                                }
                            ]
                        },
                        {
                            "id": 1119,
                            "feature": {
                                "wire_len": 0
                            },
                            "path_num": 1,
                            "paths": [
                                {
                                    "id1": 731741,
                                    "x1": 24240,
                                    "y1": 70320,
                                    "real_x1": 24240,
                                    "real_y1": 70445,