{
    "id": 809,
    "patch_id_row": 26,
    "patch_id_col": 29,
    "llx": 125280,
    "lly": 112320,
    "urx": 128640,
    "ury": 116640,
    "row_min": 468,
    "row_max": 486,
    "col_min": 522,
    "col_max": 536,
    "cell_density": 0.4047619047619047,
    "pin_density": 17,
    "net_density": 0.018518518518518517,
    "macro_margin": 255180,
    "RUDY_congestion": 0.0001318196390494355,
    "EGR_congestion": -14.0,
    "timing": 0.0,
    "power": 0.0,
    "IR_drop": 0.0,
    "sub_nets": [
        {
            "id": 431,
            "llx": 125317,
            "lly": 115012,
            "urx": 126471,
            "ury": 116640
        }
    ],
    "patch_layer": [
        {
            "id": 0,
            "feature": {
                "wire_width": 170,
                "wire_len": 0,
                "wire_density": 0.0,
                "congestion": 0.0
            },
            "net_num": 1,
            "nets": [
                {
                    "id": 431,
                    "wire_num": 1,
                    "wires": [
                        {
                            "id": 4462,
                            "feature": {
                                "wire_len": 0
                            },
                            "path_num": 1,
                            "paths": [
                                {
                                    "id1": 258342,
                                    "x1": 126240,
                                    "y1": 115440,
                                    "real_x1": 126450,
                                    "real_y1": 115505,
                                    "r1": 481,
                                    "c1": 526,
                                    "l1": 0,
                                    "p1": 1125,
                                    "id2": 258342,
                                    "x2": 126240,
                                    "y2": 115440,
                                    "real_x2": 126450,
                                    "real_y2": 115505,
                                    "r2": 481,
                                    "c2": 526,
                                    "l2": 0,
                                    "p2": 1125
                                }
                            ]
                        }
                    ]
                }
            ]
        },
        {
            "id": 1,
            "feature": {
                "wire_width": 0,
                "wire_len": 0,
                "wire_density": 0.0,
                "congestion": 0.0
            },
            "net_num": 1,
            "nets": [
                {
                    "id": 431,
                    "wire_num": 1,
                    "wires": [
                        {
                            "id": 4462,
                            "feature": {
                                "wire_len": 0
                            },
                            "path_num": 1,
                            "paths": [
                                {
                                    "id1": 258342,
                                    "x1": 126240,
                                    "y1": 115440,
                                    "real_x1": 126450,
                                    "real_y1": 115505,
                                    "r1": 481,
                                    "c1": 526,
                                    "l1": 0,
                                    "p1": 1125,
                                    "id2": 832934,
                                    "x2": 126240,
                                    "y2": 115440,
                                    "real_x2": 126450,
                                    "real_y2": 115505,
                                    "r2": 481,
                                    "c2": 526,
                                    "l2": 2,
                                    "p2": -1,
                                    "via": 0
                                }
                            ]
                        }
                    ]
                }
            ]
        },
        {
            "id": 2,
            "feature": {
                "wire_width": 140,
                "wire_len": 720,
                "wire_density": 0.006944444444444444,
                "congestion": -8.0
            },
            "net_num": 1,
            "nets": [
                {
                    "id": 431,
                    "wire_num": 3,
                    "wires": [
                        {
                            "id": 4462,
                            "feature": {
                                "wire_len": 0
                            },
                            "path_num": 1,
                            "paths": [
                                {
                                    "id1": 832934,
                                    "x1": 126240,
                                    "y1": 115440,
                                    "real_x1": 126450,
                                    "real_y1": 115505,
                                    "r1": 481,
                                    "c1": 526,
                                    "l1": 2,
                                    "p1": -1,
                                    "id2": 832934,
                                    "x2": 126240,
                                    "y2": 115440,
                                    "real_x2": 126450,
                                    "real_y2": 115505,
                                    "r2": 481,
                                    "c2": 526,
                                    "l2": 2,
                                    "p2": -1
                                }
                            ]
                        },
                        {
                            "id": 4465,
                            "feature": {
                                "wire_len": 0
                            },
                            "path_num": 1,
                            "paths": [
                                {
                                    "id1": 832931,
                                    "x1": 125520,
                                    "y1": 115440,
                                    "real_x1": 125520,
                                    "real_y1": 115505,
                                    "r1": 481,
                                    "c1": 523,
                                    "l1": 2,
                                    "p1": -1,
                                    "id2": 832931,
                                    "x2": 125520,
                                    "y2": 115440,
                                    "real_x2": 125520,
                                    "real_y2": 115505,
                                    "r2": 481,
                                    "c2": 523,
                                    "l2": 2,
                                    "p2": -1
                                }
                            ]
                        },
                        {
                            "id": 4467,
                            "feature": {
                                "wire_len": 720
                            },
                            "path_num": 1,
                            "paths": [
                                {
                                    "id1": 832931,
                                    "x1": 125520,
                                    "y1": 115440,
                                    "real_x1": 125520,
                                    "real_y1": 115505,
                                    "r1": 481,
                                    "c1": 523,