{
    "id": 807,
    "patch_id_row": 26,
    "patch_id_col": 27,
    "llx": 116640,
    "lly": 112320,
    "urx": 120960,
    "ury": 116640,
    "row_min": 468,
    "row_max": 486,
    "col_min": 486,
    "col_max": 504,
    "cell_density": 0.43518518518518523,
    "pin_density": 8,
    "net_density": 0.061213991769547324,
    "macro_margin": 255180,
    "RUDY_congestion": 4.004359460683307e-05,
    "EGR_congestion": 4.0,
    "timing": 1.354938,
    "power": 3.3281527753395904e-07,
    "IR_drop": 0.0,
    "sub_nets": [
        {
            "id": 465,
            "llx": 120242,
            "lly": 115012,
            "urx": 120960,
            "ury": 115185
        },
        {
            "id": 57,
            "llx": 116640,
            "lly": 112320,
            "urx": 120960,
            "ury": 116640
        }
    ],
    "patch_layer": [
        {
            "id": 0,
            "feature": {
                "wire_width": 170,
                "wire_len": 0,
                "wire_density": 0.0,
                "congestion": 3.0
            },
            "net_num": 2,
            "nets": [
                {
                    "id": 57,
                    "wire_num": 1,
                    "wires": [
                        {
                            "id": 894,
                            "feature": {
                                "wire_len": 0
                            },
                            "path_num": 1,
                            "paths": [
                                {
                                    "id1": 256705,
                                    "x1": 119280,
                                    "y1": 114720,
                                    "real_x1": 119280,
                                    "real_y1": 114935,
                                    "r1": 478,
                                    "c1": 497,
                                    "l1": 0,
                                    "p1": 211,
                                    "id2": 256705,
                                    "x2": 119280,
                                    "y2": 114720,
                                    "real_x2": 119280,
                                    "real_y2": 114935,
                                    "r2": 478,
                                    "c2": 497,
                                    "l2": 0,
                                    "p2": 211
                                }
                            ]
                        }
                    ]
                },
                {
                    "id": 465,
                    "wire_num": 1,
                    "wires": [
                        {
                            "id": 4764,
                            "feature": {
                                "wire_len": 0
                            },
                            "path_num": 1,
                            "paths": [
                                {
                                    "id1": 258316,
                                    "x1": 120000,
                                    "y1": 115440,
                                    "real_x1": 120210,
                                    "real_y1": 115505,
                                    "r1": 481,
                                    "c1": 500,
                                    "l1": 0,
                                    "p1": 1208,
                                    "id2": 258316,
                                    "x2": 120000,
                                    "y2": 115440,
                                    "real_x2": 120210,
                                    "real_y2": 115505,
                                    "r2": 481,
                                    "c2": 500,
                                    "l2": 0,
                                    "p2": 1208
                                }
                            ]
                        }
                    ]
                }
            ]
        },
        {
            "id": 1,
            "feature": {
                "wire_width": 0,
                "wire_len": 0,
                "wire_density": 0.0,
                "congestion": 0.0
            },
            "net_num": 2,
            "nets": [
                {
                    "id": 57,
                    "wire_num": 1,
                    "wires": [
                        {
                            "id": 894,
                            "feature": {
                                "wire_len": 0
                            },
                            "path_num": 1,
                            "paths": [
                                {
                                    "id1": 256705,
                                    "x1": 119280,
                                    "y1": 114720,
                                    "real_x1": 119280,
                                    "real_y1": 114935,
                                    "r1": 478,
                                    "c1": 497,
                                    "l1": 0,
                                    "p1": 211,
                                    "id2": 831297,
                                    "x2": 119280,
                                    "y2": 114720,
                                    "real_x2": 119280,
                                    "real_y2": 114935,
                                    "r2": 478,
                                    "c2": 497,
                                    "l2": 2,
                                    "p2": -1,
                                    "via": 0
                                }
                            ]
                        }
                    ]
                },
                {
                    "id": 465,
                    "wire_num": 1,
                    "wires": [
                        {
                            "id": 4764,
                            "feature": {
                                "wire_len": 0
                            },
                            "path_num": 1,
                            "paths": [
                                {
                                    "id1": 258316,
                                    "x1": 120000,
                                    "y1": 115440,
                                    "real_x1": 120210,
                                    "real_y1": 115505,
                                    "r1": 481,
                                    "c1": 500,
                                    "l1": 0,
                                    "p1": 1208,
                                    "id2": 832908,
                                    "x2": 120000,
                                    "y2": 115440,
                                    "real_x2": 120210,
                                    "real_y2": 115505,
                                    "r2": 481,
                                    "c2": 500,
                                    "l2": 2,
                                    "p2": -1,
                                    "via": 0
                                }
                            ]
                        }
                    ]
                }
            ]
        },
        {
            "id": 2,
            "feature": {
                "wire_width": 140,
                "wire_len": 8160,
                "wire_density": 0.061213991769547324,
                "congestion": -1.0
            },
            "net_num": 2,
            "nets": [
                {
                    "id": 57,
                    "wire_num": 4,
                    "wires": [
                        {
                            "id": 885,