{
    "id": 388,
    "patch_id_row": 12,
    "patch_id_col": 28,
    "llx": 120960,
    "lly": 51840,
    "urx": 125280,
    "ury": 56160,
    "row_min": 216,
    "row_max": 234,
    "col_min": 504,
    "col_max": 522,
    "cell_density": 0.6666666666666666,
    "pin_density": 2,
    "net_density": 0.1044238683127572,
    "macro_margin": 255180,
    "RUDY_congestion": 0.00038844328342196356,
    "EGR_congestion": -7.0,
    "timing": 0.0,
    "power": 0.0,
    "IR_drop": 0.0,
    "sub_nets": [
        {
            "id": 380,
            "llx": 120960,
            "lly": 51840,
            "urx": 122642,
            "ury": 56160
        },
        {
            "id": 379,
            "llx": 120960,
            "lly": 51840,
            "urx": 123602,
            "ury": 56160
        },
        {
            "id": 265,
            "llx": 120960,
            "lly": 51840,
            "urx": 122883,
            "ury": 55627
        }
    ],
    "patch_layer": [
        {
            "id": 0,
            "feature": {
                "wire_width": 170,
                "wire_len": 0,
                "wire_density": 0.0,
                "congestion": 1.0
            },
            "net_num": 1,
            "nets": [
                {
                    "id": 265,
                    "wire_num": 1,
                    "wires": [
                        {
                            "id": 3139,
                            "feature": {
                                "wire_len": 0
                            },
                            "path_num": 1,
                            "paths": [
                                {
                                    "id1": 124326,
                                    "x1": 122400,
                                    "y1": 55440,
                                    "real_x1": 122635,
                                    "real_y1": 55565,
                                    "r1": 231,
                                    "c1": 510,
                                    "l1": 0,
                                    "p1": 759,
                                    "id2": 124326,
                                    "x2": 122400,
                                    "y2": 55440,
                                    "real_x2": 122635,
                                    "real_y2": 55565,
                                    "r2": 231,
                                    "c2": 510,
                                    "l2": 0,
                                    "p2": 759
                                }
                            ]
                        }
                    ]
                }
            ]
        },
        {
            "id": 1,
            "feature": {
                "wire_width": 0,
                "wire_len": 0,
                "wire_density": 0.0,
                "congestion": 0.0
            },
            "net_num": 1,
            "nets": [
                {
                    "id": 265,
                    "wire_num": 1,
                    "wires": [
                        {
                            "id": 3139,
                            "feature": {
                                "wire_len": 0
                            },
                            "path_num": 1,
                            "paths": [
                                {
                                    "id1": 124326,
                                    "x1": 122400,
                                    "y1": 55440,
                                    "real_x1": 122635,
                                    "real_y1": 55565,
                                    "r1": 231,
                                    "c1": 510,
                                    "l1": 0,
                                    "p1": 759,
                                    "id2": 698918,
                                    "x2": 122400,
                                    "y2": 55440,
                                    "real_x2": 122635,
                                    "real_y2": 55565,
                                    "r2": 231,
                                    "c2": 510,
                                    "l2": 2,
                                    "p2": -1,
                                    "via": 0
                                }
                            ]
                        }
                    ]
                }
            ]
        },
        {
            "id": 2,
            "feature": {
                "wire_width": 140,
                "wire_len": 5280,
                "wire_density": 0.03960905349794239,
                "congestion": -4.0
            },
            "net_num": 1,
            "nets": [
                {
                    "id": 265,
                    "wire_num": 2,
                    "wires": [
                        {
                            "id": 3139,
                            "feature": {
                                "wire_len": 0
                            },
                            "path_num": 1,
                            "paths": [
                                {
                                    "id1": 698918,
                                    "x1": 122400,
                                    "y1": 55440,
                                    "real_x1": 122635,
                                    "real_y1": 55565,
                                    "r1": 231,
                                    "c1": 510,
                                    "l1": 2,
                                    "p1": -1,
                                    "id2": 698918,
                                    "x2": 122400,
                                    "y2": 55440,
                                    "real_x2": 122635,
                                    "real_y2": 55565,
                                    "r2": 231,
                                    "c2": 510,
                                    "l2": 2,
                                    "p2": -1
                                }
                            ]
                        },
                        {
                            "id": 3143,
                            "feature": {
                                "wire_len": 2400
                            },
                            "path_num": 3,
                            "paths": [
                                {
                                    "id1": 698914,
                                    "x1": 121440,
                                    "y1": 55440,
                                    "real_x1": 121440,
                                    "real_y1": 55565,
                                    "r1": 231,
                                    "c1": 506,
                                    "l1": 2,
                                    "p1": -1,
                                    "id2": 698918,
                                    "x2": 122400,
                                    "y2": 55440,
                                    "real_x2": 122635,
                                    "real_y2": 55565,
                                    "r2": 231,
                                    "c2": 510,
                                    "l2": 2,
                                    "p2": -1
                                },
                                {
                                    "id1": 696770,
                                    "x1": 121440,
                                    "y1": 54480,
                                    "real_x1": 121440,
                                    "real_y1": 54480,
                                    "r1": 227,
                                    "c1": 506,
                                    "l1": 2,