{
    "id": 836,
    "patch_id_row": 27,
    "patch_id_col": 26,
    "llx": 112320,
    "lly": 116640,
    "urx": 116640,
    "ury": 120960,
    "row_min": 486,
    "row_max": 504,
    "col_min": 468,
    "col_max": 486,
    "cell_density": 0.1111111111111111,
    "pin_density": 3,
    "net_density": 0.09002057613168724,
    "macro_margin": 255180,
    "RUDY_congestion": 0.0,
    "EGR_congestion": -3.0,
    "timing": -0.584722,
    "power": 4.554425855643516e-05,
    "IR_drop": 0.0,
    "sub_nets": [
        {
            "id": 675,
            "llx": 112320,
            "lly": 116640,
            "urx": 115035,
            "ury": 120960
        },
        {
            "id": 41,
            "llx": 112320,
            "lly": 116640,
            "urx": 116406,
            "ury": 120960
        }
    ],
    "patch_layer": [
        {
            "id": 0,
            "feature": {
                "wire_width": 170,
                "wire_len": 0,
                "wire_density": 0.0,
                "congestion": 0.0
            },
            "net_num": 1,
            "nets": [
                {
                    "id": 41,
                    "wire_num": 1,
                    "wires": [
                        {
                            "id": 482,
                            "feature": {
                                "wire_len": 0
                            },
                            "path_num": 1,
                            "paths": [
                                {
                                    "id1": 263661,
                                    "x1": 116400,
                                    "y1": 117840,
                                    "real_x1": 116470,
                                    "real_y1": 117840,
                                    "r1": 491,
                                    "c1": 485,
                                    "l1": 0,
                                    "p1": 122,
                                    "id2": 263661,
                                    "x2": 116400,
                                    "y2": 117840,
                                    "real_x2": 116470,
                                    "real_y2": 117840,
                                    "r2": 491,
                                    "c2": 485,
                                    "l2": 0,
                                    "p2": 122
                                }
                            ]
                        }
                    ]
                }
            ]
        },
        {
            "id": 1,
            "feature": {
                "wire_width": 0,
                "wire_len": 0,
                "wire_density": 0.0,
                "congestion": 0.0
            },
            "net_num": 1,
            "nets": [
                {
                    "id": 41,
                    "wire_num": 1,
                    "wires": [
                        {
                            "id": 482,
                            "feature": {
                                "wire_len": 0
                            },
                            "path_num": 1,
                            "paths": [
                                {
                                    "id1": 263661,
                                    "x1": 116400,
                                    "y1": 117840,
                                    "real_x1": 116470,
                                    "real_y1": 117840,
                                    "r1": 491,
                                    "c1": 485,
                                    "l1": 0,
                                    "p1": 122,
                                    "id2": 838253,
                                    "x2": 116400,
                                    "y2": 117840,
                                    "real_x2": 116470,
                                    "real_y2": 117840,
                                    "r2": 491,
                                    "c2": 485,
                                    "l2": 2,
                                    "p2": -1,
                                    "via": 0
                                }
                            ]
                        }
                    ]
                }
            ]
        },
        {
            "id": 2,
            "feature": {
                "wire_width": 140,
                "wire_len": 7680,
                "wire_density": 0.05761316872427984,
                "congestion": 0.0
            },
            "net_num": 2,
            "nets": [
                {
                    "id": 41,
                    "wire_num": 2,
                    "wires": [
                        {
                            "id": 482,
                            "feature": {
                                "wire_len": 0
                            },
                            "path_num": 1,
                            "paths": [
                                {
                                    "id1": 838253,
                                    "x1": 116400,
                                    "y1": 117840,
                                    "real_x1": 116470,
                                    "real_y1": 117840,
                                    "r1": 491,
                                    "c1": 485,
                                    "l1": 2,
                                    "p1": -1,
                                    "id2": 838253,
                                    "x2": 116400,
                                    "y2": 117840,
                                    "real_x2": 116470,
                                    "real_y2": 117840,
                                    "r2": 491,
                                    "c2": 485,
                                    "l2": 2,
                                    "p2": -1
                                }
                            ]
                        },
                        {
                            "id": 489,
                            "feature": {
                                "wire_len": 4080
                            },
                            "path_num": 1,
                            "paths": [
                                {
                                    "id1": 838236,
                                    "x1": 112320,
                                    "y1": 117840,
                                    "real_x1": -1,
                                    "real_y1": -1,
                                    "r1": 491,
                                    "c1": 468,
                                    "l1": 2,
                                    "p1": -1,
                                    "id2": 838253,
                                    "x2": 116400,
                                    "y2": 117840,
                                    "real_x2": 116470,
                                    "real_y2": 117840,
                                    "r2": 491,
                                    "c2": 485,
                                    "l2": 2,
                                    "p2": -1
                                }
                            ]
                        }
                    ]
                },
                {
                    "id": 675,
                    "wire_num": 2,
                    "wires": [
                        {
                            "id": 6843,
                            "feature": {
                                "wire_len": 0
                            },
                            "path_num": 1,
                            "paths": [
                                {
                                    "id1": 839323,