{
    "id": 329,
    "patch_id_row": 10,
    "patch_id_col": 29,
    "llx": 125280,
    "lly": 43200,
    "urx": 128640,
    "ury": 47520,
    "row_min": 180,
    "row_max": 198,
    "col_min": 522,
    "col_max": 536,
    "cell_density": 0.4047619047619047,
    "pin_density": 16,
    "net_density": 0.018518518518518517,
    "macro_margin": 255180,
    "RUDY_congestion": 0.00023229314469147897,
    "EGR_congestion": -10.0,
    "timing": 0.0,
    "power": 3.557574885142321e-07,
    "IR_drop": 0.0,
    "sub_nets": [
        {
            "id": 198,
            "llx": 125280,
            "lly": 43200,
            "urx": 127442,
            "ury": 47520
        }
    ],
    "patch_layer": [
        {
            "id": 0,
            "feature": {
                "wire_width": 170,
                "wire_len": 0,
                "wire_density": 0.0,
                "congestion": 0.0
            },
            "net_num": 1,
            "nets": [
                {
                    "id": 198,
                    "wire_num": 1,
                    "wires": [
                        {
                            "id": 2280,
                            "feature": {
                                "wire_len": 0
                            },
                            "path_num": 1,
                            "paths": [
                                {
                                    "id1": 105586,
                                    "x1": 127200,
                                    "y1": 47040,
                                    "real_x1": 127410,
                                    "real_y1": 47135,
                                    "r1": 196,
                                    "c1": 530,
                                    "l1": 0,
                                    "p1": 580,
                                    "id2": 105586,
                                    "x2": 127200,
                                    "y2": 47040,
                                    "real_x2": 127410,
                                    "real_y2": 47135,
                                    "r2": 196,
                                    "c2": 530,
                                    "l2": 0,
                                    "p2": 580
                                }
                            ]
                        }
                    ]
                }
            ]
        },
        {
            "id": 1,
            "feature": {
                "wire_width": 0,
                "wire_len": 0,
                "wire_density": 0.0,
                "congestion": 0.0
            },
            "net_num": 1,
            "nets": [
                {
                    "id": 198,
                    "wire_num": 1,
                    "wires": [
                        {
                            "id": 2280,
                            "feature": {
                                "wire_len": 0
                            },
                            "path_num": 1,
                            "paths": [
                                {
                                    "id1": 105586,
                                    "x1": 127200,
                                    "y1": 47040,
                                    "real_x1": 127410,
                                    "real_y1": 47135,
                                    "r1": 196,
                                    "c1": 530,
                                    "l1": 0,
                                    "p1": 580,
                                    "id2": 680178,
                                    "x2": 127200,
                                    "y2": 47040,
                                    "real_x2": 127410,
                                    "real_y2": 47135,
                                    "r2": 196,
                                    "c2": 530,
                                    "l2": 2,
                                    "p2": -1,
                                    "via": 0
                                }
                            ]
                        }
                    ]
                }
            ]
        },
        {
            "id": 2,
            "feature": {
                "wire_width": 140,
                "wire_len": 1920,
                "wire_density": 0.018518518518518517,
                "congestion": -6.0
            },
            "net_num": 1,
            "nets": [
                {
                    "id": 198,
                    "wire_num": 2,
                    "wires": [
                        {
                            "id": 2280,
                            "feature": {
                                "wire_len": 0
                            },
                            "path_num": 1,
                            "paths": [
                                {
                                    "id1": 680178,
                                    "x1": 127200,
                                    "y1": 47040,
                                    "real_x1": 127410,
                                    "real_y1": 47135,
                                    "r1": 196,
                                    "c1": 530,
                                    "l1": 2,
                                    "p1": -1,
                                    "id2": 680178,
                                    "x2": 127200,
                                    "y2": 47040,
                                    "real_x2": 127410,
                                    "real_y2": 47135,
                                    "r2": 196,
                                    "c2": 530,
                                    "l2": 2,
                                    "p2": -1
                                }
                            ]
                        },
                        {
                            "id": 2282,
                            "feature": {
                                "wire_len": 1920
                            },
                            "path_num": 1,
                            "paths": [
                                {
                                    "id1": 680170,
                                    "x1": 125280,
                                    "y1": 47040,
                                    "real_x1": -1,
                                    "real_y1": -1,
                                    "r1": 196,
                                    "c1": 522,
                                    "l1": 2,
                                    "p1": -1,
                                    "id2": 680178,
                                    "x2": 127200,
                                    "y2": 47040,
                                    "real_x2": 127410,
                                    "real_y2": 47135,
                                    "r2": 196,
                                    "c2": 530,
                                    "l2": 2,
                                    "p2": -1
                                }
                            ]
                        }
                    ]
                }
            ]
        },
        {
            "id": 3,
            "feature": {
                "wire_width": 0,
                "wire_len": 0,
                "wire_density": 0.0,
                "congestion": 0.0
            },
            "net_num": 0,
            "nets": []
        },
        {
            "id": 4,
            "feature": {
                "wire_width": 140,
                "wire_len": 0,
                "wire_density": 0.0,
                "congestion": -4.0
            },
            "net_num": 0,
            "nets": []
        },
        {
            "id": 5,