{
    "id": 183,
    "patch_id_row": 6,
    "patch_id_col": 3,
    "llx": 12960,
    "lly": 25920,
    "urx": 17280,
    "ury": 30240,
    "row_min": 108,
    "row_max": 126,
    "col_min": 54,
    "col_max": 72,
    "cell_density": 0.12268518518518517,
    "pin_density": 6,
    "net_density": 0.08101851851851852,
    "macro_margin": 255180,
    "RUDY_congestion": 0.00028832459019514765,
    "EGR_congestion": -13.0,
    "timing": -0.395739,
    "power": 2.2602439877585417e-06,
    "IR_drop": 0.0,
    "sub_nets": [
        {
            "id": 458,
            "llx": 12960,
            "lly": 25920,
            "urx": 17280,
            "ury": 30240
        },
        {
            "id": 451,
            "llx": 12960,
            "lly": 28432,
            "urx": 16371,
            "ury": 30240
        }
    ],
    "patch_layer": [
        {
            "id": 0,
            "feature": {
                "wire_width": 170,
                "wire_len": 0,
                "wire_density": 0.0,
                "congestion": 0.0
            },
            "net_num": 0,
            "nets": []
        },
        {
            "id": 1,
            "feature": {
                "wire_width": 0,
                "wire_len": 0,
                "wire_density": 0.0,
                "congestion": 0.0
            },
            "net_num": 0,
            "nets": []
        },
        {
            "id": 2,
            "feature": {
                "wire_width": 140,
                "wire_len": 4080,
                "wire_density": 0.030606995884773662,
                "congestion": -8.0
            },
            "net_num": 1,
            "nets": [
                {
                    "id": 451,
                    "wire_num": 2,
                    "wires": [
                        {
                            "id": 4645,
                            "feature": {
                                "wire_len": 0
                            },
                            "path_num": 1,
                            "paths": [
                                {
                                    "id1": 636839,
                                    "x1": 17040,
                                    "y1": 27840,
                                    "real_x1": 17040,
                                    "real_y1": 28065,
                                    "r1": 116,
                                    "c1": 71,
                                    "l1": 2,
                                    "p1": -1,
                                    "id2": 636839,
                                    "x2": 17040,
                                    "y2": 27840,
                                    "real_x2": 17040,
                                    "real_y2": 28065,
                                    "r2": 116,
                                    "c2": 71,
                                    "l2": 2,
                                    "p2": -1
                                }
                            ]
                        },
                        {
                            "id": 4651,
                            "feature": {
                                "wire_len": 4080
                            },
                            "path_num": 1,
                            "paths": [
                                {
                                    "id1": 636822,
                                    "x1": 12960,
                                    "y1": 27840,
                                    "real_x1": -1,
                                    "real_y1": -1,
                                    "r1": 116,
                                    "c1": 54,
                                    "l1": 2,
                                    "p1": -1,
                                    "id2": 636839,
                                    "x2": 17040,
                                    "y2": 27840,
                                    "real_x2": 17040,
                                    "real_y2": 28065,
                                    "r2": 116,
                                    "c2": 71,
                                    "l2": 2,
                                    "p2": -1
                                }
                            ]
                        }
                    ]
                }
            ]
        },
        {
            "id": 3,
            "feature": {
                "wire_width": 0,
                "wire_len": 0,
                "wire_density": 0.0,
                "congestion": 0.0
            },
            "net_num": 1,
            "nets": [
                {
                    "id": 451,
                    "wire_num": 1,
                    "wires": [
                        {
                            "id": 4645,
                            "feature": {
                                "wire_len": 0
                            },
                            "path_num": 1,
                            "paths": [
                                {
                                    "id1": 636839,
                                    "x1": 17040,
                                    "y1": 27840,
                                    "real_x1": 17040,
                                    "real_y1": 28065,
                                    "r1": 116,
                                    "c1": 71,
                                    "l1": 2,
                                    "p1": -1,
                                    "id2": 1211431,
                                    "x2": 17040,
                                    "y2": 27840,
                                    "real_x2": 17040,
                                    "real_y2": 28065,
                                    "r2": 116,
                                    "c2": 71,
                                    "l2": 4,
                                    "p2": -1,
                                    "via": 5
                                }
                            ]
                        }
                    ]
                }
            ]
        },
        {
            "id": 4,
            "feature": {
                "wire_width": 140,
                "wire_len": 6720,
                "wire_density": 0.050411522633744855,
                "congestion": -5.0
            },
            "net_num": 2,
            "nets": [
                {
                    "id": 451,
                    "wire_num": 2,
                    "wires": [
                        {
                            "id": 4645,
                            "feature": {
                                "wire_len": 0
                            },
                            "path_num": 1,
                            "paths": [
                                {
                                    "id1": 1211431,
                                    "x1": 17040,
                                    "y1": 27840,
                                    "real_x1": 17040,
                                    "real_y1": 28065,
                                    "r1": 116,
                                    "c1": 71,
                                    "l1": 4,
                                    "p1": -1,
                                    "id2": 1211431,
                                    "x2": 17040,
                                    "y2": 27840,
                                    "real_x2": 17040,
                                    "real_y2": 28065,
                                    "r2": 116,
                                    "c2": 71,
                                    "l2": 4,