{
    "id": 84,
    "patch_id_row": 2,
    "patch_id_col": 24,
    "llx": 103680,
    "lly": 8640,
    "urx": 108000,
    "ury": 12960,
    "row_min": 36,
    "row_max": 54,
    "col_min": 432,
    "col_max": 450,
    "cell_density": 0.20833333333333334,
    "pin_density": 1,
    "net_density": 0.08281893004115227,
    "macro_margin": 255180,
    "RUDY_congestion": 0.0001628480728122537,
    "EGR_congestion": -10.0,
    "timing": 0.0,
    "power": 0.0,
    "IR_drop": 0.0,
    "sub_nets": [
        {
            "id": 568,
            "llx": 103680,
            "lly": 8640,
            "urx": 107725,
            "ury": 12960
        },
        {
            "id": 614,
            "llx": 106003,
            "lly": 8640,
            "urx": 108000,
            "ury": 8199
        }
    ],
    "patch_layer": [
        {
            "id": 0,
            "feature": {
                "wire_width": 170,
                "wire_len": 0,
                "wire_density": 0.0,
                "congestion": 0.0
            },
            "net_num": 1,
            "nets": [
                {
                    "id": 614,
                    "wire_num": 1,
                    "wires": [
                        {
                            "id": 6237,
                            "feature": {
                                "wire_len": 0
                            },
                            "path_num": 1,
                            "paths": [
                                {
                                    "id1": 20274,
                                    "x1": 106080,
                                    "y1": 8880,
                                    "real_x1": 106260,
                                    "real_y1": 8945,
                                    "r1": 37,
                                    "c1": 442,
                                    "l1": 0,
                                    "p1": 1609,
                                    "id2": 20274,
                                    "x2": 106080,
                                    "y2": 8880,
                                    "real_x2": 106260,
                                    "real_y2": 8945,
                                    "r2": 37,
                                    "c2": 442,
                                    "l2": 0,
                                    "p2": 1609
                                }
                            ]
                        }
                    ]
                }
            ]
        },
        {
            "id": 1,
            "feature": {
                "wire_width": 0,
                "wire_len": 0,
                "wire_density": 0.0,
                "congestion": 0.0
            },
            "net_num": 1,
            "nets": [
                {
                    "id": 614,
                    "wire_num": 1,
                    "wires": [
                        {
                            "id": 6237,
                            "feature": {
                                "wire_len": 0
                            },
                            "path_num": 1,
                            "paths": [
                                {
                                    "id1": 20274,
                                    "x1": 106080,
                                    "y1": 8880,
                                    "real_x1": 106260,
                                    "real_y1": 8945,
                                    "r1": 37,
                                    "c1": 442,
                                    "l1": 0,
                                    "p1": 1609,
                                    "id2": 594866,
                                    "x2": 106080,
                                    "y2": 8880,
                                    "real_x2": 106260,
                                    "real_y2": 8945,
                                    "r2": 37,
                                    "c2": 442,
                                    "l2": 2,
                                    "p2": -1,
                                    "via": 0
                                }
                            ]
                        }
                    ]
                }
            ]
        },
        {
            "id": 2,
            "feature": {
                "wire_width": 140,
                "wire_len": 1680,
                "wire_density": 0.012602880658436214,
                "congestion": -8.0
            },
            "net_num": 1,
            "nets": [
                {
                    "id": 614,
                    "wire_num": 3,
                    "wires": [
                        {
                            "id": 6235,
                            "feature": {
                                "wire_len": 1680
                            },
                            "path_num": 1,
                            "paths": [
                                {
                                    "id1": 594866,
                                    "x1": 106080,
                                    "y1": 8880,
                                    "real_x1": 106260,
                                    "real_y1": 8945,
                                    "r1": 37,
                                    "c1": 442,
                                    "l1": 2,
                                    "p1": -1,
                                    "id2": 594873,
                                    "x2": 107760,
                                    "y2": 8880,
                                    "real_x2": 107760,
                                    "real_y2": 8945,
                                    "r2": 37,
                                    "c2": 449,
                                    "l2": 2,
                                    "p2": -1
                                }
                            ]
                        },
                        {
                            "id": 6237,
                            "feature": {
                                "wire_len": 0
                            },
                            "path_num": 1,
                            "paths": [
                                {
                                    "id1": 594866,
                                    "x1": 106080,
                                    "y1": 8880,
                                    "real_x1": 106260,
                                    "real_y1": 8945,
                                    "r1": 37,
                                    "c1": 442,
                                    "l1": 2,
                                    "p1": -1,
                                    "id2": 594866,
                                    "x2": 106080,
                                    "y2": 8880,
                                    "real_x2": 106260,
                                    "real_y2": 8945,
                                    "r2": 37,
                                    "c2": 442,
                                    "l2": 2,
                                    "p2": -1
                                }
                            ]
                        },
                        {
                            "id": 6238,
                            "feature": {
                                "wire_len": 0
                            },
                            "path_num": 1,
                            "paths": [
                                {
                                    "id1": 594873,
                                    "x1": 107760,
                                    "y1": 8880,
                                    "real_x1": 107760,
                                    "real_y1": 8945,