{
    "id": 358,
    "patch_id_row": 11,
    "patch_id_col": 28,
    "llx": 120960,
    "lly": 47520,
    "urx": 125280,
    "ury": 51840,
    "row_min": 198,
    "row_max": 216,
    "col_min": 504,
    "col_max": 522,
    "cell_density": 0.0,
    "pin_density": 1,
    "net_density": 0.10622427983539094,
    "macro_margin": 255180,
    "RUDY_congestion": 0.000314169044121722,
    "EGR_congestion": -6.0,
    "timing": 0.0,
    "power": 0.0,
    "IR_drop": 0.0,
    "sub_nets": [
        {
            "id": 380,
            "llx": 120960,
            "lly": 47520,
            "urx": 122642,
            "ury": 51840
        },
        {
            "id": 379,
            "llx": 120960,
            "lly": 47520,
            "urx": 123602,
            "ury": 51840
        },
        {
            "id": 46,
            "llx": 120960,
            "lly": 47520,
            "urx": 123606,
            "ury": 51565
        }
    ],
    "patch_layer": [
        {
            "id": 0,
            "feature": {
                "wire_width": 170,
                "wire_len": 0,
                "wire_density": 0.0,
                "congestion": 0.0
            },
            "net_num": 1,
            "nets": [
                {
                    "id": 46,
                    "wire_num": 1,
                    "wires": [
                        {
                            "id": 610,
                            "feature": {
                                "wire_len": 0
                            },
                            "path_num": 1,
                            "paths": [
                                {
                                    "id1": 109323,
                                    "x1": 123600,
                                    "y1": 48720,
                                    "real_x1": 123670,
                                    "real_y1": 48720,
                                    "r1": 203,
                                    "c1": 515,
                                    "l1": 0,
                                    "p1": 147,
                                    "id2": 109323,
                                    "x2": 123600,
                                    "y2": 48720,
                                    "real_x2": 123670,
                                    "real_y2": 48720,
                                    "r2": 203,
                                    "c2": 515,
                                    "l2": 0,
                                    "p2": 147
                                }
                            ]
                        }
                    ]
                }
            ]
        },
        {
            "id": 1,
            "feature": {
                "wire_width": 0,
                "wire_len": 0,
                "wire_density": 0.0,
                "congestion": 0.0
            },
            "net_num": 1,
            "nets": [
                {
                    "id": 46,
                    "wire_num": 1,
                    "wires": [
                        {
                            "id": 610,
                            "feature": {
                                "wire_len": 0
                            },
                            "path_num": 1,
                            "paths": [
                                {
                                    "id1": 109323,
                                    "x1": 123600,
                                    "y1": 48720,
                                    "real_x1": 123670,
                                    "real_y1": 48720,
                                    "r1": 203,
                                    "c1": 515,
                                    "l1": 0,
                                    "p1": 147,
                                    "id2": 683915,
                                    "x2": 123600,
                                    "y2": 48720,
                                    "real_x2": 123670,
                                    "real_y2": 48720,
                                    "r2": 203,
                                    "c2": 515,
                                    "l2": 2,
                                    "p2": -1,
                                    "via": 0
                                }
                            ]
                        }
                    ]
                }
            ]
        },
        {
            "id": 2,
            "feature": {
                "wire_width": 140,
                "wire_len": 5520,
                "wire_density": 0.04140946502057613,
                "congestion": -1.0
            },
            "net_num": 1,
            "nets": [
                {
                    "id": 46,
                    "wire_num": 2,
                    "wires": [
                        {
                            "id": 610,
                            "feature": {
                                "wire_len": 0
                            },
                            "path_num": 1,
                            "paths": [
                                {
                                    "id1": 683915,
                                    "x1": 123600,
                                    "y1": 48720,
                                    "real_x1": 123670,
                                    "real_y1": 48720,
                                    "r1": 203,
                                    "c1": 515,
                                    "l1": 2,
                                    "p1": -1,
                                    "id2": 683915,
                                    "x2": 123600,
                                    "y2": 48720,
                                    "real_x2": 123670,
                                    "real_y2": 48720,
                                    "r2": 203,
                                    "c2": 515,
                                    "l2": 2,
                                    "p2": -1
                                }
                            ]
                        },
                        {
                            "id": 612,
                            "feature": {
                                "wire_len": 3600
                            },
                            "path_num": 3,
                            "paths": [
                                {
                                    "id1": 681760,
                                    "x1": 120960,
                                    "y1": 47760,
                                    "real_x1": -1,
                                    "real_y1": -1,
                                    "r1": 199,
                                    "c1": 504,
                                    "l1": 2,
                                    "p1": -1,
                                    "id2": 681762,
                                    "x2": 121440,
                                    "y2": 47760,
                                    "real_x2": 121440,
                                    "real_y2": 47760,
                                    "r2": 199,
                                    "c2": 506,
                                    "l2": 2,
                                    "p2": -1
                                },
                                {
                                    "id1": 681762,
                                    "x1": 121440,
                                    "y1": 47760,
                                    "real_x1": 121440,
                                    "real_y1": 47760,
                                    "r1": 199,
                                    "c1": 506,
                                    "l1": 2,