{
    "id": 186,
    "patch_id_row": 6,
    "patch_id_col": 6,
    "llx": 25920,
    "lly": 25920,
    "urx": 30240,
    "ury": 30240,
    "row_min": 108,
    "row_max": 126,
    "col_min": 108,
    "col_max": 126,
    "cell_density": 0.08564814814814815,
    "pin_density": 5,
    "net_density": 0.04681069958847736,
    "macro_margin": 255180,
    "RUDY_congestion": 0.0,
    "EGR_congestion": -3.0,
    "timing": 0.0,
    "power": 0.0,
    "IR_drop": 0.0,
    "sub_nets": [
        {
            "id": 241,
            "llx": 25920,
            "lly": 25920,
            "urx": 30240,
            "ury": 30240
        },
        {
            "id": 60,
            "llx": 25920,
            "lly": 25920,
            "urx": 30240,
            "ury": 30240
        }
    ],
    "patch_layer": [
        {
            "id": 0,
            "feature": {
                "wire_width": 170,
                "wire_len": 0,
                "wire_density": 0.0,
                "congestion": 0.0
            },
            "net_num": 1,
            "nets": [
                {
                    "id": 60,
                    "wire_num": 1,
                    "wires": [
                        {
                            "id": 974,
                            "feature": {
                                "wire_len": 0
                            },
                            "path_num": 1,
                            "paths": [
                                {
                                    "id1": 58006,
                                    "x1": 28320,
                                    "y1": 25920,
                                    "real_x1": 28535,
                                    "real_y1": 26125,
                                    "r1": 108,
                                    "c1": 118,
                                    "l1": 0,
                                    "p1": 226,
                                    "id2": 58006,
                                    "x2": 28320,
                                    "y2": 25920,
                                    "real_x2": 28535,
                                    "real_y2": 26125,
                                    "r2": 108,
                                    "c2": 118,
                                    "l2": 0,
                                    "p2": 226
                                }
                            ]
                        }
                    ]
                }
            ]
        },
        {
            "id": 1,
            "feature": {
                "wire_width": 0,
                "wire_len": 0,
                "wire_density": 0.0,
                "congestion": 0.0
            },
            "net_num": 1,
            "nets": [
                {
                    "id": 60,
                    "wire_num": 1,
                    "wires": [
                        {
                            "id": 974,
                            "feature": {
                                "wire_len": 0
                            },
                            "path_num": 1,
                            "paths": [
                                {
                                    "id1": 58006,
                                    "x1": 28320,
                                    "y1": 25920,
                                    "real_x1": 28535,
                                    "real_y1": 26125,
                                    "r1": 108,
                                    "c1": 118,
                                    "l1": 0,
                                    "p1": 226,
                                    "id2": 632598,
                                    "x2": 28320,
                                    "y2": 25920,
                                    "real_x2": 28535,
                                    "real_y2": 26125,
                                    "r2": 108,
                                    "c2": 118,
                                    "l2": 2,
                                    "p2": -1,
                                    "via": 0
                                }
                            ]
                        }
                    ]
                }
            ]
        },
        {
            "id": 2,
            "feature": {
                "wire_width": 140,
                "wire_len": 1920,
                "wire_density": 0.01440329218106996,
                "congestion": -1.0
            },
            "net_num": 1,
            "nets": [
                {
                    "id": 60,
                    "wire_num": 2,
                    "wires": [
                        {
                            "id": 974,
                            "feature": {
                                "wire_len": 0
                            },
                            "path_num": 1,
                            "paths": [
                                {
                                    "id1": 632598,
                                    "x1": 28320,
                                    "y1": 25920,
                                    "real_x1": 28535,
                                    "real_y1": 26125,
                                    "r1": 108,
                                    "c1": 118,
                                    "l1": 2,
                                    "p1": -1,
                                    "id2": 632598,
                                    "x2": 28320,
                                    "y2": 25920,
                                    "real_x2": 28535,
                                    "real_y2": 26125,
                                    "r2": 108,
                                    "c2": 118,
                                    "l2": 2,
                                    "p2": -1
                                }
                            ]
                        },
                        {
                            "id": 992,
                            "feature": {
                                "wire_len": 1920
                            },
                            "path_num": 1,
                            "paths": [
                                {
                                    "id1": 632598,
                                    "x1": 28320,
                                    "y1": 25920,
                                    "real_x1": 28535,
                                    "real_y1": 26125,
                                    "r1": 108,
                                    "c1": 118,
                                    "l1": 2,
                                    "p1": -1,
                                    "id2": 632606,
                                    "x2": 30240,
                                    "y2": 25920,
                                    "real_x2": -1,
                                    "real_y2": -1,
                                    "r2": 108,
                                    "c2": 126,
                                    "l2": 2,
                                    "p2": -1
                                }
                            ]
                        }
                    ]
                }
            ]
        },
        {
            "id": 3,
            "feature": {
                "wire_width": 0,
                "wire_len": 0,
                "wire_density": 0.0,
                "congestion": 0.0
            },
            "net_num": 0,
            "nets": []
        },
        {
            "id": 4,
            "feature": {
                "wire_width": 140,
                "wire_len": 4320,
                "wire_density": 0.032407407407407406,
                "congestion": -2.0
            },
            "net_num": 1,