{
    "id": 52,
    "patch_id_row": 1,
    "patch_id_col": 22,
    "llx": 95040,
    "lly": 4320,
    "urx": 99360,
    "ury": 8640,
    "row_min": 18,
    "row_max": 36,
    "col_min": 396,
    "col_max": 414,
    "cell_density": 0.12037037037037036,
    "pin_density": 4,
    "net_density": 0.24074074074074076,
    "macro_margin": 255180,
    "RUDY_congestion": 0.00039199971617382903,
    "EGR_congestion": -3.0,
    "timing": -0.249454,
    "power": 1.0613915269030808e-06,
    "IR_drop": 0.0,
    "sub_nets": [
        {
            "id": 213,
            "llx": 101280,
            "lly": 4868,
            "urx": 99360,
            "ury": 8640
        },
        {
            "id": 631,
            "llx": 95040,
            "lly": 4320,
            "urx": 99360,
            "ury": 4945
        },
        {
            "id": 251,
            "llx": 95040,
            "lly": 15667,
            "urx": 99360,
            "ury": 8640
        },
        {
            "id": 613,
            "llx": 95712,
            "lly": 4903,
            "urx": 99360,
            "ury": 4945
        }
    ],
    "patch_layer": [
        {
            "id": 0,
            "feature": {
                "wire_width": 170,
                "wire_len": 0,
                "wire_density": 0.0,
                "congestion": 1.0
            },
            "net_num": 1,
            "nets": [
                {
                    "id": 613,
                    "wire_num": 1,
                    "wires": [
                        {
                            "id": 6232,
                            "feature": {
                                "wire_len": 0
                            },
                            "path_num": 1,
                            "paths": [
                                {
                                    "id1": 12724,
                                    "x1": 95040,
                                    "y1": 5520,
                                    "real_x1": 95245,
                                    "real_y1": 5520,
                                    "r1": 23,
                                    "c1": 396,
                                    "l1": 0,
                                    "p1": 1607,
                                    "id2": 12724,
                                    "x2": 95040,
                                    "y2": 5520,
                                    "real_x2": 95245,
                                    "real_y2": 5520,
                                    "r2": 23,
                                    "c2": 396,
                                    "l2": 0,
                                    "p2": 1607
                                }
                            ]
                        }
                    ]
                }
            ]
        },
        {
            "id": 1,
            "feature": {
                "wire_width": 0,
                "wire_len": 0,
                "wire_density": 0.0,
                "congestion": 0.0
            },
            "net_num": 1,
            "nets": [
                {
                    "id": 613,
                    "wire_num": 1,
                    "wires": [
                        {
                            "id": 6232,
                            "feature": {
                                "wire_len": 0
                            },
                            "path_num": 1,
                            "paths": [
                                {
                                    "id1": 12724,
                                    "x1": 95040,
                                    "y1": 5520,
                                    "real_x1": 95245,
                                    "real_y1": 5520,
                                    "r1": 23,
                                    "c1": 396,
                                    "l1": 0,
                                    "p1": 1607,
                                    "id2": 587316,
                                    "x2": 95040,
                                    "y2": 5520,
                                    "real_x2": 95245,
                                    "real_y2": 5520,
                                    "r2": 23,
                                    "c2": 396,
                                    "l2": 2,
                                    "p2": -1,
                                    "via": 0
                                }
                            ]
                        }
                    ]
                }
            ]
        },
        {
            "id": 2,
            "feature": {
                "wire_width": 140,
                "wire_len": 4320,
                "wire_density": 0.032407407407407406,
                "congestion": 1.0
            },
            "net_num": 1,
            "nets": [
                {
                    "id": 613,
                    "wire_num": 2,
                    "wires": [
                        {
                            "id": 6232,
                            "feature": {
                                "wire_len": 0
                            },
                            "path_num": 1,
                            "paths": [
                                {
                                    "id1": 587316,
                                    "x1": 95040,
                                    "y1": 5520,
                                    "real_x1": 95245,
                                    "real_y1": 5520,
                                    "r1": 23,
                                    "c1": 396,
                                    "l1": 2,
                                    "p1": -1,
                                    "id2": 587316,
                                    "x2": 95040,
                                    "y2": 5520,
                                    "real_x2": 95245,
                                    "real_y2": 5520,
                                    "r2": 23,
                                    "c2": 396,
                                    "l2": 2,
                                    "p2": -1
                                }
                            ]
                        },
                        {
                            "id": 6234,
                            "feature": {
                                "wire_len": 4320
                            },
                            "path_num": 1,
                            "paths": [
                                {
                                    "id1": 587316,
                                    "x1": 95040,
                                    "y1": 5520,
                                    "real_x1": 95245,
                                    "real_y1": 5520,
                                    "r1": 23,
                                    "c1": 396,
                                    "l1": 2,
                                    "p1": -1,
                                    "id2": 587334,
                                    "x2": 99360,
                                    "y2": 5520,
                                    "real_x2": -1,
                                    "real_y2": -1,
                                    "r2": 23,
                                    "c2": 414,
                                    "l2": 2,
                                    "p2": -1
                                }
                            ]
                        }
                    ]
                }
            ]
        },
        {
            "id": 3,
            "feature": {
                "wire_width": 0,
                "wire_len": 0,
                "wire_density": 0.0,