{
    "id": 615,
    "patch_id_row": 20,
    "patch_id_col": 15,
    "llx": 64800,
    "lly": 86400,
    "urx": 69120,
    "ury": 90720,
    "row_min": 360,
    "row_max": 378,
    "col_min": 270,
    "col_max": 288,
    "cell_density": 0.38657407407407407,
    "pin_density": 7,
    "net_density": 0.17283950617283952,
    "macro_margin": 255180,
    "RUDY_congestion": 0.0003282969103522703,
    "EGR_congestion": -4.0,
    "timing": -0.593912,
    "power": 2.9600635558065917e-06,
    "IR_drop": 0.0,
    "sub_nets": [
        {
            "id": 66,
            "llx": 64800,
            "lly": 86400,
            "urx": 65797,
            "ury": 90720
        },
        {
            "id": 185,
            "llx": 64800,
            "lly": 88484,
            "urx": 68830,
            "ury": 88788
        },
        {
            "id": 179,
            "llx": 64800,
            "lly": 86400,
            "urx": 68300,
            "ury": 88455
        }
    ],
    "patch_layer": [
        {
            "id": 0,
            "feature": {
                "wire_width": 170,
                "wire_len": 0,
                "wire_density": 0.0,
                "congestion": 1.0
            },
            "net_num": 2,
            "nets": [
                {
                    "id": 179,
                    "wire_num": 1,
                    "wires": [
                        {
                            "id": 2153,
                            "feature": {
                                "wire_len": 0
                            },
                            "path_num": 1,
                            "paths": [
                                {
                                    "id1": 198068,
                                    "x1": 68160,
                                    "y1": 88560,
                                    "real_x1": 68300,
                                    "real_y1": 88560,
                                    "r1": 369,
                                    "c1": 284,
                                    "l1": 0,
                                    "p1": 543,
                                    "id2": 198068,
                                    "x2": 68160,
                                    "y2": 88560,
                                    "real_x2": 68300,
                                    "real_y2": 88560,
                                    "r2": 369,
                                    "c2": 284,
                                    "l2": 0,
                                    "p2": 543
                                }
                            ]
                        }
                    ]
                },
                {
                    "id": 185,
                    "wire_num": 1,
                    "wires": [
                        {
                            "id": 2194,
                            "feature": {
                                "wire_len": 0
                            },
                            "path_num": 1,
                            "paths": [
                                {
                                    "id1": 199142,
                                    "x1": 68640,
                                    "y1": 89040,
                                    "real_x1": 68825,
                                    "real_y1": 89040,
                                    "r1": 371,
                                    "c1": 286,
                                    "l1": 0,
                                    "p1": 555,
                                    "id2": 199142,
                                    "x2": 68640,
                                    "y2": 89040,
                                    "real_x2": 68825,
                                    "real_y2": 89040,
                                    "r2": 371,
                                    "c2": 286,
                                    "l2": 0,
                                    "p2": 555
                                }
                            ]
                        }
                    ]
                }
            ]
        },
        {
            "id": 1,
            "feature": {
                "wire_width": 0,
                "wire_len": 0,
                "wire_density": 0.0,
                "congestion": 0.0
            },
            "net_num": 2,
            "nets": [
                {
                    "id": 179,
                    "wire_num": 1,
                    "wires": [
                        {
                            "id": 2153,
                            "feature": {
                                "wire_len": 0
                            },
                            "path_num": 1,
                            "paths": [
                                {
                                    "id1": 198068,
                                    "x1": 68160,
                                    "y1": 88560,
                                    "real_x1": 68300,
                                    "real_y1": 88560,
                                    "r1": 369,
                                    "c1": 284,
                                    "l1": 0,
                                    "p1": 543,
                                    "id2": 772660,
                                    "x2": 68160,
                                    "y2": 88560,
                                    "real_x2": 68300,
                                    "real_y2": 88560,
                                    "r2": 369,
                                    "c2": 284,
                                    "l2": 2,
                                    "p2": -1,
                                    "via": 0
                                }
                            ]
                        }
                    ]
                },
                {
                    "id": 185,
                    "wire_num": 1,
                    "wires": [
                        {
                            "id": 2194,
                            "feature": {
                                "wire_len": 0
                            },
                            "path_num": 1,
                            "paths": [
                                {
                                    "id1": 199142,
                                    "x1": 68640,
                                    "y1": 89040,
                                    "real_x1": 68825,
                                    "real_y1": 89040,
                                    "r1": 371,
                                    "c1": 286,
                                    "l1": 0,
                                    "p1": 555,
                                    "id2": 773734,
                                    "x2": 68640,
                                    "y2": 89040,
                                    "real_x2": 68825,
                                    "real_y2": 89040,
                                    "r2": 371,
                                    "c2": 286,
                                    "l2": 2,
                                    "p2": -1,
                                    "via": 0
                                }
                            ]
                        }
                    ]
                }
            ]
        },
        {
            "id": 2,
            "feature": {
                "wire_width": 140,
                "wire_len": 18720,
                "wire_density": 0.1404320987654321,
                "congestion": -3.0
            },
            "net_num": 2,
            "nets": [
                {
                    "id": 179,
                    "wire_num": 2,