{
    "id": 88,
    "patch_id_row": 2,
    "patch_id_col": 28,
    "llx": 120960,
    "lly": 8640,
    "urx": 125280,
    "ury": 12960,
    "row_min": 36,
    "row_max": 54,
    "col_min": 504,
    "col_max": 522,
    "cell_density": 0.1388888888888889,
    "pin_density": 2,
    "net_density": 0.0684156378600823,
    "macro_margin": 255180,
    "RUDY_congestion": 0.0001432625438496368,
    "EGR_congestion": -13.0,
    "timing": 0.0,
    "power": 0.0,
    "IR_drop": 0.0,
    "sub_nets": [
        {
            "id": 379,
            "llx": 120960,
            "lly": 8640,
            "urx": 123602,
            "ury": 12960
        },
        {
            "id": 380,
            "llx": 120960,
            "lly": 8640,
            "urx": 122642,
            "ury": 12960
        }
    ],
    "patch_layer": [
        {
            "id": 0,
            "feature": {
                "wire_width": 170,
                "wire_len": 0,
                "wire_density": 0.0,
                "congestion": 1.0
            },
            "net_num": 1,
            "nets": [
                {
                    "id": 380,
                    "wire_num": 1,
                    "wires": [
                        {
                            "id": 4072,
                            "feature": {
                                "wire_len": 0
                            },
                            "path_num": 1,
                            "paths": [
                                {
                                    "id1": 20342,
                                    "x1": 122400,
                                    "y1": 8880,
                                    "real_x1": 122610,
                                    "real_y1": 8945,
                                    "r1": 37,
                                    "c1": 510,
                                    "l1": 0,
                                    "p1": 1008,
                                    "id2": 20342,
                                    "x2": 122400,
                                    "y2": 8880,
                                    "real_x2": 122610,
                                    "real_y2": 8945,
                                    "r2": 37,
                                    "c2": 510,
                                    "l2": 0,
                                    "p2": 1008
                                }
                            ]
                        }
                    ]
                }
            ]
        },
        {
            "id": 1,
            "feature": {
                "wire_width": 0,
                "wire_len": 0,
                "wire_density": 0.0,
                "congestion": 0.0
            },
            "net_num": 1,
            "nets": [
                {
                    "id": 380,
                    "wire_num": 1,
                    "wires": [
                        {
                            "id": 4072,
                            "feature": {
                                "wire_len": 0
                            },
                            "path_num": 1,
                            "paths": [
                                {
                                    "id1": 20342,
                                    "x1": 122400,
                                    "y1": 8880,
                                    "real_x1": 122610,
                                    "real_y1": 8945,
                                    "r1": 37,
                                    "c1": 510,
                                    "l1": 0,
                                    "p1": 1008,
                                    "id2": 594934,
                                    "x2": 122400,
                                    "y2": 8880,
                                    "real_x2": 122610,
                                    "real_y2": 8945,
                                    "r2": 37,
                                    "c2": 510,
                                    "l2": 2,
                                    "p2": -1,
                                    "via": 0
                                }
                            ]
                        }
                    ]
                }
            ]
        },
        {
            "id": 2,
            "feature": {
                "wire_width": 140,
                "wire_len": 720,
                "wire_density": 0.005401234567901234,
                "congestion": -6.0
            },
            "net_num": 1,
            "nets": [
                {
                    "id": 380,
                    "wire_num": 3,
                    "wires": [
                        {
                            "id": 4071,
                            "feature": {
                                "wire_len": 0
                            },
                            "path_num": 1,
                            "paths": [
                                {
                                    "id1": 594931,
                                    "x1": 121680,
                                    "y1": 8880,
                                    "real_x1": 121680,
                                    "real_y1": 8945,
                                    "r1": 37,
                                    "c1": 507,
                                    "l1": 2,
                                    "p1": -1,
                                    "id2": 594931,
                                    "x2": 121680,
                                    "y2": 8880,
                                    "real_x2": 121680,
                                    "real_y2": 8945,
                                    "r2": 37,
                                    "c2": 507,
                                    "l2": 2,
                                    "p2": -1
                                }
                            ]
                        },
                        {
                            "id": 4072,
                            "feature": {
                                "wire_len": 0
                            },
                            "path_num": 1,
                            "paths": [
                                {
                                    "id1": 594934,
                                    "x1": 122400,
                                    "y1": 8880,
                                    "real_x1": 122610,
                                    "real_y1": 8945,
                                    "r1": 37,
                                    "c1": 510,
                                    "l1": 2,
                                    "p1": -1,
                                    "id2": 594934,
                                    "x2": 122400,
                                    "y2": 8880,
                                    "real_x2": 122610,
                                    "real_y2": 8945,
                                    "r2": 37,
                                    "c2": 510,
                                    "l2": 2,
                                    "p2": -1
                                }
                            ]
                        },
                        {
                            "id": 4073,
                            "feature": {
                                "wire_len": 720
                            },
                            "path_num": 1,
                            "paths": [
                                {
                                    "id1": 594931,
                                    "x1": 121680,
                                    "y1": 8880,
                                    "real_x1": 121680,
                                    "real_y1": 8945,