{
    "id": 869,
    "patch_id_row": 28,
    "patch_id_col": 29,
    "llx": 125280,
    "lly": 120960,
    "urx": 128640,
    "ury": 125280,
    "row_min": 504,
    "row_max": 522,
    "col_min": 522,
    "col_max": 536,
    "cell_density": 0.851190476190476,
    "pin_density": 21,
    "net_density": 0.013888888888888888,
    "macro_margin": 255180,
    "RUDY_congestion": 0.00013716961905912455,
    "EGR_congestion": -11.0,
    "timing": 0.0,
    "power": 0.0,
    "IR_drop": 0.0,
    "sub_nets": [
        {
            "id": 431,
            "llx": 125317,
            "lly": 120960,
            "urx": 126471,
            "ury": 121595
        },
        {
            "id": 415,
            "llx": 125280,
            "lly": 121328,
            "urx": 126482,
            "ury": 121672
        }
    ],
    "patch_layer": [
        {
            "id": 0,
            "feature": {
                "wire_width": 170,
                "wire_len": 0,
                "wire_density": 0.0,
                "congestion": 0.0
            },
            "net_num": 2,
            "nets": [
                {
                    "id": 415,
                    "wire_num": 1,
                    "wires": [
                        {
                            "id": 4362,
                            "feature": {
                                "wire_len": 0
                            },
                            "path_num": 1,
                            "paths": [
                                {
                                    "id1": 273350,
                                    "x1": 126240,
                                    "y1": 122160,
                                    "real_x1": 126450,
                                    "real_y1": 122165,
                                    "r1": 509,
                                    "c1": 526,
                                    "l1": 0,
                                    "p1": 1093,
                                    "id2": 273350,
                                    "x2": 126240,
                                    "y2": 122160,
                                    "real_x2": 126450,
                                    "real_y2": 122165,
                                    "r2": 509,
                                    "c2": 526,
                                    "l2": 0,
                                    "p2": 1093
                                }
                            ]
                        }
                    ]
                },
                {
                    "id": 431,
                    "wire_num": 1,
                    "wires": [
                        {
                            "id": 4464,
                            "feature": {
                                "wire_len": 0
                            },
                            "path_num": 1,
                            "paths": [
                                {
                                    "id1": 271739,
                                    "x1": 125520,
                                    "y1": 121440,
                                    "real_x1": 125520,
                                    "real_y1": 121675,
                                    "r1": 506,
                                    "c1": 523,
                                    "l1": 0,
                                    "p1": 1126,
                                    "id2": 271739,
                                    "x2": 125520,
                                    "y2": 121440,
                                    "real_x2": 125520,
                                    "real_y2": 121675,
                                    "r2": 506,
                                    "c2": 523,
                                    "l2": 0,
                                    "p2": 1126
                                }
                            ]
                        }
                    ]
                }
            ]
        },
        {
            "id": 1,
            "feature": {
                "wire_width": 0,
                "wire_len": 0,
                "wire_density": 0.0,
                "congestion": 0.0
            },
            "net_num": 2,
            "nets": [
                {
                    "id": 415,
                    "wire_num": 1,
                    "wires": [
                        {
                            "id": 4362,
                            "feature": {
                                "wire_len": 0
                            },
                            "path_num": 1,
                            "paths": [
                                {
                                    "id1": 273350,
                                    "x1": 126240,
                                    "y1": 122160,
                                    "real_x1": 126450,
                                    "real_y1": 122165,
                                    "r1": 509,
                                    "c1": 526,
                                    "l1": 0,
                                    "p1": 1093,
                                    "id2": 847942,
                                    "x2": 126240,
                                    "y2": 122160,
                                    "real_x2": 126450,
                                    "real_y2": 122165,
                                    "r2": 509,
                                    "c2": 526,
                                    "l2": 2,
                                    "p2": -1,
                                    "via": 0
                                }
                            ]
                        }
                    ]
                },
                {
                    "id": 431,
                    "wire_num": 1,
                    "wires": [
                        {
                            "id": 4464,
                            "feature": {
                                "wire_len": 0
                            },
                            "path_num": 1,
                            "paths": [
                                {
                                    "id1": 271739,
                                    "x1": 125520,
                                    "y1": 121440,
                                    "real_x1": 125520,
                                    "real_y1": 121675,
                                    "r1": 506,
                                    "c1": 523,
                                    "l1": 0,
                                    "p1": 1126,
                                    "id2": 846331,
                                    "x2": 125520,
                                    "y2": 121440,
                                    "real_x2": 125520,
                                    "real_y2": 121675,
                                    "r2": 506,
                                    "c2": 523,
                                    "l2": 2,
                                    "p2": -1,
                                    "via": 0
                                }
                            ]
                        }
                    ]
                }
            ]
        },
        {
            "id": 2,
            "feature": {
                "wire_width": 140,
                "wire_len": 960,
                "wire_density": 0.009259259259259259,
                "congestion": -6.0
            },
            "net_num": 2,
            "nets": [
                {
                    "id": 415,
                    "wire_num": 2,
                    "wires": [
                        {
                            "id": 4362,