{
    "id": 467,
    "patch_id_row": 15,
    "patch_id_col": 17,
    "llx": 73440,
    "lly": 64800,
    "urx": 77760,
    "ury": 69120,
    "row_min": 270,
    "row_max": 288,
    "col_min": 306,
    "col_max": 324,
    "cell_density": 0.3888888888888889,
    "pin_density": 4,
    "net_density": 0.15766460905349794,
    "macro_margin": 255180,
    "RUDY_congestion": 0.00035736507936673156,
    "EGR_congestion": 12.0,
    "timing": 0.063249,
    "power": 1.8210104311875757e-06,
    "IR_drop": 0.0,
    "sub_nets": [
        {
            "id": 269,
            "llx": 73440,
            "lly": 64800,
            "urx": 77760,
            "ury": 64635
        },
        {
            "id": 245,
            "llx": 73440,
            "lly": 64800,
            "urx": 77760,
            "ury": 69120
        },
        {
            "id": 15,
            "llx": 73440,
            "lly": 68392,
            "urx": 77760,
            "ury": 68428
        },
        {
            "id": 17,
            "llx": 76634,
            "lly": 64875,
            "urx": 77760,
            "ury": 68370
        }
    ],
    "patch_layer": [
        {
            "id": 0,
            "feature": {
                "wire_width": 170,
                "wire_len": 0,
                "wire_density": 0.0,
                "congestion": 3.0
            },
            "net_num": 1,
            "nets": [
                {
                    "id": 17,
                    "wire_num": 1,
                    "wires": [
                        {
                            "id": 202,
                            "feature": {
                                "wire_len": 0
                            },
                            "path_num": 1,
                            "paths": [
                                {
                                    "id1": 154144,
                                    "x1": 74880,
                                    "y1": 68880,
                                    "real_x1": 75090,
                                    "real_y1": 68880,
                                    "r1": 287,
                                    "c1": 312,
                                    "l1": 0,
                                    "p1": 53,
                                    "id2": 154144,
                                    "x2": 74880,
                                    "y2": 68880,
                                    "real_x2": 75090,
                                    "real_y2": 68880,
                                    "r2": 287,
                                    "c2": 312,
                                    "l2": 0,
                                    "p2": 53
                                }
                            ]
                        }
                    ]
                }
            ]
        },
        {
            "id": 1,
            "feature": {
                "wire_width": 0,
                "wire_len": 0,
                "wire_density": 0.0,
                "congestion": 0.0
            },
            "net_num": 1,
            "nets": [
                {
                    "id": 17,
                    "wire_num": 1,
                    "wires": [
                        {
                            "id": 202,
                            "feature": {
                                "wire_len": 0
                            },
                            "path_num": 1,
                            "paths": [
                                {
                                    "id1": 154144,
                                    "x1": 74880,
                                    "y1": 68880,
                                    "real_x1": 75090,
                                    "real_y1": 68880,
                                    "r1": 287,
                                    "c1": 312,
                                    "l1": 0,
                                    "p1": 53,
                                    "id2": 728736,
                                    "x2": 74880,
                                    "y2": 68880,
                                    "real_x2": 75090,
                                    "real_y2": 68880,
                                    "r2": 287,
                                    "c2": 312,
                                    "l2": 2,
                                    "p2": -1,
                                    "via": 0
                                }
                            ]
                        }
                    ]
                }
            ]
        },
        {
            "id": 2,
            "feature": {
                "wire_width": 140,
                "wire_len": 7440,
                "wire_density": 0.05581275720164609,
                "congestion": 3.0
            },
            "net_num": 2,
            "nets": [
                {
                    "id": 15,
                    "wire_num": 1,
                    "wires": [
                        {
                            "id": 194,
                            "feature": {
                                "wire_len": 4320
                            },
                            "path_num": 1,
                            "paths": [
                                {
                                    "id1": 727658,
                                    "x1": 73440,
                                    "y1": 68400,
                                    "real_x1": -1,
                                    "real_y1": -1,
                                    "r1": 285,
                                    "c1": 306,
                                    "l1": 2,
                                    "p1": -1,
                                    "id2": 727676,
                                    "x2": 77760,
                                    "y2": 68400,
                                    "real_x2": -1,
                                    "real_y2": -1,
                                    "r2": 285,
                                    "c2": 324,
                                    "l2": 2,
                                    "p2": -1
                                }
                            ]
                        }
                    ]
                },
                {
                    "id": 17,
                    "wire_num": 2,
                    "wires": [
                        {
                            "id": 202,
                            "feature": {
                                "wire_len": 0
                            },
                            "path_num": 1,
                            "paths": [
                                {
                                    "id1": 728736,
                                    "x1": 74880,
                                    "y1": 68880,
                                    "real_x1": 75090,
                                    "real_y1": 68880,
                                    "r1": 287,
                                    "c1": 312,
                                    "l1": 2,
                                    "p1": -1,
                                    "id2": 728736,
                                    "x2": 74880,
                                    "y2": 68880,
                                    "real_x2": 75090,
                                    "real_y2": 68880,
                                    "r2": 287,
                                    "c2": 312,
                                    "l2": 2,
                                    "p2": -1
                                }
                            ]
                        },
                        {
                            "id": 203,