{
    "id": 93,
    "patch_id_row": 3,
    "patch_id_col": 3,
    "llx": 12960,
    "lly": 12960,
    "urx": 17280,
    "ury": 17280,
    "row_min": 54,
    "row_max": 72,
    "col_min": 54,
    "col_max": 72,
    "cell_density": 0.02546296296296296,
    "pin_density": 7,
    "net_density": 0.07921810699588477,
    "macro_margin": 255180,
    "RUDY_congestion": 0.00046582076184804427,
    "EGR_congestion": -4.0,
    "timing": 0.415449,
    "power": 1.3167305826703717e-06,
    "IR_drop": 0.0,
    "sub_nets": [
        {
            "id": 59,
            "llx": 12960,
            "lly": 12960,
            "urx": 17280,
            "ury": 17280
        },
        {
            "id": 399,
            "llx": 15111,
            "lly": 15035,
            "urx": 17280,
            "ury": 15112
        },
        {
            "id": 366,
            "llx": 13120,
            "lly": 15285,
            "urx": 17280,
            "ury": 17280
        }
    ],
    "patch_layer": [
        {
            "id": 0,
            "feature": {
                "wire_width": 170,
                "wire_len": 0,
                "wire_density": 0.0,
                "congestion": 0.0
            },
            "net_num": 2,
            "nets": [
                {
                    "id": 366,
                    "wire_num": 1,
                    "wires": [
                        {
                            "id": 3949,
                            "feature": {
                                "wire_len": 0
                            },
                            "path_num": 1,
                            "paths": [
                                {
                                    "id1": 33823,
                                    "x1": 13200,
                                    "y1": 15120,
                                    "real_x1": 13200,
                                    "real_y1": 15185,
                                    "r1": 63,
                                    "c1": 55,
                                    "l1": 0,
                                    "p1": 981,
                                    "id2": 33823,
                                    "x2": 13200,
                                    "y2": 15120,
                                    "real_x2": 13200,
                                    "real_y2": 15185,
                                    "r2": 63,
                                    "c2": 55,
                                    "l2": 0,
                                    "p2": 981
                                }
                            ]
                        }
                    ]
                },
                {
                    "id": 399,
                    "wire_num": 1,
                    "wires": [
                        {
                            "id": 4242,
                            "feature": {
                                "wire_len": 0
                            },
                            "path_num": 1,
                            "paths": [
                                {
                                    "id1": 32759,
                                    "x1": 15120,
                                    "y1": 14640,
                                    "real_x1": 15120,
                                    "real_y1": 14640,
                                    "r1": 61,
                                    "c1": 63,
                                    "l1": 0,
                                    "p1": 1055,
                                    "id2": 32759,
                                    "x2": 15120,
                                    "y2": 14640,
                                    "real_x2": 15120,
                                    "real_y2": 14640,
                                    "r2": 61,
                                    "c2": 63,
                                    "l2": 0,
                                    "p2": 1055
                                }
                            ]
                        }
                    ]
                }
            ]
        },
        {
            "id": 1,
            "feature": {
                "wire_width": 0,
                "wire_len": 0,
                "wire_density": 0.0,
                "congestion": 0.0
            },
            "net_num": 2,
            "nets": [
                {
                    "id": 366,
                    "wire_num": 1,
                    "wires": [
                        {
                            "id": 3949,
                            "feature": {
                                "wire_len": 0
                            },
                            "path_num": 1,
                            "paths": [
                                {
                                    "id1": 33823,
                                    "x1": 13200,
                                    "y1": 15120,
                                    "real_x1": 13200,
                                    "real_y1": 15185,
                                    "r1": 63,
                                    "c1": 55,
                                    "l1": 0,
                                    "p1": 981,
                                    "id2": 608415,
                                    "x2": 13200,
                                    "y2": 15120,
                                    "real_x2": 13200,
                                    "real_y2": 15185,
                                    "r2": 63,
                                    "c2": 55,
                                    "l2": 2,
                                    "p2": -1,
                                    "via": 0
                                }
                            ]
                        }
                    ]
                },
                {
                    "id": 399,
                    "wire_num": 1,
                    "wires": [
                        {
                            "id": 4242,
                            "feature": {
                                "wire_len": 0
                            },
                            "path_num": 1,
                            "paths": [
                                {
                                    "id1": 32759,
                                    "x1": 15120,
                                    "y1": 14640,
                                    "real_x1": 15120,
                                    "real_y1": 14640,
                                    "r1": 61,
                                    "c1": 63,
                                    "l1": 0,
                                    "p1": 1055,
                                    "id2": 607351,
                                    "x2": 15120,
                                    "y2": 14640,
                                    "real_x2": 15120,
                                    "real_y2": 14640,
                                    "r2": 61,
                                    "c2": 63,
                                    "l2": 2,
                                    "p2": -1,
                                    "via": 0
                                }
                            ]
                        }
                    ]
                }
            ]
        },
        {
            "id": 2,
            "feature": {
                "wire_width": 140,
                "wire_len": 6240,
                "wire_density": 0.04681069958847737,
                "congestion": 2.0
            },
            "net_num": 2,
            "nets": [
                {
                    "id": 366,
                    "wire_num": 2,