{
    "id": 486,
    "patch_id_row": 16,
    "patch_id_col": 6,
    "llx": 25920,
    "lly": 69120,
    "urx": 30240,
    "ury": 73440,
    "row_min": 288,
    "row_max": 306,
    "col_min": 108,
    "col_max": 126,
    "cell_density": 0.5393518518518519,
    "pin_density": 6,
    "net_density": 0.07381687242798354,
    "macro_margin": 255180,
    "RUDY_congestion": 4.419237522546044e-05,
    "EGR_congestion": -6.0,
    "timing": -0.63127,
    "power": 4.50156458164613e-05,
    "IR_drop": 0.0,
    "sub_nets": [
        {
            "id": 241,
            "llx": 25920,
            "lly": 69120,
            "urx": 30240,
            "ury": 73440
        },
        {
            "id": 675,
            "llx": 25920,
            "lly": 69120,
            "urx": 30240,
            "ury": 73440
        },
        {
            "id": 308,
            "llx": 29445,
            "lly": 71468,
            "urx": 30240,
            "ury": 71812
        }
    ],
    "patch_layer": [
        {
            "id": 0,
            "feature": {
                "wire_width": 170,
                "wire_len": 0,
                "wire_density": 0.0,
                "congestion": 0.0
            },
            "net_num": 2,
            "nets": [
                {
                    "id": 308,
                    "wire_num": 1,
                    "wires": [
                        {
                            "id": 3460,
                            "feature": {
                                "wire_len": 0
                            },
                            "path_num": 1,
                            "paths": [
                                {
                                    "id1": 160922,
                                    "x1": 29280,
                                    "y1": 72000,
                                    "real_x1": 29470,
                                    "real_y1": 72200,
                                    "r1": 300,
                                    "c1": 122,
                                    "l1": 0,
                                    "p1": 850,
                                    "id2": 160922,
                                    "x2": 29280,
                                    "y2": 72000,
                                    "real_x2": 29470,
                                    "real_y2": 72200,
                                    "r2": 300,
                                    "c2": 122,
                                    "l2": 0,
                                    "p2": 850
                                }
                            ]
                        }
                    ]
                },
                {
                    "id": 675,
                    "wire_num": 1,
                    "wires": [
                        {
                            "id": 6867,
                            "feature": {
                                "wire_len": 0
                            },
                            "path_num": 1,
                            "paths": [
                                {
                                    "id1": 159306,
                                    "x1": 27360,
                                    "y1": 71280,
                                    "real_x1": 27570,
                                    "real_y1": 71315,
                                    "r1": 297,
                                    "c1": 114,
                                    "l1": 0,
                                    "p1": 1818,
                                    "id2": 159306,
                                    "x2": 27360,
                                    "y2": 71280,
                                    "real_x2": 27570,
                                    "real_y2": 71315,
                                    "r2": 297,
                                    "c2": 114,
                                    "l2": 0,
                                    "p2": 1818
                                }
                            ]
                        }
                    ]
                }
            ]
        },
        {
            "id": 1,
            "feature": {
                "wire_width": 0,
                "wire_len": 0,
                "wire_density": 0.0,
                "congestion": 0.0
            },
            "net_num": 2,
            "nets": [
                {
                    "id": 308,
                    "wire_num": 1,
                    "wires": [
                        {
                            "id": 3460,
                            "feature": {
                                "wire_len": 0
                            },
                            "path_num": 1,
                            "paths": [
                                {
                                    "id1": 160922,
                                    "x1": 29280,
                                    "y1": 72000,
                                    "real_x1": 29470,
                                    "real_y1": 72200,
                                    "r1": 300,
                                    "c1": 122,
                                    "l1": 0,
                                    "p1": 850,
                                    "id2": 735514,
                                    "x2": 29280,
                                    "y2": 72000,
                                    "real_x2": 29470,
                                    "real_y2": 72200,
                                    "r2": 300,
                                    "c2": 122,
                                    "l2": 2,
                                    "p2": -1,
                                    "via": 0
                                }
                            ]
                        }
                    ]
                },
                {
                    "id": 675,
                    "wire_num": 1,
                    "wires": [
                        {
                            "id": 6867,
                            "feature": {
                                "wire_len": 0
                            },
                            "path_num": 1,
                            "paths": [
                                {
                                    "id1": 159306,
                                    "x1": 27360,
                                    "y1": 71280,
                                    "real_x1": 27570,
                                    "real_y1": 71315,
                                    "r1": 297,
                                    "c1": 114,
                                    "l1": 0,
                                    "p1": 1818,
                                    "id2": 733898,
                                    "x2": 27360,
                                    "y2": 71280,
                                    "real_x2": 27570,
                                    "real_y2": 71315,
                                    "r2": 297,
                                    "c2": 114,
                                    "l2": 2,
                                    "p2": -1,
                                    "via": 0
                                }
                            ]
                        }
                    ]
                }
            ]
        },
        {
            "id": 2,
            "feature": {
                "wire_width": 140,
                "wire_len": 5520,
                "wire_density": 0.04140946502057613,
                "congestion": -3.0
            },
            "net_num": 2,
            "nets": [
                {
                    "id": 308,
                    "wire_num": 2,