{
    "id": 769,
    "patch_id_row": 25,
    "patch_id_col": 19,
    "llx": 82080,
    "lly": 108000,
    "urx": 86400,
    "ury": 112320,
    "row_min": 450,
    "row_max": 468,
    "col_min": 342,
    "col_max": 360,
    "cell_density": 0.04861111111111111,
    "pin_density": 4,
    "net_density": 0.2037037037037037,
    "macro_margin": 255180,
    "RUDY_congestion": 0.0004345026851619554,
    "EGR_congestion": 4.0,
    "timing": 0.0,
    "power": 0.0,
    "IR_drop": 0.0,
    "sub_nets": [
        {
            "id": 22,
            "llx": 85682,
            "lly": 108000,
            "urx": 86400,
            "ury": 112320
        },
        {
            "id": 441,
            "llx": 82080,
            "lly": 108000,
            "urx": 86400,
            "ury": 112320
        },
        {
            "id": 211,
            "llx": 86400,
            "lly": 108000,
            "urx": 86400,
            "ury": 112320
        },
        {
            "id": 553,
            "llx": 82080,
            "lly": 110873,
            "urx": 86400,
            "ury": 112320
        }
    ],
    "patch_layer": [
        {
            "id": 0,
            "feature": {
                "wire_width": 170,
                "wire_len": 0,
                "wire_density": 0.0,
                "congestion": 2.0
            },
            "net_num": 1,
            "nets": [
                {
                    "id": 553,
                    "wire_num": 1,
                    "wires": [
                        {
                            "id": 5620,
                            "feature": {
                                "wire_len": 0
                            },
                            "path_num": 1,
                            "paths": [
                                {
                                    "id1": 247976,
                                    "x1": 82560,
                                    "y1": 110880,
                                    "real_x1": 82795,
                                    "real_y1": 110895,
                                    "r1": 462,
                                    "c1": 344,
                                    "l1": 0,
                                    "p1": 1438,
                                    "id2": 247976,
                                    "x2": 82560,
                                    "y2": 110880,
                                    "real_x2": 82795,
                                    "real_y2": 110895,
                                    "r2": 462,
                                    "c2": 344,
                                    "l2": 0,
                                    "p2": 1438
                                }
                            ]
                        }
                    ]
                }
            ]
        },
        {
            "id": 1,
            "feature": {
                "wire_width": 0,
                "wire_len": 0,
                "wire_density": 0.0,
                "congestion": 0.0
            },
            "net_num": 1,
            "nets": [
                {
                    "id": 553,
                    "wire_num": 1,
                    "wires": [
                        {
                            "id": 5620,
                            "feature": {
                                "wire_len": 0
                            },
                            "path_num": 1,
                            "paths": [
                                {
                                    "id1": 247976,
                                    "x1": 82560,
                                    "y1": 110880,
                                    "real_x1": 82795,
                                    "real_y1": 110895,
                                    "r1": 462,
                                    "c1": 344,
                                    "l1": 0,
                                    "p1": 1438,
                                    "id2": 822568,
                                    "x2": 82560,
                                    "y2": 110880,
                                    "real_x2": 82795,
                                    "real_y2": 110895,
                                    "r2": 462,
                                    "c2": 344,
                                    "l2": 2,
                                    "p2": -1,
                                    "via": 0
                                }
                            ]
                        }
                    ]
                }
            ]
        },
        {
            "id": 2,
            "feature": {
                "wire_width": 140,
                "wire_len": 4320,
                "wire_density": 0.032407407407407406,
                "congestion": 3.0
            },
            "net_num": 1,
            "nets": [
                {
                    "id": 553,
                    "wire_num": 3,
                    "wires": [
                        {
                            "id": 5620,
                            "feature": {
                                "wire_len": 0
                            },
                            "path_num": 1,
                            "paths": [
                                {
                                    "id1": 822568,
                                    "x1": 82560,
                                    "y1": 110880,
                                    "real_x1": 82795,
                                    "real_y1": 110895,
                                    "r1": 462,
                                    "c1": 344,
                                    "l1": 2,
                                    "p1": -1,
                                    "id2": 822568,
                                    "x2": 82560,
                                    "y2": 110880,
                                    "real_x2": 82795,
                                    "real_y2": 110895,
                                    "r2": 462,
                                    "c2": 344,
                                    "l2": 2,
                                    "p2": -1
                                }
                            ]
                        },
                        {
                            "id": 5625,
                            "feature": {
                                "wire_len": 480
                            },
                            "path_num": 1,
                            "paths": [
                                {
                                    "id1": 822566,
                                    "x1": 82080,
                                    "y1": 110880,
                                    "real_x1": -1,
                                    "real_y1": -1,
                                    "r1": 462,
                                    "c1": 342,
                                    "l1": 2,
                                    "p1": -1,
                                    "id2": 822568,
                                    "x2": 82560,
                                    "y2": 110880,
                                    "real_x2": 82795,
                                    "real_y2": 110895,
                                    "r2": 462,
                                    "c2": 344,
                                    "l2": 2,
                                    "p2": -1
                                }
                            ]
                        },
                        {
                            "id": 5626,
                            "feature": {
                                "wire_len": 3840
                            },
                            "path_num": 1,