{
    "id": 684,
    "patch_id_row": 22,
    "patch_id_col": 24,
    "llx": 103680,
    "lly": 95040,
    "urx": 108000,
    "ury": 99360,
    "row_min": 396,
    "row_max": 414,
    "col_min": 432,
    "col_max": 450,
    "cell_density": 0.03935185185185185,
    "pin_density": 2,
    "net_density": 0.13065843621399176,
    "macro_margin": 255180,
    "RUDY_congestion": 0.0004252176694121811,
    "EGR_congestion": 8.0,
    "timing": 0.0,
    "power": 0.0,
    "IR_drop": 0.0,
    "sub_nets": [
        {
            "id": 40,
            "llx": 103680,
            "lly": 95040,
            "urx": 108000,
            "ury": 99360
        },
        {
            "id": 161,
            "llx": 103680,
            "lly": 95040,
            "urx": 106813,
            "ury": 99360
        },
        {
            "id": 160,
            "llx": 103680,
            "lly": 95040,
            "urx": 108000,
            "ury": 95011
        },
        {
            "id": 162,
            "llx": 104440,
            "lly": 95040,
            "urx": 105551,
            "ury": 94848
        }
    ],
    "patch_layer": [
        {
            "id": 0,
            "feature": {
                "wire_width": 170,
                "wire_len": 0,
                "wire_density": 0.0,
                "congestion": 2.0
            },
            "net_num": 1,
            "nets": [
                {
                    "id": 162,
                    "wire_num": 1,
                    "wires": [
                        {
                            "id": 1962,
                            "feature": {
                                "wire_len": 0
                            },
                            "path_num": 1,
                            "paths": [
                                {
                                    "id1": 213233,
                                    "x1": 105840,
                                    "y1": 95280,
                                    "real_x1": 105910,
                                    "real_y1": 95335,
                                    "r1": 397,
                                    "c1": 441,
                                    "l1": 0,
                                    "p1": 498,
                                    "id2": 213233,
                                    "x2": 105840,
                                    "y2": 95280,
                                    "real_x2": 105910,
                                    "real_y2": 95335,
                                    "r2": 397,
                                    "c2": 441,
                                    "l2": 0,
                                    "p2": 498
                                }
                            ]
                        }
                    ]
                }
            ]
        },
        {
            "id": 1,
            "feature": {
                "wire_width": 0,
                "wire_len": 0,
                "wire_density": 0.0,
                "congestion": 0.0
            },
            "net_num": 1,
            "nets": [
                {
                    "id": 162,
                    "wire_num": 1,
                    "wires": [
                        {
                            "id": 1962,
                            "feature": {
                                "wire_len": 0
                            },
                            "path_num": 1,
                            "paths": [
                                {
                                    "id1": 213233,
                                    "x1": 105840,
                                    "y1": 95280,
                                    "real_x1": 105910,
                                    "real_y1": 95335,
                                    "r1": 397,
                                    "c1": 441,
                                    "l1": 0,
                                    "p1": 498,
                                    "id2": 787825,
                                    "x2": 105840,
                                    "y2": 95280,
                                    "real_x2": 105910,
                                    "real_y2": 95335,
                                    "r2": 397,
                                    "c2": 441,
                                    "l2": 2,
                                    "p2": -1,
                                    "via": 0
                                }
                            ]
                        }
                    ]
                }
            ]
        },
        {
            "id": 2,
            "feature": {
                "wire_width": 140,
                "wire_len": 3840,
                "wire_density": 0.02880658436213992,
                "congestion": 1.0
            },
            "net_num": 2,
            "nets": [
                {
                    "id": 160,
                    "wire_num": 1,
                    "wires": [
                        {
                            "id": 1947,
                            "feature": {
                                "wire_len": 1680
                            },
                            "path_num": 2,
                            "paths": [
                                {
                                    "id1": 787291,
                                    "x1": 106320,
                                    "y1": 95040,
                                    "real_x1": 106320,
                                    "real_y1": 95265,
                                    "r1": 396,
                                    "c1": 443,
                                    "l1": 2,
                                    "p1": -1,
                                    "id2": 787291,
                                    "x2": 106320,
                                    "y2": 95040,
                                    "real_x2": 106320,
                                    "real_y2": 95265,
                                    "r2": 396,
                                    "c2": 443,
                                    "l2": 2,
                                    "p2": -1
                                },
                                {
                                    "id1": 787291,
                                    "x1": 106320,
                                    "y1": 95040,
                                    "real_x1": 106320,
                                    "real_y1": 95265,
                                    "r1": 396,
                                    "c1": 443,
                                    "l1": 2,
                                    "p1": -1,
                                    "id2": 787298,
                                    "x2": 108000,
                                    "y2": 95040,
                                    "real_x2": -1,
                                    "real_y2": -1,
                                    "r2": 396,
                                    "c2": 450,
                                    "l2": 2,
                                    "p2": -1
                                }
                            ]
                        }
                    ]
                },
                {
                    "id": 162,
                    "wire_num": 2,
                    "wires": [
                        {
                            "id": 1962,
                            "feature": {
                                "wire_len": 0
                            },
                            "path_num": 1,
                            "paths": [
                                {
                                    "id1": 787825,
                                    "x1": 105840,