{
    "id": 833,
    "patch_id_row": 27,
    "patch_id_col": 23,
    "llx": 99360,
    "lly": 116640,
    "urx": 103680,
    "ury": 120960,
    "row_min": 486,
    "row_max": 504,
    "col_min": 414,
    "col_max": 432,
    "cell_density": 0.19444444444444445,
    "pin_density": 1,
    "net_density": 0.05761316872427984,
    "macro_margin": 255180,
    "RUDY_congestion": 0.00044195320085485665,
    "EGR_congestion": 8.0,
    "timing": -0.327758,
    "power": 5.8013111601007195e-06,
    "IR_drop": 0.0,
    "sub_nets": [
        {
            "id": 522,
            "llx": 102962,
            "lly": 116640,
            "urx": 103680,
            "ury": 120960
        },
        {
            "id": 562,
            "llx": 99360,
            "lly": 117723,
            "urx": 101480,
            "ury": 120960
        }
    ],
    "patch_layer": [
        {
            "id": 0,
            "feature": {
                "wire_width": 170,
                "wire_len": 0,
                "wire_density": 0.0,
                "congestion": 3.0
            },
            "net_num": 0,
            "nets": []
        },
        {
            "id": 1,
            "feature": {
                "wire_width": 0,
                "wire_len": 0,
                "wire_density": 0.0,
                "congestion": 0.0
            },
            "net_num": 0,
            "nets": []
        },
        {
            "id": 2,
            "feature": {
                "wire_width": 140,
                "wire_len": 1200,
                "wire_density": 0.009002057613168725,
                "congestion": 1.0
            },
            "net_num": 1,
            "nets": [
                {
                    "id": 562,
                    "wire_num": 2,
                    "wires": [
                        {
                            "id": 5701,
                            "feature": {
                                "wire_len": 1200
                            },
                            "path_num": 1,
                            "paths": [
                                {
                                    "id1": 840326,
                                    "x1": 99360,
                                    "y1": 118800,
                                    "real_x1": -1,
                                    "real_y1": -1,
                                    "r1": 495,
                                    "c1": 414,
                                    "l1": 2,
                                    "p1": -1,
                                    "id2": 840331,
                                    "x2": 100560,
                                    "y2": 118800,
                                    "real_x2": 100560,
                                    "real_y2": 118800,
                                    "r2": 495,
                                    "c2": 419,
                                    "l2": 2,
                                    "p2": -1
                                }
                            ]
                        },
                        {
                            "id": 5702,
                            "feature": {
                                "wire_len": 0
                            },
                            "path_num": 1,
                            "paths": [
                                {
                                    "id1": 840331,
                                    "x1": 100560,
                                    "y1": 118800,
                                    "real_x1": 100560,
                                    "real_y1": 118800,
                                    "r1": 495,
                                    "c1": 419,
                                    "l1": 2,
                                    "p1": -1,
                                    "id2": 840331,
                                    "x2": 100560,
                                    "y2": 118800,
                                    "real_x2": 100560,
                                    "real_y2": 118800,
                                    "r2": 495,
                                    "c2": 419,
                                    "l2": 2,
                                    "p2": -1
                                }
                            ]
                        }
                    ]
                }
            ]
        },
        {
            "id": 3,
            "feature": {
                "wire_width": 0,
                "wire_len": 0,
                "wire_density": 0.0,
                "congestion": 0.0
            },
            "net_num": 1,
            "nets": [
                {
                    "id": 562,
                    "wire_num": 1,
                    "wires": [
                        {
                            "id": 5702,
                            "feature": {
                                "wire_len": 0
                            },
                            "path_num": 1,
                            "paths": [
                                {
                                    "id1": 840331,
                                    "x1": 100560,
                                    "y1": 118800,
                                    "real_x1": 100560,
                                    "real_y1": 118800,
                                    "r1": 495,
                                    "c1": 419,
                                    "l1": 2,
                                    "p1": -1,
                                    "id2": 1414923,
                                    "x2": 100560,
                                    "y2": 118800,
                                    "real_x2": 100560,
                                    "real_y2": 118800,
                                    "r2": 495,
                                    "c2": 419,
                                    "l2": 4,
                                    "p2": -1,
                                    "via": 5
                                }
                            ]
                        }
                    ]
                }
            ]
        },
        {
            "id": 4,
            "feature": {
                "wire_width": 140,
                "wire_len": 6480,
                "wire_density": 0.04861111111111111,
                "congestion": 4.0
            },
            "net_num": 2,
            "nets": [
                {
                    "id": 522,
                    "wire_num": 1,
                    "wires": [
                        {
                            "id": 5261,
                            "feature": {
                                "wire_len": 4320
                            },
                            "path_num": 1,
                            "paths": [
                                {
                                    "id1": 1410107,
                                    "x1": 102480,
                                    "y1": 116640,
                                    "real_x1": -1,
                                    "real_y1": -1,
                                    "r1": 486,
                                    "c1": 427,
                                    "l1": 4,
                                    "p1": -1,
                                    "id2": 1419755,
                                    "x2": 102480,
                                    "y2": 120960,
                                    "real_x2": -1,
                                    "real_y2": -1,
                                    "r2": 504,
                                    "c2": 427,
                                    "l2": 4,