{
    "id": 547,
    "patch_id_row": 18,
    "patch_id_col": 7,
    "llx": 30240,
    "lly": 77760,
    "urx": 34560,
    "ury": 82080,
    "row_min": 324,
    "row_max": 342,
    "col_min": 126,
    "col_max": 144,
    "cell_density": 0.0,
    "pin_density": 2,
    "net_density": 0.2242798353909465,
    "macro_margin": 255180,
    "RUDY_congestion": 0.0002392560827403462,
    "EGR_congestion": -18.0,
    "timing": 0.0,
    "power": 0.0,
    "IR_drop": 0.0,
    "sub_nets": [
        {
            "id": 600,
            "llx": 30240,
            "lly": 77760,
            "urx": 34560,
            "ury": 82080
        },
        {
            "id": 675,
            "llx": 30240,
            "lly": 77760,
            "urx": 34560,
            "ury": 82080
        },
        {
            "id": 66,
            "llx": 30240,
            "lly": 81635,
            "urx": 34560,
            "ury": 82080
        },
        {
            "id": 411,
            "llx": 30240,
            "lly": 78472,
            "urx": 31365,
            "ury": 81712
        }
    ],
    "patch_layer": [
        {
            "id": 0,
            "feature": {
                "wire_width": 170,
                "wire_len": 0,
                "wire_density": 0.0,
                "congestion": 0.0
            },
            "net_num": 1,
            "nets": [
                {
                    "id": 411,
                    "wire_num": 1,
                    "wires": [
                        {
                            "id": 4343,
                            "feature": {
                                "wire_len": 0
                            },
                            "path_num": 1,
                            "paths": [
                                {
                                    "id1": 175938,
                                    "x1": 31200,
                                    "y1": 78720,
                                    "real_x1": 31390,
                                    "real_y1": 78860,
                                    "r1": 328,
                                    "c1": 130,
                                    "l1": 0,
                                    "p1": 1086,
                                    "id2": 175938,
                                    "x2": 31200,
                                    "y2": 78720,
                                    "real_x2": 31390,
                                    "real_y2": 78860,
                                    "r2": 328,
                                    "c2": 130,
                                    "l2": 0,
                                    "p2": 1086
                                }
                            ]
                        }
                    ]
                }
            ]
        },
        {
            "id": 1,
            "feature": {
                "wire_width": 0,
                "wire_len": 0,
                "wire_density": 0.0,
                "congestion": 0.0
            },
            "net_num": 1,
            "nets": [
                {
                    "id": 411,
                    "wire_num": 1,
                    "wires": [
                        {
                            "id": 4343,
                            "feature": {
                                "wire_len": 0
                            },
                            "path_num": 1,
                            "paths": [
                                {
                                    "id1": 175938,
                                    "x1": 31200,
                                    "y1": 78720,
                                    "real_x1": 31390,
                                    "real_y1": 78860,
                                    "r1": 328,
                                    "c1": 130,
                                    "l1": 0,
                                    "p1": 1086,
                                    "id2": 750530,
                                    "x2": 31200,
                                    "y2": 78720,
                                    "real_x2": 31390,
                                    "real_y2": 78860,
                                    "r2": 328,
                                    "c2": 130,
                                    "l2": 2,
                                    "p2": -1,
                                    "via": 0
                                }
                            ]
                        }
                    ]
                }
            ]
        },
        {
            "id": 2,
            "feature": {
                "wire_width": 140,
                "wire_len": 7200,
                "wire_density": 0.05401234567901234,
                "congestion": -5.0
            },
            "net_num": 2,
            "nets": [
                {
                    "id": 66,
                    "wire_num": 1,
                    "wires": [
                        {
                            "id": 1151,
                            "feature": {
                                "wire_len": 4320
                            },
                            "path_num": 1,
                            "paths": [
                                {
                                    "id1": 756422,
                                    "x1": 30240,
                                    "y1": 81360,
                                    "real_x1": -1,
                                    "real_y1": -1,
                                    "r1": 339,
                                    "c1": 126,
                                    "l1": 2,
                                    "p1": -1,
                                    "id2": 756440,
                                    "x2": 34560,
                                    "y2": 81360,
                                    "real_x2": -1,
                                    "real_y2": -1,
                                    "r2": 339,
                                    "c2": 144,
                                    "l2": 2,
                                    "p2": -1
                                }
                            ]
                        }
                    ]
                },
                {
                    "id": 411,
                    "wire_num": 2,
                    "wires": [
                        {
                            "id": 4343,
                            "feature": {
                                "wire_len": 0
                            },
                            "path_num": 1,
                            "paths": [
                                {
                                    "id1": 750530,
                                    "x1": 31200,
                                    "y1": 78720,
                                    "real_x1": 31390,
                                    "real_y1": 78860,
                                    "r1": 328,
                                    "c1": 130,
                                    "l1": 2,
                                    "p1": -1,
                                    "id2": 750530,
                                    "x2": 31200,
                                    "y2": 78720,
                                    "real_x2": 31390,
                                    "real_y2": 78860,
                                    "r2": 328,
                                    "c2": 130,
                                    "l2": 2,
                                    "p2": -1
                                }
                            ]
                        },
                        {
                            "id": 4344,