{
    "id": 363,
    "patch_id_row": 12,
    "patch_id_col": 3,
    "llx": 12960,
    "lly": 51840,
    "urx": 17280,
    "ury": 56160,
    "row_min": 216,
    "row_max": 234,
    "col_min": 54,
    "col_max": 72,
    "cell_density": 0.48148148148148145,
    "pin_density": 8,
    "net_density": 0.045010288065843625,
    "macro_margin": 255180,
    "RUDY_congestion": 0.00043355715452983017,
    "EGR_congestion": 3.0,
    "timing": -0.399533,
    "power": 3.012293370463392e-06,
    "IR_drop": 0.0,
    "sub_nets": [
        {
            "id": 454,
            "llx": 16082,
            "lly": 55072,
            "urx": 17280,
            "ury": 55449
        },
        {
            "id": 95,
            "llx": 12960,
            "lly": 54995,
            "urx": 14917,
            "ury": 55072
        }
    ],
    "patch_layer": [
        {
            "id": 0,
            "feature": {
                "wire_width": 170,
                "wire_len": 0,
                "wire_density": 0.0,
                "congestion": 3.0
            },
            "net_num": 2,
            "nets": [
                {
                    "id": 95,
                    "wire_num": 1,
                    "wires": [
                        {
                            "id": 1340,
                            "feature": {
                                "wire_len": 0
                            },
                            "path_num": 1,
                            "paths": [
                                {
                                    "id1": 122807,
                                    "x1": 15120,
                                    "y1": 54960,
                                    "real_x1": 15120,
                                    "real_y1": 54995,
                                    "r1": 229,
                                    "c1": 63,
                                    "l1": 0,
                                    "p1": 325,
                                    "id2": 122807,
                                    "x2": 15120,
                                    "y2": 54960,
                                    "real_x2": 15120,
                                    "real_y2": 54995,
                                    "r2": 229,
                                    "c2": 63,
                                    "l2": 0,
                                    "p2": 325
                                }
                            ]
                        }
                    ]
                },
                {
                    "id": 454,
                    "wire_num": 1,
                    "wires": [
                        {
                            "id": 4662,
                            "feature": {
                                "wire_len": 0
                            },
                            "path_num": 1,
                            "paths": [
                                {
                                    "id1": 123882,
                                    "x1": 15840,
                                    "y1": 55440,
                                    "real_x1": 16050,
                                    "real_y1": 55565,
                                    "r1": 231,
                                    "c1": 66,
                                    "l1": 0,
                                    "p1": 1177,
                                    "id2": 123882,
                                    "x2": 15840,
                                    "y2": 55440,
                                    "real_x2": 16050,
                                    "real_y2": 55565,
                                    "r2": 231,
                                    "c2": 66,
                                    "l2": 0,
                                    "p2": 1177
                                }
                            ]
                        }
                    ]
                }
            ]
        },
        {
            "id": 1,
            "feature": {
                "wire_width": 0,
                "wire_len": 0,
                "wire_density": 0.0,
                "congestion": 0.0
            },
            "net_num": 2,
            "nets": [
                {
                    "id": 95,
                    "wire_num": 1,
                    "wires": [
                        {
                            "id": 1340,
                            "feature": {
                                "wire_len": 0
                            },
                            "path_num": 1,
                            "paths": [
                                {
                                    "id1": 122807,
                                    "x1": 15120,
                                    "y1": 54960,
                                    "real_x1": 15120,
                                    "real_y1": 54995,
                                    "r1": 229,
                                    "c1": 63,
                                    "l1": 0,
                                    "p1": 325,
                                    "id2": 697399,
                                    "x2": 15120,
                                    "y2": 54960,
                                    "real_x2": 15120,
                                    "real_y2": 54995,
                                    "r2": 229,
                                    "c2": 63,
                                    "l2": 2,
                                    "p2": -1,
                                    "via": 0
                                }
                            ]
                        }
                    ]
                },
                {
                    "id": 454,
                    "wire_num": 1,
                    "wires": [
                        {
                            "id": 4662,
                            "feature": {
                                "wire_len": 0
                            },
                            "path_num": 1,
                            "paths": [
                                {
                                    "id1": 123882,
                                    "x1": 15840,
                                    "y1": 55440,
                                    "real_x1": 16050,
                                    "real_y1": 55565,
                                    "r1": 231,
                                    "c1": 66,
                                    "l1": 0,
                                    "p1": 1177,
                                    "id2": 698474,
                                    "x2": 15840,
                                    "y2": 55440,
                                    "real_x2": 16050,
                                    "real_y2": 55565,
                                    "r2": 231,
                                    "c2": 66,
                                    "l2": 2,
                                    "p2": -1,
                                    "via": 0
                                }
                            ]
                        }
                    ]
                }
            ]
        },
        {
            "id": 2,
            "feature": {
                "wire_width": 140,
                "wire_len": 6000,
                "wire_density": 0.045010288065843625,
                "congestion": 3.0
            },
            "net_num": 2,
            "nets": [
                {
                    "id": 95,
                    "wire_num": 2,
                    "wires": [
                        {
                            "id": 1340,
                            "feature": {
                                "wire_len": 0
                            },