{
    "id": 267,
    "patch_id_row": 8,
    "patch_id_col": 27,
    "llx": 116640,
    "lly": 34560,
    "urx": 120960,
    "ury": 38880,
    "row_min": 144,
    "row_max": 162,
    "col_min": 486,
    "col_max": 504,
    "cell_density": 0.0,
    "pin_density": 1,
    "net_density": 0.09902263374485597,
    "macro_margin": 255180,
    "RUDY_congestion": 0.0003687210359309345,
    "EGR_congestion": -8.0,
    "timing": 0.0,
    "power": 0.0,
    "IR_drop": 0.0,
    "sub_nets": [
        {
            "id": 677,
            "llx": 116640,
            "lly": 34560,
            "urx": 115995,
            "ury": 38880
        },
        {
            "id": 45,
            "llx": 116640,
            "lly": 35015,
            "urx": 120246,
            "ury": 38245
        }
    ],
    "patch_layer": [
        {
            "id": 0,
            "feature": {
                "wire_width": 170,
                "wire_len": 0,
                "wire_density": 0.0,
                "congestion": 0.0
            },
            "net_num": 1,
            "nets": [
                {
                    "id": 45,
                    "wire_num": 1,
                    "wires": [
                        {
                            "id": 573,
                            "feature": {
                                "wire_len": 0
                            },
                            "path_num": 1,
                            "paths": [
                                {
                                    "id1": 85725,
                                    "x1": 120240,
                                    "y1": 38160,
                                    "real_x1": 120310,
                                    "real_y1": 38160,
                                    "r1": 159,
                                    "c1": 501,
                                    "l1": 0,
                                    "p1": 142,
                                    "id2": 85725,
                                    "x2": 120240,
                                    "y2": 38160,
                                    "real_x2": 120310,
                                    "real_y2": 38160,
                                    "r2": 159,
                                    "c2": 501,
                                    "l2": 0,
                                    "p2": 142
                                }
                            ]
                        }
                    ]
                }
            ]
        },
        {
            "id": 1,
            "feature": {
                "wire_width": 0,
                "wire_len": 0,
                "wire_density": 0.0,
                "congestion": 0.0
            },
            "net_num": 1,
            "nets": [
                {
                    "id": 45,
                    "wire_num": 1,
                    "wires": [
                        {
                            "id": 573,
                            "feature": {
                                "wire_len": 0
                            },
                            "path_num": 1,
                            "paths": [
                                {
                                    "id1": 85725,
                                    "x1": 120240,
                                    "y1": 38160,
                                    "real_x1": 120310,
                                    "real_y1": 38160,
                                    "r1": 159,
                                    "c1": 501,
                                    "l1": 0,
                                    "p1": 142,
                                    "id2": 660317,
                                    "x2": 120240,
                                    "y2": 38160,
                                    "real_x2": 120310,
                                    "real_y2": 38160,
                                    "r2": 159,
                                    "c2": 501,
                                    "l2": 2,
                                    "p2": -1,
                                    "via": 0
                                }
                            ]
                        }
                    ]
                }
            ]
        },
        {
            "id": 2,
            "feature": {
                "wire_width": 140,
                "wire_len": 9600,
                "wire_density": 0.0720164609053498,
                "congestion": -2.0
            },
            "net_num": 2,
            "nets": [
                {
                    "id": 45,
                    "wire_num": 2,
                    "wires": [
                        {
                            "id": 573,
                            "feature": {
                                "wire_len": 0
                            },
                            "path_num": 1,
                            "paths": [
                                {
                                    "id1": 660317,
                                    "x1": 120240,
                                    "y1": 38160,
                                    "real_x1": 120310,
                                    "real_y1": 38160,
                                    "r1": 159,
                                    "c1": 501,
                                    "l1": 2,
                                    "p1": -1,
                                    "id2": 660317,
                                    "x2": 120240,
                                    "y2": 38160,
                                    "real_x2": 120310,
                                    "real_y2": 38160,
                                    "r2": 159,
                                    "c2": 501,
                                    "l2": 2,
                                    "p2": -1
                                }
                            ]
                        },
                        {
                            "id": 588,
                            "feature": {
                                "wire_len": 4080
                            },
                            "path_num": 3,
                            "paths": [
                                {
                                    "id1": 660309,
                                    "x1": 118320,
                                    "y1": 38160,
                                    "real_x1": 118320,
                                    "real_y1": 38160,
                                    "r1": 159,
                                    "c1": 493,
                                    "l1": 2,
                                    "p1": -1,
                                    "id2": 660317,
                                    "x2": 120240,
                                    "y2": 38160,
                                    "real_x2": 120310,
                                    "real_y2": 38160,
                                    "r2": 159,
                                    "c2": 501,
                                    "l2": 2,
                                    "p2": -1
                                },
                                {
                                    "id1": 660309,
                                    "x1": 118320,
                                    "y1": 38160,
                                    "real_x1": 118320,
                                    "real_y1": 38160,
                                    "r1": 159,
                                    "c1": 493,
                                    "l1": 2,
                                    "p1": -1,
                                    "id2": 661381,
                                    "x2": 118320,