{
    "apb4_archinfo": {
        "ref_hpwl": 3727298.0,
        "ref_wns": 0.340164,
        "ref_tns": 0.0
    },
    "apb4_clint": {
        "ref_hpwl": 11475708.0,
        "ref_wns": -0.408133,
        "ref_tns": -6.566009
    },
    "apb4_i2c": {
        "ref_hpwl": 7270756.0,
        "ref_wns": -0.235141,
        "ref_tns": -7.393003
    },
    "apb4_ps2": {
        "ref_hpwl": 4736002.0,
        "ref_wns": -0.028122,
        "ref_tns": -0.108063
    },
    "apb4_pwm": {
        "ref_hpwl": 11031781.0,
        "ref_wns": -0.31373,
        "ref_tns": -10.515917
    },
    "apb4_rng": {
        "ref_hpwl": 2230183.0,
        "ref_wns": 0.187027,
        "ref_tns": 0.0
    },
    "apb4_timer": {
        "ref_hpwl": 7552803.0,
        "ref_wns": -0.369945,
        "ref_tns": -14.243734
    },
    "apb4_wdg": {
        "ref_hpwl": 10657469.0,
        "ref_wns": -0.455556,
        "ref_tns": -16.112016
    },
    "s1238": {
        "ref_hpwl": 3067302.0,
        "ref_wns": 0.0043,
        "ref_tns": 0.0
    },
    "s13207": {
        "ref_hpwl": 6064509.0,
        "ref_wns": -0.064102,
        "ref_tns": -0.302557
    },
    "s1488": {
        "ref_hpwl": 4801585.0,
        "ref_wns": -0.011896,
        "ref_tns": -0.013449
    },
    "s15850": {
        "ref_hpwl": 23220083.0,
        "ref_wns": -0.333025,
        "ref_tns": -30.340485
    },
    "picorv32": {
        "ref_hpwl": 139935190.0,
        "ref_wns": 0.690852,
        "ref_tns": 0.0
    },
    "s713": {
        "ref_hpwl": 1159025.0,
        "ref_wns": -0.032949,
        "ref_tns": -0.065425
    },
    "apb4_uart": {
        "ref_hpwl": 64845836.0,
        "ref_wns": -0.164658,
        "ref_tns": -2.568208
    },
    "s35932": {
        "ref_hpwl": 92455680.0,
        "ref_wns": 0.050693,
        "ref_tns": 0.0
    },
    "s38417": {
        "ref_hpwl": 71876073.0,
        "ref_wns": -0.383657,
        "ref_tns": -149.884234
    },
    "s38584": {
        "ref_hpwl": 87865161.0,
        "ref_wns": -0.391424,
        "ref_tns": -29.561321
    },
    "s5378": {
        "ref_hpwl": 11163073.0,
        "ref_wns": -0.123486,
        "ref_tns": -1.011356
    }
}