{
    "id": 347,
    "name": "dpath/a_reg/_054_",
    "feature": {
        "llx": 94800,
        "lly": 88320,
        "urx": 96720,
        "ury": 91920,
        "wire_len": 6240,
        "via_num": 4,
        "drc_num": 0,
        "drc_type": [],
        "R": 11.142857142857142,
        "C": 0.0035860564558399997,
        "power": 1.1618822916921599e-07,
        "delay": 0.018479143203582855,
        "slew": 0.004210749392019181,
        "aspect_ratio": 2,
        "width": 1920,
        "height": 3600,
        "area": 6912000,
        "volume": 13824000,
        "layer_ratio": [
            0.0,
            0.0,
            0.41999998688697815,
            0.0,
            0.5799999833106995,
            0.0,
            0.0,
            0.0,
            0.0,
            0.0,
            0.0
        ],
        "place_feature": {
            "pin_num": 2,
            "aspect_ratio": 1,
            "width": 2002,
            "height": 2903,
            "area": 5811806,
            "l_ness": 1.0,
            "hpwl": 4905,
            "rsmt": 4905
        }
    },
    "pin_num": 2,
    "pins": [
        {
            "id": 942,
            "i": "dpath/a_reg/_123_",
            "p": "X",
            "driver": 1
        },
        {
            "id": 943,
            "i": "dpath/a_reg/_080_",
            "p": "A0",
            "driver": 0
        }
    ],
    "wire_num": 6,
    "wires": [
        {
            "id": 3812,
            "feature": {
                "wire_width": 0,
                "wire_len": 0,
                "wire_density": 0.0,
                "drc_num": 0,
                "R": 0.0,
                "C": 0.00014548811960000008,
                "power": 2.618786152800005e-06,
                "delay": 0.0,
                "slew": 0.0,
                "congestion": 0.0,
                "drc_type": []
            },
            "wire": {
                "id1": 772235,
                "x1": 94800,
                "y1": 88320,
                "real_x1": 94800,
                "real_y1": 88545,
                "r1": 368,
                "c1": 395,
                "l1": 2,
                "p1": -1,
                "id2": 1346827,
                "x2": 94800,
                "y2": 88320,
                "real_x2": 94800,
                "real_y2": 88545,
                "r2": 368,
                "c2": 395,
                "l2": 4,
                "p2": -1,
                "via": 5
            },
            "path_num": 1,
            "paths": [
                {
                    "id1": 772235,
                    "x1": 94800,
                    "y1": 88320,
                    "real_x1": 94800,
                    "real_y1": 88545,
                    "r1": 368,
                    "c1": 395,
                    "l1": 2,
                    "p1": -1,
                    "id2": 1346827,
                    "x2": 94800,
                    "y2": 88320,
                    "real_x2": 94800,
                    "real_y2": 88545,
                    "r2": 368,
                    "c2": 395,
                    "l2": 4,
                    "p2": -1,
                    "via": 5
                }
            ],
            "patch_num": 1,
            "patchs": [
                621
            ]
        },
        {
            "id": 3813,
            "feature": {
                "wire_width": 140,
                "wire_len": 3600,
                "wire_density": 3.0369924976539817e-05,
                "drc_num": 0,
                "R": 3.214285714285714,
                "C": 0.00014548811960000008,
                "power": 2.618786152799998e-06,
                "delay": 0.010303354670142855,
                "slew": 1.4374574378028804e-09,
                "congestion": 1.5,
                "drc_type": []
            },
            "wire": {
                "id1": 1346827,
                "x1": 94800,
                "y1": 88320,
                "real_x1": 94800,
                "real_y1": 88545,
                "r1": 368,
                "c1": 395,
                "l1": 4,
                "p1": -1,
                "id2": 1354867,
                "x2": 94800,
                "y2": 91920,
                "real_x2": 94800,
                "real_y2": 91920,
                "r2": 383,
                "c2": 395,
                "l2": 4,
                "p2": -1
            },
            "path_num": 1,
            "paths": [
                {
                    "id1": 1346827,
                    "x1": 94800,
                    "y1": 88320,
                    "real_x1": 94800,
                    "real_y1": 88545,
                    "r1": 368,
                    "c1": 395,
                    "l1": 4,
                    "p1": -1,
                    "id2": 1354867,
                    "x2": 94800,
                    "y2": 91920,
                    "real_x2": 94800,
                    "real_y2": 91920,
                    "r2": 383,
                    "c2": 395,
                    "l2": 4,
                    "p2": -1
                }
            ],
            "patch_num": 2,
            "patchs": [
                621,
                651
            ]
        },
        {
            "id": 3814,
            "feature": {
                "wire_width": 0,
                "wire_len": 0,
                "wire_density": 0.0,
                "drc_num": 0,
                "R": 0.0,
                "C": 0.0,
                "power": 0.0,
                "delay": 0.0,
                "slew": 0.0,
                "congestion": 0.0,
                "drc_type": []
            },
            "wire": {
                "id1": 197643,
                "x1": 94800,
                "y1": 88320,
                "real_x1": 94800,
                "real_y1": 88545,
                "r1": 368,
                "c1": 395,
                "l1": 0,
                "p1": 943,
                "id2": 772235,
                "x2": 94800,
                "y2": 88320,
                "real_x2": 94800,
                "real_y2": 88545,
                "r2": 368,
                "c2": 395,
                "l2": 2,
                "p2": -1,
                "via": 0
            },
            "path_num": 1,
            "paths": [
                {
                    "id1": 197643,
                    "x1": 94800,
                    "y1": 88320,
                    "real_x1": 94800,
                    "real_y1": 88545,
                    "r1": 368,
                    "c1": 395,
                    "l1": 0,
                    "p1": 943,
                    "id2": 772235,
                    "x2": 94800,
                    "y2": 88320,
                    "real_x2": 94800,
                    "real_y2": 88545,
                    "r2": 368,
                    "c2": 395,
                    "l2": 2,
                    "p2": -1,
                    "via": 0
                }
            ],
            "patch_num": 1,
            "patchs": [
                621
            ]
        },
        {
            "id": 3815,
            "feature": {
                "wire_width": 0,
                "wire_len": 0,
                "wire_density": 0.0,
                "drc_num": 0,
                "R": 0.0,
                "C": 0.00011754010831999985,
                "power": 2.11572194976e-06,
                "delay": 0.0,
                "slew": 0.0,
                "congestion": 0.0,
                "drc_type": []
            },
            "wire": {
                "id1": 780275,
                "x1": 94800,
                "y1": 91920,
                "real_x1": 94800,
                "real_y1": 91920,
                "r1": 383,
                "c1": 395,
                "l1": 2,