{
    "id": 328,
    "name": "dpath/a_reg/_035_",
    "feature": {
        "llx": 31200,
        "lly": 83760,
        "urx": 32400,
        "ury": 88800,
        "wire_len": 6480,
        "via_num": 4,
        "drc_num": 0,
        "drc_type": [],
        "R": 11.57142857142857,
        "C": 0.0032578851323200003,
        "power": 2.34598159052659e-07,
        "delay": 0.01725883565614286,
        "slew": 0.004089357696751936,
        "aspect_ratio": 4,
        "width": 1200,
        "height": 5040,
        "area": 6048000,
        "volume": 12096000,
        "layer_ratio": [
            0.0,
            0.0,
            0.2199999988079071,
            0.0,
            0.7799999713897705,
            0.0,
            0.0,
            0.0,
            0.0,
            0.0,
            0.0
        ],
        "place_feature": {
            "pin_num": 2,
            "aspect_ratio": 3,
            "width": 1249,
            "height": 3961,
            "area": 4947289,
            "l_ness": 1.0,
            "hpwl": 5210,
            "rsmt": 5210
        }
    },
    "pin_num": 2,
    "pins": [
        {
            "id": 895,
            "i": "dpath/a_reg/_118_",
            "p": "X",
            "driver": 1
        },
        {
            "id": 896,
            "i": "dpath/a_reg/_078_",
            "p": "A1",
            "driver": 0
        }
    ],
    "wire_num": 7,
    "wires": [
        {
            "id": 3623,
            "feature": {
                "wire_width": 0,
                "wire_len": 0,
                "wire_density": 0.0,
                "drc_num": 0,
                "R": 0.0,
                "C": 0.0,
                "power": 0.0,
                "delay": 0.0,
                "slew": 0.0,
                "congestion": 0.0,
                "drc_type": []
            },
            "wire": {
                "id1": 187194,
                "x1": 31200,
                "y1": 83760,
                "real_x1": 31410,
                "real_y1": 83765,
                "r1": 349,
                "c1": 130,
                "l1": 0,
                "p1": 895,
                "id2": 761786,
                "x2": 31200,
                "y2": 83760,
                "real_x2": 31410,
                "real_y2": 83765,
                "r2": 349,
                "c2": 130,
                "l2": 2,
                "p2": -1,
                "via": 0
            },
            "path_num": 1,
            "paths": [
                {
                    "id1": 187194,
                    "x1": 31200,
                    "y1": 83760,
                    "real_x1": 31410,
                    "real_y1": 83765,
                    "r1": 349,
                    "c1": 130,
                    "l1": 0,
                    "p1": 895,
                    "id2": 761786,
                    "x2": 31200,
                    "y2": 83760,
                    "real_x2": 31410,
                    "real_y2": 83765,
                    "r2": 349,
                    "c2": 130,
                    "l2": 2,
                    "p2": -1,
                    "via": 0
                }
            ],
            "patch_num": 1,
            "patchs": [
                577
            ]
        },
        {
            "id": 3624,
            "feature": {
                "wire_width": 140,
                "wire_len": 5040,
                "wire_density": 4.251789496715574e-05,
                "drc_num": 0,
                "R": 4.5,
                "C": 0.00020156886344000011,
                "power": 8.063800486231805e-06,
                "delay": 0.013244696719560002,
                "slew": 4.2963302533671754e-09,
                "congestion": -6.666666666666667,
                "drc_type": []
            },
            "wire": {
                "id1": 1336383,
                "x1": 32400,
                "y1": 83760,
                "real_x1": 32400,
                "real_y1": 83765,
                "r1": 349,
                "c1": 135,
                "l1": 4,
                "p1": -1,
                "id2": 1347639,
                "x2": 32400,
                "y2": 88800,
                "real_x2": 32400,
                "real_y2": 89015,
                "r2": 370,
                "c2": 135,
                "l2": 4,
                "p2": -1
            },
            "path_num": 1,
            "paths": [
                {
                    "id1": 1336383,
                    "x1": 32400,
                    "y1": 83760,
                    "real_x1": 32400,
                    "real_y1": 83765,
                    "r1": 349,
                    "c1": 135,
                    "l1": 4,
                    "p1": -1,
                    "id2": 1347639,
                    "x2": 32400,
                    "y2": 88800,
                    "real_x2": 32400,
                    "real_y2": 89015,
                    "r2": 370,
                    "c2": 135,
                    "l2": 4,
                    "p2": -1
                }
            ],
            "patch_num": 2,
            "patchs": [
                577,
                607
            ]
        },
        {
            "id": 3625,
            "feature": {
                "wire_width": 140,
                "wire_len": 240,
                "wire_density": null,
                "drc_num": 0,
                "R": 0.2142857142857144,
                "C": 1.5848537120000117e-05,
                "power": 6.340237234723589e-07,
                "delay": 0.000584110400811428,
                "slew": 7.72505670543211e-12,
                "congestion": 3.0,
                "drc_type": []
            },
            "wire": {
                "id1": 773046,
                "x1": 32160,
                "y1": 88800,
                "real_x1": 32320,
                "real_y1": 89015,
                "r1": 370,
                "c1": 134,
                "l1": 2,
                "p1": -1,
                "id2": 773047,
                "x2": 32400,
                "y2": 88800,
                "real_x2": 32400,
                "real_y2": 89015,
                "r2": 370,
                "c2": 135,
                "l2": 2,
                "p2": -1
            },
            "path_num": 1,
            "paths": [
                {
                    "id1": 773046,
                    "x1": 32160,
                    "y1": 88800,
                    "real_x1": 32320,
                    "real_y1": 89015,
                    "r1": 370,
                    "c1": 134,
                    "l1": 2,
                    "p1": -1,
                    "id2": 773047,
                    "x2": 32400,
                    "y2": 88800,
                    "real_x2": 32400,
                    "real_y2": 89015,
                    "r2": 370,
                    "c2": 135,
                    "l2": 2,
                    "p2": -1
                }
            ],
            "patch_num": 1,
            "patchs": [
                607
            ]
        },
        {
            "id": 3626,
            "feature": {
                "wire_width": 0,
                "wire_len": 0,
                "wire_density": 0.0,
                "drc_num": 0,
                "R": 0.0,
                "C": 1.5848537120000117e-05,
                "power": 6.340237234723453e-07,
                "delay": 0.0,
                "slew": 0.0,
                "congestion": 0.0,
                "drc_type": []
            },
            "wire": {
                "id1": 198454,
                "x1": 32160,
                "y1": 88800,
                "real_x1": 32320,
                "real_y1": 89015,
                "r1": 370,
                "c1": 134,
                "l1": 0,
                "p1": 896,