{
    "id": 663,
    "name": "req_msg[4]",
    "feature": {
        "llx": 1200,
        "lly": 41520,
        "urx": 1680,
        "ury": 41760,
        "wire_len": 720,
        "via_num": 5,
        "drc_num": 0,
        "drc_type": [],
        "R": 1.2857142857142856,
        "C": 0.00260237370272,
        "power": 8.431690796812801e-08,
        "delay": 0.0016496915473028571,
        "slew": 0.001649691547302857,
        "aspect_ratio": 2,
        "width": 480,
        "height": 240,
        "area": 115200,
        "volume": 115200,
        "layer_ratio": [
            0.0,
            0.0,
            1.0,
            0.0,
            0.0,
            0.0,
            0.0,
            0.0,
            0.0,
            0.0,
            0.0
        ],
        "place_feature": {
            "pin_num": 2,
            "aspect_ratio": 1,
            "width": 477,
            "height": 500,
            "area": 238500,
            "l_ness": 1.0,
            "hpwl": 977,
            "rsmt": 977
        }
    },
    "pin_num": 2,
    "pins": [
        {
            "id": 1767,
            "i": "",
            "p": "req_msg[4]",
            "driver": 1
        },
        {
            "id": 1768,
            "i": "dpath/b_mux/_081_",
            "p": "A",
            "driver": 0
        }
    ],
    "wire_num": 6,
    "wires": [
        {
            "id": 6721,
            "feature": {
                "wire_width": 0,
                "wire_len": 0,
                "wire_density": 0.0,
                "drc_num": 0,
                "R": 0.0,
                "C": 0.0,
                "power": 0.0,
                "delay": 0.0,
                "slew": 0.0,
                "congestion": 0.0,
                "drc_type": []
            },
            "wire": {
                "id1": 1242453,
                "x1": 1200,
                "y1": 41760,
                "real_x1": 1200,
                "real_y1": 41925,
                "r1": 174,
                "c1": 5,
                "l1": 4,
                "p1": -1,
                "id2": 1817045,
                "x2": 1200,
                "y2": 41760,
                "real_x2": 1200,
                "real_y2": 41975,
                "r2": 174,
                "c2": 5,
                "l2": 6,
                "p2": -1,
                "via": 10
            },
            "path_num": 1,
            "paths": [
                {
                    "id1": 1242453,
                    "x1": 1200,
                    "y1": 41760,
                    "real_x1": 1200,
                    "real_y1": 41925,
                    "r1": 174,
                    "c1": 5,
                    "l1": 4,
                    "p1": -1,
                    "id2": 1817045,
                    "x2": 1200,
                    "y2": 41760,
                    "real_x2": 1200,
                    "real_y2": 41975,
                    "r2": 174,
                    "c2": 5,
                    "l2": 6,
                    "p2": -1,
                    "via": 10
                }
            ],
            "patch_num": 1,
            "patchs": [
                270
            ]
        },
        {
            "id": 6723,
            "feature": {
                "wire_width": 0,
                "wire_len": 0,
                "wire_density": 0.0,
                "drc_num": 0,
                "R": 0.0,
                "C": 0.0,
                "power": 0.0,
                "delay": 0.0,
                "slew": 0.0,
                "congestion": 0.0,
                "drc_type": []
            },
            "wire": {
                "id1": 2391637,
                "x1": 1200,
                "y1": 41760,
                "real_x1": 1200,
                "real_y1": 41975,
                "r1": 174,
                "c1": 5,
                "l1": 8,
                "p1": -1,
                "id2": 2966229,
                "x2": 1200,
                "y2": 41760,
                "real_x2": 1200,
                "real_y2": 41975,
                "r2": 174,
                "c2": 5,
                "l2": 10,
                "p2": 1767,
                "via": 20
            },
            "path_num": 1,
            "paths": [
                {
                    "id1": 2391637,
                    "x1": 1200,
                    "y1": 41760,
                    "real_x1": 1200,
                    "real_y1": 41975,
                    "r1": 174,
                    "c1": 5,
                    "l1": 8,
                    "p1": -1,
                    "id2": 2966229,
                    "x2": 1200,
                    "y2": 41760,
                    "real_x2": 1200,
                    "real_y2": 41975,
                    "r2": 174,
                    "c2": 5,
                    "l2": 10,
                    "p2": 1767,
                    "via": 20
                }
            ],
            "patch_num": 1,
            "patchs": [
                270
            ]
        },
        {
            "id": 6724,
            "feature": {
                "wire_width": 0,
                "wire_len": 0,
                "wire_density": 0.0,
                "drc_num": 0,
                "R": 0.0,
                "C": 0.0,
                "power": 0.0,
                "delay": 0.0,
                "slew": 0.0,
                "congestion": 0.0,
                "drc_type": []
            },
            "wire": {
                "id1": 667861,
                "x1": 1200,
                "y1": 41760,
                "real_x1": 1200,
                "real_y1": 41925,
                "r1": 174,
                "c1": 5,
                "l1": 2,
                "p1": -1,
                "id2": 1242453,
                "x2": 1200,
                "y2": 41760,
                "real_x2": 1200,
                "real_y2": 41925,
                "r2": 174,
                "c2": 5,
                "l2": 4,
                "p2": -1,
                "via": 5
            },
            "path_num": 1,
            "paths": [
                {
                    "id1": 667861,
                    "x1": 1200,
                    "y1": 41760,
                    "real_x1": 1200,
                    "real_y1": 41925,
                    "r1": 174,
                    "c1": 5,
                    "l1": 2,
                    "p1": -1,
                    "id2": 1242453,
                    "x2": 1200,
                    "y2": 41760,
                    "real_x2": 1200,
                    "real_y2": 41925,
                    "r2": 174,
                    "c2": 5,
                    "l2": 4,
                    "p2": -1,
                    "via": 5
                }
            ],
            "patch_num": 1,
            "patchs": [
                270
            ]
        },
        {
            "id": 6725,
            "feature": {
                "wire_width": 0,
                "wire_len": 0,
                "wire_density": 0.0,
                "drc_num": 0,
                "R": 0.0,
                "C": 3.618685135999998e-05,
                "power": 6.513633244799964e-07,
                "delay": 0.0,
                "slew": 0.0,
                "congestion": 0.0,
                "drc_type": []
            },
            "wire": {
                "id1": 92735,
                "x1": 1680,
                "y1": 41520,
                "real_x1": 1680,
                "real_y1": 41595,
                "r1": 173,
                "c1": 7,
                "l1": 0,
                "p1": 1768,
                "id2": 667327,
                "x2": 1680,
                "y2": 41520,
                "real_x2": 1680,
                "real_y2": 41595,
                "r2": 173,