{
    "id": 227,
    "name": "dpath/a_mux/_038_",
    "feature": {
        "llx": 82080,
        "lly": 104880,
        "urx": 84960,
        "ury": 105360,
        "wire_len": 3360,
        "via_num": 2,
        "drc_num": 0,
        "drc_type": [],
        "R": 5.999999999999999,
        "C": 0.0032260951593599996,
        "power": 1.0452548316326401e-07,
        "delay": 0.009234142739039998,
        "slew": 0.0011781422642511072,
        "aspect_ratio": 6,
        "width": 2880,
        "height": 480,
        "area": 1382400,
        "volume": 1382400,
        "layer_ratio": [
            0.0,
            0.0,
            1.0,
            0.0,
            0.0,
            0.0,
            0.0,
            0.0,
            0.0,
            0.0,
            0.0
        ],
        "place_feature": {
            "pin_num": 2,
            "aspect_ratio": 105,
            "width": 2848,
            "height": 27,
            "area": 76896,
            "l_ness": 1.0,
            "hpwl": 2875,
            "rsmt": 2875
        }
    },
    "pin_num": 2,
    "pins": [
        {
            "id": 638,
            "i": "dpath/a_mux/_220_",
            "p": "X",
            "driver": 1
        },
        {
            "id": 639,
            "i": "dpath/a_mux/_156_",
            "p": "B1",
            "driver": 0
        }
    ],
    "wire_num": 3,
    "wires": [
        {
            "id": 2504,
            "feature": {
                "wire_width": 0,
                "wire_len": 0,
                "wire_density": 0.0,
                "drc_num": 0,
                "R": 0.0,
                "C": 0.0,
                "power": 0.0,
                "delay": 0.0,
                "slew": 0.0,
                "congestion": 0.0,
                "drc_type": []
            },
            "wire": {
                "id1": 235646,
                "x1": 82080,
                "y1": 105360,
                "real_x1": 82290,
                "real_y1": 105360,
                "r1": 439,
                "c1": 342,
                "l1": 0,
                "p1": 638,
                "id2": 810238,
                "x2": 82080,
                "y2": 105360,
                "real_x2": 82290,
                "real_y2": 105360,
                "r2": 439,
                "c2": 342,
                "l2": 2,
                "p2": -1,
                "via": 0
            },
            "path_num": 1,
            "paths": [
                {
                    "id1": 235646,
                    "x1": 82080,
                    "y1": 105360,
                    "real_x1": 82290,
                    "real_y1": 105360,
                    "r1": 439,
                    "c1": 342,
                    "l1": 0,
                    "p1": 638,
                    "id2": 810238,
                    "x2": 82080,
                    "y2": 105360,
                    "real_x2": 82290,
                    "real_y2": 105360,
                    "r2": 439,
                    "c2": 342,
                    "l2": 2,
                    "p2": -1,
                    "via": 0
                }
            ],
            "patch_num": 1,
            "patchs": [
                739
            ]
        },
        {
            "id": 2505,
            "feature": {
                "wire_width": 0,
                "wire_len": 0,
                "wire_density": 0.0,
                "drc_num": 0,
                "R": 0.0,
                "C": 0.00014804757967999986,
                "power": 2.664856434239994e-06,
                "delay": 0.0,
                "slew": 0.0,
                "congestion": 0.0,
                "drc_type": []
            },
            "wire": {
                "id1": 234586,
                "x1": 84960,
                "y1": 104880,
                "real_x1": 85170,
                "real_y1": 104880,
                "r1": 437,
                "c1": 354,
                "l1": 0,
                "p1": 639,
                "id2": 809178,
                "x2": 84960,
                "y2": 104880,
                "real_x2": 85170,
                "real_y2": 104880,
                "r2": 437,
                "c2": 354,
                "l2": 2,
                "p2": -1,
                "via": 0
            },
            "path_num": 1,
            "paths": [
                {
                    "id1": 234586,
                    "x1": 84960,
                    "y1": 104880,
                    "real_x1": 85170,
                    "real_y1": 104880,
                    "r1": 437,
                    "c1": 354,
                    "l1": 0,
                    "p1": 639,
                    "id2": 809178,
                    "x2": 84960,
                    "y2": 104880,
                    "real_x2": 85170,
                    "real_y2": 104880,
                    "r2": 437,
                    "c2": 354,
                    "l2": 2,
                    "p2": -1,
                    "via": 0
                }
            ],
            "patch_num": 1,
            "patchs": [
                739
            ]
        },
        {
            "id": 2506,
            "feature": {
                "wire_width": 140,
                "wire_len": 3360,
                "wire_density": 2.8345263311437162e-05,
                "drc_num": 0,
                "R": 2.9999999999999996,
                "C": 0.00014804757967999986,
                "power": 2.6648564342400007e-06,
                "delay": 0.009234142739039998,
                "slew": 1.1976374406086343e-09,
                "congestion": 3.5,
                "drc_type": []
            },
            "wire": {
                "id1": 810238,
                "x1": 82080,
                "y1": 105360,
                "real_x1": 82290,
                "real_y1": 105360,
                "r1": 439,
                "c1": 342,
                "l1": 2,
                "p1": -1,
                "id2": 809178,
                "x2": 84960,
                "y2": 104880,
                "real_x2": 85170,
                "real_y2": 104880,
                "r2": 437,
                "c2": 354,
                "l2": 2,
                "p2": -1
            },
            "path_num": 3,
            "paths": [
                {
                    "id1": 810238,
                    "x1": 82080,
                    "y1": 105360,
                    "real_x1": 82290,
                    "real_y1": 105360,
                    "r1": 439,
                    "c1": 342,
                    "l1": 2,
                    "p1": -1,
                    "id2": 810249,
                    "x2": 84720,
                    "y2": 105360,
                    "real_x2": 84720,
                    "real_y2": 105360,
                    "r2": 439,
                    "c2": 353,
                    "l2": 2,
                    "p2": -1
                },
                {
                    "id1": 810249,
                    "x1": 84720,
                    "y1": 105360,
                    "real_x1": 84720,
                    "real_y1": 105360,
                    "r1": 439,
                    "c1": 353,
                    "l1": 2,
                    "p1": -1,
                    "id2": 809177,
                    "x2": 84720,
                    "y2": 104880,
                    "real_x2": 84720,
                    "real_y2": 104880,
                    "r2": 437,
                    "c2": 353,
                    "l2": 2,
                    "p2": -1
                },
                {
                    "id1": 809177,
                    "x1": 84720,
                    "y1": 104880,
                    "real_x1": 84720,
                    "real_y1": 104880,
                    "r1": 437,