{
    "id": 192,
    "name": "dpath/a_mux/_003_",
    "feature": {
        "llx": 13440,
        "lly": 4800,
        "urx": 20400,
        "ury": 6000,
        "wire_len": 8880,
        "via_num": 2,
        "drc_num": 0,
        "drc_type": [],
        "R": 15.857142857142858,
        "C": 0.0036038763868800005,
        "power": 1.1676559493491203e-07,
        "delay": 0.02554536710513143,
        "slew": 0.02554536710513143,
        "aspect_ratio": 6,
        "width": 6960,
        "height": 1200,
        "area": 8352000,
        "volume": 8352000,
        "layer_ratio": [
            0.0,
            0.0,
            1.0,
            0.0,
            0.0,
            0.0,
            0.0,
            0.0,
            0.0,
            0.0,
            0.0
        ],
        "place_feature": {
            "pin_num": 2,
            "aspect_ratio": 252,
            "width": 6815,
            "height": 27,
            "area": 184005,
            "l_ness": 1.0,
            "hpwl": 6842,
            "rsmt": 6842
        }
    },
    "pin_num": 2,
    "pins": [
        {
            "id": 568,
            "i": "dpath/a_mux/_210_",
            "p": "X",
            "driver": 1
        },
        {
            "id": 569,
            "i": "dpath/a_mux/_146_",
            "p": "A",
            "driver": 0
        }
    ],
    "wire_num": 3,
    "wires": [
        {
            "id": 2238,
            "feature": {
                "wire_width": 0,
                "wire_len": 0,
                "wire_density": 0.0,
                "drc_num": 0,
                "R": 0.0,
                "C": 0.0,
                "power": 0.0,
                "delay": 0.0,
                "slew": 0.0,
                "congestion": 0.0,
                "drc_type": []
            },
            "wire": {
                "id1": 12384,
                "x1": 13440,
                "y1": 5520,
                "real_x1": 13650,
                "real_y1": 5520,
                "r1": 23,
                "c1": 56,
                "l1": 0,
                "p1": 568,
                "id2": 586976,
                "x2": 13440,
                "y2": 5520,
                "real_x2": 13650,
                "real_y2": 5520,
                "r2": 23,
                "c2": 56,
                "l2": 2,
                "p2": -1,
                "via": 0
            },
            "path_num": 1,
            "paths": [
                {
                    "id1": 12384,
                    "x1": 13440,
                    "y1": 5520,
                    "real_x1": 13650,
                    "real_y1": 5520,
                    "r1": 23,
                    "c1": 56,
                    "l1": 0,
                    "p1": 568,
                    "id2": 586976,
                    "x2": 13440,
                    "y2": 5520,
                    "real_x2": 13650,
                    "real_y2": 5520,
                    "r2": 23,
                    "c2": 56,
                    "l2": 2,
                    "p2": -1,
                    "via": 0
                }
            ],
            "patch_num": 1,
            "patchs": [
                33
            ]
        },
        {
            "id": 2239,
            "feature": {
                "wire_width": 0,
                "wire_len": 0,
                "wire_density": 0.0,
                "drc_num": 0,
                "R": 0.0,
                "C": 0.0003819381934400002,
                "power": 6.874887481920007e-06,
                "delay": 0.0,
                "slew": 0.0,
                "congestion": 0.0,
                "drc_type": []
            },
            "wire": {
                "id1": 10804,
                "x1": 20160,
                "y1": 4800,
                "real_x1": 20370,
                "real_y1": 5025,
                "r1": 20,
                "c1": 84,
                "l1": 0,
                "p1": 569,
                "id2": 585396,
                "x2": 20160,
                "y2": 4800,
                "real_x2": 20370,
                "real_y2": 5025,
                "r2": 20,
                "c2": 84,
                "l2": 2,
                "p2": -1,
                "via": 0
            },
            "path_num": 1,
            "paths": [
                {
                    "id1": 10804,
                    "x1": 20160,
                    "y1": 4800,
                    "real_x1": 20370,
                    "real_y1": 5025,
                    "r1": 20,
                    "c1": 84,
                    "l1": 0,
                    "p1": 569,
                    "id2": 585396,
                    "x2": 20160,
                    "y2": 4800,
                    "real_x2": 20370,
                    "real_y2": 5025,
                    "r2": 20,
                    "c2": 84,
                    "l2": 2,
                    "p2": -1,
                    "via": 0
                }
            ],
            "patch_num": 1,
            "patchs": [
                34
            ]
        },
        {
            "id": 2240,
            "feature": {
                "wire_width": 140,
                "wire_len": 8880,
                "wire_density": 7.491248160879822e-05,
                "drc_num": 0,
                "R": 7.928571428571429,
                "C": 0.0003819381934400002,
                "power": 6.8748874819200004e-06,
                "delay": 0.02554536710513143,
                "slew": 2.554536710513143e-05,
                "congestion": 32.0,
                "drc_type": []
            },
            "wire": {
                "id1": 586976,
                "x1": 13440,
                "y1": 5520,
                "real_x1": 13650,
                "real_y1": 5520,
                "r1": 23,
                "c1": 56,
                "l1": 2,
                "p1": -1,
                "id2": 585396,
                "x2": 20160,
                "y2": 4800,
                "real_x2": 20370,
                "real_y2": 5025,
                "r2": 20,
                "c2": 84,
                "l2": 2,
                "p2": -1
            },
            "path_num": 7,
            "paths": [
                {
                    "id1": 586976,
                    "x1": 13440,
                    "y1": 5520,
                    "real_x1": 13650,
                    "real_y1": 5520,
                    "r1": 23,
                    "c1": 56,
                    "l1": 2,
                    "p1": -1,
                    "id2": 586977,
                    "x2": 13680,
                    "y2": 5520,
                    "real_x2": 13680,
                    "real_y2": 5520,
                    "r2": 23,
                    "c2": 57,
                    "l2": 2,
                    "p2": -1
                },
                {
                    "id1": 586977,
                    "x1": 13680,
                    "y1": 5520,
                    "real_x1": 13680,
                    "real_y1": 5520,
                    "r1": 23,
                    "c1": 57,
                    "l1": 2,
                    "p1": -1,
                    "id2": 588049,
                    "x2": 13680,
                    "y2": 6000,
                    "real_x2": 13680,
                    "real_y2": 6000,
                    "r2": 25,
                    "c2": 57,
                    "l2": 2,
                    "p2": -1
                },
                {
                    "id1": 588049,
                    "x1": 13680,
                    "y1": 6000,
                    "real_x1": 13680,
                    "real_y1": 6000,
                    "r1": 25,
                    "c1": 57,
                    "l1": 2,
                    "p1": -1,