{
    "id": 414,
    "name": "dpath/b_reg/_005_",
    "feature": {
        "llx": 112320,
        "lly": 78720,
        "urx": 123360,
        "ury": 78720,
        "wire_len": 11040,
        "via_num": 2,
        "drc_num": 0,
        "drc_type": [],
        "R": 19.71428571428571,
        "C": 0.00271692121504,
        "power": 2.0251995009224215e-07,
        "delay": 0.022114111702697142,
        "slew": 0.0072666258785424945,
        "aspect_ratio": 1,
        "width": 11040,
        "height": 0,
        "area": 0,
        "volume": 0,
        "layer_ratio": [
            0.0,
            0.0,
            1.0,
            0.0,
            0.0,
            0.0,
            0.0,
            0.0,
            0.0,
            0.0,
            0.0
        ],
        "place_feature": {
            "pin_num": 2,
            "aspect_ratio": 32,
            "width": 11117,
            "height": 344,
            "area": 3824248,
            "l_ness": 1.0,
            "hpwl": 11461,
            "rsmt": 11461
        }
    },
    "pin_num": 2,
    "pins": [
        {
            "id": 1091,
            "i": "dpath/b_reg/_128_",
            "p": "X",
            "driver": 1
        },
        {
            "id": 1092,
            "i": "dpath/b_reg/_146_",
            "p": "D",
            "driver": 0
        }
    ],
    "wire_num": 3,
    "wires": [
        {
            "id": 4359,
            "feature": {
                "wire_width": 0,
                "wire_len": 0,
                "wire_density": 0.0,
                "drc_num": 0,
                "R": 0.0,
                "C": 0.0,
                "power": 0.0,
                "delay": 0.0,
                "slew": 0.0,
                "congestion": 0.0,
                "drc_type": []
            },
            "wire": {
                "id1": 176322,
                "x1": 123360,
                "y1": 78720,
                "real_x1": 123570,
                "real_y1": 78950,
                "r1": 328,
                "c1": 514,
                "l1": 0,
                "p1": 1091,
                "id2": 750914,
                "x2": 123360,
                "y2": 78720,
                "real_x2": 123570,
                "real_y2": 78950,
                "r2": 328,
                "c2": 514,
                "l2": 2,
                "p2": -1,
                "via": 0
            },
            "path_num": 1,
            "paths": [
                {
                    "id1": 176322,
                    "x1": 123360,
                    "y1": 78720,
                    "real_x1": 123570,
                    "real_y1": 78950,
                    "r1": 328,
                    "c1": 514,
                    "l1": 0,
                    "p1": 1091,
                    "id2": 750914,
                    "x2": 123360,
                    "y2": 78720,
                    "real_x2": 123570,
                    "real_y2": 78950,
                    "r2": 328,
                    "c2": 514,
                    "l2": 2,
                    "p2": -1,
                    "via": 0
                }
            ],
            "patch_num": 1,
            "patchs": [
                568
            ]
        },
        {
            "id": 4360,
            "feature": {
                "wire_width": 0,
                "wire_len": 0,
                "wire_density": 0.0,
                "drc_num": 0,
                "R": 0.0,
                "C": 0.00047346060752,
                "power": 1.9606592048791477e-05,
                "delay": 0.0,
                "slew": 0.0,
                "congestion": 0.0,
                "drc_type": []
            },
            "wire": {
                "id1": 176276,
                "x1": 112320,
                "y1": 78720,
                "real_x1": 112510,
                "real_y1": 78860,
                "r1": 328,
                "c1": 468,
                "l1": 0,
                "p1": 1092,
                "id2": 750868,
                "x2": 112320,
                "y2": 78720,
                "real_x2": 112510,
                "real_y2": 78860,
                "r2": 328,
                "c2": 468,
                "l2": 2,
                "p2": -1,
                "via": 0
            },
            "path_num": 1,
            "paths": [
                {
                    "id1": 176276,
                    "x1": 112320,
                    "y1": 78720,
                    "real_x1": 112510,
                    "real_y1": 78860,
                    "r1": 328,
                    "c1": 468,
                    "l1": 0,
                    "p1": 1092,
                    "id2": 750868,
                    "x2": 112320,
                    "y2": 78720,
                    "real_x2": 112510,
                    "real_y2": 78860,
                    "r2": 328,
                    "c2": 468,
                    "l2": 2,
                    "p2": -1,
                    "via": 0
                }
            ],
            "patch_num": 1,
            "patchs": [
                566
            ]
        },
        {
            "id": 4361,
            "feature": {
                "wire_width": 140,
                "wire_len": 11040,
                "wire_density": 9.31344365947221e-05,
                "drc_num": 0,
                "R": 9.857142857142856,
                "C": 0.0004734606075199998,
                "power": 1.9606592048791464e-05,
                "delay": 0.022114111702697142,
                "slew": 1.2068352768512813e-08,
                "congestion": -6.666666666666666,
                "drc_type": []
            },
            "wire": {
                "id1": 750914,
                "x1": 123360,
                "y1": 78720,
                "real_x1": 123570,
                "real_y1": 78950,
                "r1": 328,
                "c1": 514,
                "l1": 2,
                "p1": -1,
                "id2": 750868,
                "x2": 112320,
                "y2": 78720,
                "real_x2": 112510,
                "real_y2": 78860,
                "r2": 328,
                "c2": 468,
                "l2": 2,
                "p2": -1
            },
            "path_num": 2,
            "paths": [
                {
                    "id1": 750914,
                    "x1": 123360,
                    "y1": 78720,
                    "real_x1": 123570,
                    "real_y1": 78950,
                    "r1": 328,
                    "c1": 514,
                    "l1": 2,
                    "p1": -1,
                    "id2": 750906,
                    "x2": 121440,
                    "y2": 78720,
                    "real_x2": 121440,
                    "real_y2": 78860,
                    "r2": 328,
                    "c2": 506,
                    "l2": 2,
                    "p2": -1
                },
                {
                    "id1": 750906,
                    "x1": 121440,
                    "y1": 78720,
                    "real_x1": 121440,
                    "real_y1": 78860,
                    "r1": 328,
                    "c1": 506,
                    "l1": 2,
                    "p1": -1,
                    "id2": 750868,
                    "x2": 112320,
                    "y2": 78720,
                    "real_x2": 112510,
                    "real_y2": 78860,
                    "r2": 328,
                    "c2": 468,
                    "l2": 2,
                    "p2": -1
                }
            ],
            "patch_num": 3,
            "patchs": [
                566,
                567,
                568
            ]
        }
    ],