{
    "id": 387,
    "name": "dpath/b_mux/_028_",
    "feature": {
        "llx": 2400,
        "lly": 55200,
        "urx": 7440,
        "ury": 55920,
        "wire_len": 6240,
        "via_num": 2,
        "drc_num": 0,
        "drc_type": [],
        "R": 11.142857142857142,
        "C": 0.00325015493024,
        "power": 1.0530501973977602e-07,
        "delay": 0.01660328873424,
        "slew": 0.01660328873424,
        "aspect_ratio": 7,
        "width": 5040,
        "height": 720,
        "area": 3628800,
        "volume": 3628800,
        "layer_ratio": [
            0.0,
            0.0,
            1.0,
            0.0,
            0.0,
            0.0,
            0.0,
            0.0,
            0.0,
            0.0,
            0.0
        ],
        "place_feature": {
            "pin_num": 2,
            "aspect_ratio": 11,
            "width": 4129,
            "height": 377,
            "area": 1556633,
            "l_ness": 1.0,
            "hpwl": 4506,
            "rsmt": 4506
        }
    },
    "pin_num": 2,
    "pins": [
        {
            "id": 1022,
            "i": "dpath/b_mux/_087_",
            "p": "X",
            "driver": 1
        },
        {
            "id": 1023,
            "i": "dpath/b_mux/_057_",
            "p": "A1",
            "driver": 0
        }
    ],
    "wire_num": 3,
    "wires": [
        {
            "id": 4129,
            "feature": {
                "wire_width": 0,
                "wire_len": 0,
                "wire_density": 0.0,
                "drc_num": 0,
                "R": 0.0,
                "C": 0.0,
                "power": 0.0,
                "delay": 0.0,
                "slew": 0.0,
                "congestion": 0.0,
                "drc_type": []
            },
            "wire": {
                "id1": 123826,
                "x1": 2400,
                "y1": 55440,
                "real_x1": 2610,
                "real_y1": 55565,
                "r1": 231,
                "c1": 10,
                "l1": 0,
                "p1": 1022,
                "id2": 698418,
                "x2": 2400,
                "y2": 55440,
                "real_x2": 2610,
                "real_y2": 55565,
                "r2": 231,
                "c2": 10,
                "l2": 2,
                "p2": -1,
                "via": 0
            },
            "path_num": 1,
            "paths": [
                {
                    "id1": 123826,
                    "x1": 2400,
                    "y1": 55440,
                    "real_x1": 2610,
                    "real_y1": 55565,
                    "r1": 231,
                    "c1": 10,
                    "l1": 0,
                    "p1": 1022,
                    "id2": 698418,
                    "x2": 2400,
                    "y2": 55440,
                    "real_x2": 2610,
                    "real_y2": 55565,
                    "r2": 231,
                    "c2": 10,
                    "l2": 2,
                    "p2": -1,
                    "via": 0
                }
            ],
            "patch_num": 1,
            "patchs": [
                360
            ]
        },
        {
            "id": 4130,
            "feature": {
                "wire_width": 0,
                "wire_len": 0,
                "wire_density": 0.0,
                "drc_num": 0,
                "R": 0.0,
                "C": 0.0002700774651199999,
                "power": 4.861394372159996e-06,
                "delay": 0.0,
                "slew": 0.0,
                "congestion": 0.0,
                "drc_type": []
            },
            "wire": {
                "id1": 123311,
                "x1": 7440,
                "y1": 55200,
                "real_x1": 7500,
                "real_y1": 55430,
                "r1": 230,
                "c1": 31,
                "l1": 0,
                "p1": 1023,
                "id2": 697903,
                "x2": 7440,
                "y2": 55200,
                "real_x2": 7500,
                "real_y2": 55430,
                "r2": 230,
                "c2": 31,
                "l2": 2,
                "p2": -1,
                "via": 0
            },
            "path_num": 1,
            "paths": [
                {
                    "id1": 123311,
                    "x1": 7440,
                    "y1": 55200,
                    "real_x1": 7500,
                    "real_y1": 55430,
                    "r1": 230,
                    "c1": 31,
                    "l1": 0,
                    "p1": 1023,
                    "id2": 697903,
                    "x2": 7440,
                    "y2": 55200,
                    "real_x2": 7500,
                    "real_y2": 55430,
                    "r2": 230,
                    "c2": 31,
                    "l2": 2,
                    "p2": -1,
                    "via": 0
                }
            ],
            "patch_num": 1,
            "patchs": [
                361
            ]
        },
        {
            "id": 4131,
            "feature": {
                "wire_width": 140,
                "wire_len": 6240,
                "wire_density": 5.2641203292669014e-05,
                "drc_num": 0,
                "R": 5.571428571428571,
                "C": 0.0002700774651199999,
                "power": 4.861394372159996e-06,
                "delay": 0.01660328873424,
                "slew": 1.6603288734239998e-05,
                "congestion": -8.333333333333334,
                "drc_type": []
            },
            "wire": {
                "id1": 698418,
                "x1": 2400,
                "y1": 55440,
                "real_x1": 2610,
                "real_y1": 55565,
                "r1": 231,
                "c1": 10,
                "l1": 2,
                "p1": -1,
                "id2": 697903,
                "x2": 7440,
                "y2": 55200,
                "real_x2": 7500,
                "real_y2": 55430,
                "r2": 230,
                "c2": 31,
                "l2": 2,
                "p2": -1
            },
            "path_num": 4,
            "paths": [
                {
                    "id1": 698418,
                    "x1": 2400,
                    "y1": 55440,
                    "real_x1": 2610,
                    "real_y1": 55565,
                    "r1": 231,
                    "c1": 10,
                    "l1": 2,
                    "p1": -1,
                    "id2": 698419,
                    "x2": 2640,
                    "y2": 55440,
                    "real_x2": 2640,
                    "real_y2": 55565,
                    "r2": 231,
                    "c2": 11,
                    "l2": 2,
                    "p2": -1
                },
                {
                    "id1": 698419,
                    "x1": 2640,
                    "y1": 55440,
                    "real_x1": 2640,
                    "real_y1": 55565,
                    "r1": 231,
                    "c1": 11,
                    "l1": 2,
                    "p1": -1,
                    "id2": 699491,
                    "x2": 2640,
                    "y2": 55920,
                    "real_x2": 2640,
                    "real_y2": 55920,
                    "r2": 233,
                    "c2": 11,
                    "l2": 2,
                    "p2": -1
                },
                {
                    "id1": 699491,
                    "x1": 2640,
                    "y1": 55920,
                    "real_x1": 2640,
                    "real_y1": 55920,
                    "r1": 233,
                    "c1": 11,
                    "l1": 2,