{
    "id": 455,
    "name": "dpath/b_reg/_046_",
    "feature": {
        "llx": 22560,
        "lly": 64080,
        "urx": 27600,
        "ury": 65520,
        "wire_len": 6480,
        "via_num": 2,
        "drc_num": 0,
        "drc_type": [],
        "R": 11.571428571428571,
        "C": 0.0032704932444800002,
        "power": 2.2785553933554251e-07,
        "delay": 0.01730071260010286,
        "slew": 0.004222002509070656,
        "aspect_ratio": 4,
        "width": 5040,
        "height": 1440,
        "area": 7257600,
        "volume": 7257600,
        "layer_ratio": [
            0.0,
            0.0,
            1.0,
            0.0,
            0.0,
            0.0,
            0.0,
            0.0,
            0.0,
            0.0,
            0.0
        ],
        "place_feature": {
            "pin_num": 2,
            "aspect_ratio": 11,
            "width": 4129,
            "height": 377,
            "area": 1556633,
            "l_ness": 1.0,
            "hpwl": 4506,
            "rsmt": 4506
        }
    },
    "pin_num": 2,
    "pins": [
        {
            "id": 1179,
            "i": "dpath/b_reg/_106_",
            "p": "X",
            "driver": 1
        },
        {
            "id": 1180,
            "i": "dpath/b_reg/_074_",
            "p": "A1",
            "driver": 0
        }
    ],
    "wire_num": 3,
    "wires": [
        {
            "id": 4665,
            "feature": {
                "wire_width": 0,
                "wire_len": 0,
                "wire_density": 0.0,
                "drc_num": 0,
                "R": 0.0,
                "C": 0.0,
                "power": 0.0,
                "delay": 0.0,
                "slew": 0.0,
                "congestion": 0.0,
                "drc_type": []
            },
            "wire": {
                "id1": 146422,
                "x1": 22560,
                "y1": 65520,
                "real_x1": 22770,
                "real_y1": 65520,
                "r1": 273,
                "c1": 94,
                "l1": 0,
                "p1": 1179,
                "id2": 721014,
                "x2": 22560,
                "y2": 65520,
                "real_x2": 22770,
                "real_y2": 65520,
                "r2": 273,
                "c2": 94,
                "l2": 2,
                "p2": -1,
                "via": 0
            },
            "path_num": 1,
            "paths": [
                {
                    "id1": 146422,
                    "x1": 22560,
                    "y1": 65520,
                    "real_x1": 22770,
                    "real_y1": 65520,
                    "r1": 273,
                    "c1": 94,
                    "l1": 0,
                    "p1": 1179,
                    "id2": 721014,
                    "x2": 22560,
                    "y2": 65520,
                    "real_x2": 22770,
                    "real_y2": 65520,
                    "r2": 273,
                    "c2": 94,
                    "l2": 2,
                    "p2": -1,
                    "via": 0
                }
            ],
            "patch_num": 1,
            "patchs": [
                455
            ]
        },
        {
            "id": 4666,
            "feature": {
                "wire_width": 0,
                "wire_len": 0,
                "wire_density": 0.0,
                "drc_num": 0,
                "R": 0.0,
                "C": 0.00028024662224000003,
                "power": 1.0847114297452809e-05,
                "delay": 0.0,
                "slew": 0.0,
                "congestion": 0.0,
                "drc_type": []
            },
            "wire": {
                "id1": 143227,
                "x1": 27600,
                "y1": 64080,
                "real_x1": 27660,
                "real_y1": 64165,
                "r1": 267,
                "c1": 115,
                "l1": 0,
                "p1": 1180,
                "id2": 717819,
                "x2": 27600,
                "y2": 64080,
                "real_x2": 27660,
                "real_y2": 64165,
                "r2": 267,
                "c2": 115,
                "l2": 2,
                "p2": -1,
                "via": 0
            },
            "path_num": 1,
            "paths": [
                {
                    "id1": 143227,
                    "x1": 27600,
                    "y1": 64080,
                    "real_x1": 27660,
                    "real_y1": 64165,
                    "r1": 267,
                    "c1": 115,
                    "l1": 0,
                    "p1": 1180,
                    "id2": 717819,
                    "x2": 27600,
                    "y2": 64080,
                    "real_x2": 27660,
                    "real_y2": 64165,
                    "r2": 267,
                    "c2": 115,
                    "l2": 2,
                    "p2": -1,
                    "via": 0
                }
            ],
            "patch_num": 1,
            "patchs": [
                426
            ]
        },
        {
            "id": 4667,
            "feature": {
                "wire_width": 140,
                "wire_len": 6480,
                "wire_density": 5.4665864957771666e-05,
                "drc_num": 0,
                "R": 5.785714285714286,
                "C": 0.00028024662224000003,
                "power": 1.0847114297452795e-05,
                "delay": 0.01730071260010286,
                "slew": 4.4893603903806145e-09,
                "congestion": -4.0,
                "drc_type": []
            },
            "wire": {
                "id1": 721014,
                "x1": 22560,
                "y1": 65520,
                "real_x1": 22770,
                "real_y1": 65520,
                "r1": 273,
                "c1": 94,
                "l1": 2,
                "p1": -1,
                "id2": 717819,
                "x2": 27600,
                "y2": 64080,
                "real_x2": 27660,
                "real_y2": 64165,
                "r2": 267,
                "c2": 115,
                "l2": 2,
                "p2": -1
            },
            "path_num": 3,
            "paths": [
                {
                    "id1": 721014,
                    "x1": 22560,
                    "y1": 65520,
                    "real_x1": 22770,
                    "real_y1": 65520,
                    "r1": 273,
                    "c1": 94,
                    "l1": 2,
                    "p1": -1,
                    "id2": 721029,
                    "x2": 26160,
                    "y2": 65520,
                    "real_x2": 26160,
                    "real_y2": 65520,
                    "r2": 273,
                    "c2": 109,
                    "l2": 2,
                    "p2": -1
                },
                {
                    "id1": 721029,
                    "x1": 26160,
                    "y1": 65520,
                    "real_x1": 26160,
                    "real_y1": 65520,
                    "r1": 273,
                    "c1": 109,
                    "l1": 2,
                    "p1": -1,
                    "id2": 717813,
                    "x2": 26160,
                    "y2": 64080,
                    "real_x2": 26160,
                    "real_y2": 64165,
                    "r2": 267,
                    "c2": 109,
                    "l2": 2,
                    "p2": -1
                },
                {
                    "id1": 717813,
                    "x1": 26160,
                    "y1": 64080,
                    "real_x1": 26160,
                    "real_y1": 64165,
                    "r1": 267,
                    "c1": 109,