{
    "id": 30,
    "name": "ctrl/state/_02_",
    "feature": {
        "llx": 91440,
        "lly": 50880,
        "urx": 94080,
        "ury": 51600,
        "wire_len": 3360,
        "via_num": 2,
        "drc_num": 0,
        "drc_type": [],
        "R": 5.999999999999999,
        "C": 0.00282609515936,
        "power": 1.0873543796608429e-07,
        "delay": 0.008034142739039999,
        "slew": 0.0006431517417948146,
        "aspect_ratio": 4,
        "width": 2640,
        "height": 720,
        "area": 1900800,
        "volume": 1900800,
        "layer_ratio": [
            0.0,
            0.0,
            1.0,
            0.0,
            0.0,
            0.0,
            0.0,
            0.0,
            0.0,
            0.0,
            0.0
        ],
        "place_feature": {
            "pin_num": 2,
            "aspect_ratio": 8,
            "width": 3985,
            "height": 508,
            "area": 2024380,
            "l_ness": 1.0,
            "hpwl": 4493,
            "rsmt": 4493
        }
    },
    "pin_num": 2,
    "pins": [
        {
            "id": 81,
            "i": "ctrl/state/_07_",
            "p": "Y",
            "driver": 1
        },
        {
            "id": 82,
            "i": "ctrl/state/_11_",
            "p": "A",
            "driver": 0
        }
    ],
    "wire_num": 3,
    "wires": [
        {
            "id": 311,
            "feature": {
                "wire_width": 0,
                "wire_len": 0,
                "wire_density": 0.0,
                "drc_num": 0,
                "R": 0.0,
                "C": 0.00014804757967999986,
                "power": 3.164558537600521e-06,
                "delay": 0.0,
                "slew": 0.0,
                "congestion": 0.0,
                "drc_type": []
            },
            "wire": {
                "id1": 115632,
                "x1": 94080,
                "y1": 51600,
                "real_x1": 94290,
                "real_y1": 51600,
                "r1": 215,
                "c1": 392,
                "l1": 0,
                "p1": 82,
                "id2": 690224,
                "x2": 94080,
                "y2": 51600,
                "real_x2": 94290,
                "real_y2": 51600,
                "r2": 215,
                "c2": 392,
                "l2": 2,
                "p2": -1,
                "via": 0
            },
            "path_num": 1,
            "paths": [
                {
                    "id1": 115632,
                    "x1": 94080,
                    "y1": 51600,
                    "real_x1": 94290,
                    "real_y1": 51600,
                    "r1": 215,
                    "c1": 392,
                    "l1": 0,
                    "p1": 82,
                    "id2": 690224,
                    "x2": 94080,
                    "y2": 51600,
                    "real_x2": 94290,
                    "real_y2": 51600,
                    "r2": 215,
                    "c2": 392,
                    "l2": 2,
                    "p2": -1,
                    "via": 0
                }
            ],
            "patch_num": 1,
            "patchs": [
                351
            ]
        },
        {
            "id": 312,
            "feature": {
                "wire_width": 0,
                "wire_len": 0,
                "wire_density": 0.0,
                "drc_num": 0,
                "R": 0.0,
                "C": 0.0,
                "power": 0.0,
                "delay": 0.0,
                "slew": 0.0,
                "congestion": 0.0,
                "drc_type": []
            },
            "wire": {
                "id1": 114013,
                "x1": 91440,
                "y1": 50880,
                "real_x1": 91470,
                "real_y1": 51045,
                "r1": 212,
                "c1": 381,
                "l1": 0,
                "p1": 81,
                "id2": 688605,
                "x2": 91440,
                "y2": 50880,
                "real_x2": 91470,
                "real_y2": 51045,
                "r2": 212,
                "c2": 381,
                "l2": 2,
                "p2": -1,
                "via": 0
            },
            "path_num": 1,
            "paths": [
                {
                    "id1": 114013,
                    "x1": 91440,
                    "y1": 50880,
                    "real_x1": 91470,
                    "real_y1": 51045,
                    "r1": 212,
                    "c1": 381,
                    "l1": 0,
                    "p1": 81,
                    "id2": 688605,
                    "x2": 91440,
                    "y2": 50880,
                    "real_x2": 91470,
                    "real_y2": 51045,
                    "r2": 212,
                    "c2": 381,
                    "l2": 2,
                    "p2": -1,
                    "via": 0
                }
            ],
            "patch_num": 1,
            "patchs": [
                351
            ]
        },
        {
            "id": 313,
            "feature": {
                "wire_width": 140,
                "wire_len": 3360,
                "wire_density": 2.8345263311437162e-05,
                "drc_num": 0,
                "R": 2.9999999999999996,
                "C": 0.00014804757967999986,
                "power": 3.164558537600521e-06,
                "delay": 0.008034142739039999,
                "slew": 1.8367607504399253e-09,
                "congestion": -1.0,
                "drc_type": []
            },
            "wire": {
                "id1": 690224,
                "x1": 94080,
                "y1": 51600,
                "real_x1": 94290,
                "real_y1": 51600,
                "r1": 215,
                "c1": 392,
                "l1": 2,
                "p1": -1,
                "id2": 688605,
                "x2": 91440,
                "y2": 50880,
                "real_x2": 91470,
                "real_y2": 51045,
                "r2": 212,
                "c2": 381,
                "l2": 2,
                "p2": -1
            },
            "path_num": 3,
            "paths": [
                {
                    "id1": 690224,
                    "x1": 94080,
                    "y1": 51600,
                    "real_x1": 94290,
                    "real_y1": 51600,
                    "r1": 215,
                    "c1": 392,
                    "l1": 2,
                    "p1": -1,
                    "id2": 690223,
                    "x2": 93840,
                    "y2": 51600,
                    "real_x2": 93840,
                    "real_y2": 51600,
                    "r2": 215,
                    "c2": 391,
                    "l2": 2,
                    "p2": -1
                },
                {
                    "id1": 690223,
                    "x1": 93840,
                    "y1": 51600,
                    "real_x1": 93840,
                    "real_y1": 51600,
                    "r1": 215,
                    "c1": 391,
                    "l1": 2,
                    "p1": -1,
                    "id2": 688615,
                    "x2": 93840,
                    "y2": 50880,
                    "real_x2": 93840,
                    "real_y2": 51045,
                    "r2": 212,
                    "c2": 391,
                    "l2": 2,
                    "p2": -1
                },
                {
                    "id1": 688615,
                    "x1": 93840,
                    "y1": 50880,
                    "real_x1": 93840,
                    "real_y1": 51045,
                    "r1": 212,
                    "c1": 391,
                    "l1": 2,