{
    "id": 603,
    "name": "dpath/sub/_103_",
    "feature": {
        "llx": 2880,
        "lly": 114960,
        "urx": 9840,
        "ury": 118800,
        "wire_len": 10800,
        "via_num": 4,
        "drc_num": 0,
        "drc_type": [],
        "R": 19.285714285714285,
        "C": 0.0033521984534400006,
        "power": 1.3841164954820095e-07,
        "delay": 0.027865773249222854,
        "slew": 0.008514187304136625,
        "aspect_ratio": 2,
        "width": 6960,
        "height": 3840,
        "area": 26726400,
        "volume": 53452800,
        "layer_ratio": [
            0.0,
            0.0,
            0.6399999856948853,
            0.0,
            0.36000001430511475,
            0.0,
            0.0,
            0.0,
            0.0,
            0.0,
            0.0
        ],
        "place_feature": {
            "pin_num": 2,
            "aspect_ratio": 2,
            "width": 6643,
            "height": 3103,
            "area": 20613229,
            "l_ness": 1.0,
            "hpwl": 9746,
            "rsmt": 9746
        }
    },
    "pin_num": 2,
    "pins": [
        {
            "id": 1587,
            "i": "dpath/sub/_170_",
            "p": "X",
            "driver": 1
        },
        {
            "id": 1588,
            "i": "dpath/sub/_171_",
            "p": "B",
            "driver": 0
        }
    ],
    "wire_num": 7,
    "wires": [
        {
            "id": 6179,
            "feature": {
                "wire_width": 140,
                "wire_len": 3840,
                "wire_density": null,
                "drc_num": 0,
                "R": 3.428571428571428,
                "C": 0.0001548349102400001,
                "power": 3.551724774656429e-06,
                "delay": 0.008970966803931429,
                "slew": 1.166449228873212e-09,
                "congestion": -4.0,
                "drc_type": []
            },
            "wire": {
                "id1": 1405941,
                "x1": 3120,
                "y1": 114960,
                "real_x1": 3120,
                "real_y1": 114960,
                "r1": 479,
                "c1": 13,
                "l1": 4,
                "p1": -1,
                "id2": 1414517,
                "x2": 3120,
                "y2": 118800,
                "real_x2": 3120,
                "real_y2": 118800,
                "r2": 495,
                "c2": 13,
                "l2": 4,
                "p2": -1
            },
            "path_num": 1,
            "paths": [
                {
                    "id1": 1405941,
                    "x1": 3120,
                    "y1": 114960,
                    "real_x1": 3120,
                    "real_y1": 114960,
                    "r1": 479,
                    "c1": 13,
                    "l1": 4,
                    "p1": -1,
                    "id2": 1414517,
                    "x2": 3120,
                    "y2": 118800,
                    "real_x2": 3120,
                    "real_y2": 118800,
                    "r2": 495,
                    "c2": 13,
                    "l2": 4,
                    "p2": -1
                }
            ],
            "patch_num": 2,
            "patchs": [
                780,
                810
            ]
        },
        {
            "id": 6180,
            "feature": {
                "wire_width": 0,
                "wire_len": 0,
                "wire_density": 0.0,
                "drc_num": 0,
                "R": 0.0,
                "C": 0.0002904157793600002,
                "power": 6.661785232446851e-06,
                "delay": 0.0,
                "slew": 0.0,
                "congestion": 0.0,
                "drc_type": []
            },
            "wire": {
                "id1": 839925,
                "x1": 3120,
                "y1": 118800,
                "real_x1": 3120,
                "real_y1": 118800,
                "r1": 495,
                "c1": 13,
                "l1": 2,
                "p1": -1,
                "id2": 1414517,
                "x2": 3120,
                "y2": 118800,
                "real_x2": 3120,
                "real_y2": 118800,
                "r2": 495,
                "c2": 13,
                "l2": 4,
                "p2": -1,
                "via": 5
            },
            "path_num": 1,
            "paths": [
                {
                    "id1": 839925,
                    "x1": 3120,
                    "y1": 118800,
                    "real_x1": 3120,
                    "real_y1": 118800,
                    "r1": 495,
                    "c1": 13,
                    "l1": 2,
                    "p1": -1,
                    "id2": 1414517,
                    "x2": 3120,
                    "y2": 118800,
                    "real_x2": 3120,
                    "real_y2": 118800,
                    "r2": 495,
                    "c2": 13,
                    "l2": 4,
                    "p2": -1,
                    "via": 5
                }
            ],
            "patch_num": 1,
            "patchs": [
                810
            ]
        },
        {
            "id": 6181,
            "feature": {
                "wire_width": 140,
                "wire_len": 240,
                "wire_density": null,
                "drc_num": 0,
                "R": 0.21428571428571352,
                "C": 1.5848537120000117e-05,
                "power": 3.6354619151401723e-07,
                "delay": 0.000524110400811427,
                "slew": 3.5893371608253233e-12,
                "congestion": 3.0,
                "drc_type": []
            },
            "wire": {
                "id1": 831348,
                "x1": 2880,
                "y1": 114960,
                "real_x1": 3090,
                "real_y1": 114960,
                "r1": 479,
                "c1": 12,
                "l1": 2,
                "p1": -1,
                "id2": 831349,
                "x2": 3120,
                "y2": 114960,
                "real_x2": 3120,
                "real_y2": 114960,
                "r2": 479,
                "c2": 13,
                "l2": 2,
                "p2": -1
            },
            "path_num": 1,
            "paths": [
                {
                    "id1": 831348,
                    "x1": 2880,
                    "y1": 114960,
                    "real_x1": 3090,
                    "real_y1": 114960,
                    "r1": 479,
                    "c1": 12,
                    "l1": 2,
                    "p1": -1,
                    "id2": 831349,
                    "x2": 3120,
                    "y2": 114960,
                    "real_x2": 3120,
                    "real_y2": 114960,
                    "r2": 479,
                    "c2": 13,
                    "l2": 2,
                    "p2": -1
                }
            ],
            "patch_num": 1,
            "patchs": [
                780
            ]
        },
        {
            "id": 6182,
            "feature": {
                "wire_width": 140,
                "wire_len": 6720,
                "wire_density": 1.0208333333333333,
                "drc_num": 0,
                "R": 5.999999999999999,
                "C": 0.0002904157793600002,
                "power": 6.661785232446851e-06,
                "delay": 0.01837069604448,
                "slew": 8.291375919178279e-09,
                "congestion": -3.0,
                "drc_type": []
            },
            "wire": {
                "id1": 839925,
                "x1": 3120,
                "y1": 118800,
                "real_x1": 3120,
                "real_y1": 118800,
                "r1": 495,