{
    "id": 451,
    "name": "dpath/b_reg/_042_",
    "feature": {
        "llx": 12000,
        "lly": 27840,
        "urx": 17040,
        "ury": 30720,
        "wire_len": 7920,
        "via_num": 4,
        "drc_num": 0,
        "drc_type": [],
        "R": 14.142857142857142,
        "C": 0.0033833588544000003,
        "power": 2.3608050945272278e-07,
        "delay": 0.021509152209565716,
        "slew": 0.005950639250591694,
        "aspect_ratio": 2,
        "width": 5040,
        "height": 2880,
        "area": 14515200,
        "volume": 29030400,
        "layer_ratio": [
            0.0,
            0.0,
            0.6399999856948853,
            0.0,
            0.36000001430511475,
            0.0,
            0.0,
            0.0,
            0.0,
            0.0,
            0.0
        ],
        "place_feature": {
            "pin_num": 2,
            "aspect_ratio": 2,
            "width": 4129,
            "height": 2699,
            "area": 11144171,
            "l_ness": 1.0,
            "hpwl": 6828,
            "rsmt": 6828
        }
    },
    "pin_num": 2,
    "pins": [
        {
            "id": 1171,
            "i": "dpath/b_reg/_094_",
            "p": "X",
            "driver": 1
        },
        {
            "id": 1172,
            "i": "dpath/b_reg/_070_",
            "p": "A1",
            "driver": 0
        }
    ],
    "wire_num": 6,
    "wires": [
        {
            "id": 4645,
            "feature": {
                "wire_width": 0,
                "wire_len": 0,
                "wire_density": 0.0,
                "drc_num": 0,
                "R": 0.0,
                "C": 0.00021923167952000002,
                "power": 8.498511688884649e-06,
                "delay": 0.0,
                "slew": 0.0,
                "congestion": 0.0,
                "drc_type": []
            },
            "wire": {
                "id1": 636839,
                "x1": 17040,
                "y1": 27840,
                "real_x1": 17040,
                "real_y1": 28065,
                "r1": 116,
                "c1": 71,
                "l1": 2,
                "p1": -1,
                "id2": 1211431,
                "x2": 17040,
                "y2": 27840,
                "real_x2": 17040,
                "real_y2": 28065,
                "r2": 116,
                "c2": 71,
                "l2": 4,
                "p2": -1,
                "via": 5
            },
            "path_num": 1,
            "paths": [
                {
                    "id1": 636839,
                    "x1": 17040,
                    "y1": 27840,
                    "real_x1": 17040,
                    "real_y1": 28065,
                    "r1": 116,
                    "c1": 71,
                    "l1": 2,
                    "p1": -1,
                    "id2": 1211431,
                    "x2": 17040,
                    "y2": 27840,
                    "real_x2": 17040,
                    "real_y2": 28065,
                    "r2": 116,
                    "c2": 71,
                    "l2": 4,
                    "p2": -1,
                    "via": 5
                }
            ],
            "patch_num": 1,
            "patchs": [
                183
            ]
        },
        {
            "id": 4646,
            "feature": {
                "wire_width": 0,
                "wire_len": 0,
                "wire_density": 0.0,
                "drc_num": 0,
                "R": 0.0,
                "C": 0.0,
                "power": 0.0,
                "delay": 0.0,
                "slew": 0.0,
                "congestion": 0.0,
                "drc_type": []
            },
            "wire": {
                "id1": 68679,
                "x1": 17040,
                "y1": 30720,
                "real_x1": 17100,
                "real_y1": 30865,
                "r1": 128,
                "c1": 71,
                "l1": 0,
                "p1": 1172,
                "id2": 643271,
                "x2": 17040,
                "y2": 30720,
                "real_x2": 17100,
                "real_y2": 30865,
                "r2": 128,
                "c2": 71,
                "l2": 2,
                "p2": -1,
                "via": 0
            },
            "path_num": 1,
            "paths": [
                {
                    "id1": 68679,
                    "x1": 17040,
                    "y1": 30720,
                    "real_x1": 17100,
                    "real_y1": 30865,
                    "r1": 128,
                    "c1": 71,
                    "l1": 0,
                    "p1": 1172,
                    "id2": 643271,
                    "x2": 17040,
                    "y2": 30720,
                    "real_x2": 17100,
                    "real_y2": 30865,
                    "r2": 128,
                    "c2": 71,
                    "l2": 2,
                    "p2": -1,
                    "via": 0
                }
            ],
            "patch_num": 1,
            "patchs": [
                213
            ]
        },
        {
            "id": 4647,
            "feature": {
                "wire_width": 0,
                "wire_len": 0,
                "wire_density": 0.0,
                "drc_num": 0,
                "R": 0.0,
                "C": 0.0,
                "power": 0.0,
                "delay": 0.0,
                "slew": 0.0,
                "congestion": 0.0,
                "drc_type": []
            },
            "wire": {
                "id1": 62226,
                "x1": 12000,
                "y1": 27840,
                "real_x1": 12210,
                "real_y1": 28065,
                "r1": 116,
                "c1": 50,
                "l1": 0,
                "p1": 1171,
                "id2": 636818,
                "x2": 12000,
                "y2": 27840,
                "real_x2": 12210,
                "real_y2": 28065,
                "r2": 116,
                "c2": 50,
                "l2": 2,
                "p2": -1,
                "via": 0
            },
            "path_num": 1,
            "paths": [
                {
                    "id1": 62226,
                    "x1": 12000,
                    "y1": 27840,
                    "real_x1": 12210,
                    "real_y1": 28065,
                    "r1": 116,
                    "c1": 50,
                    "l1": 0,
                    "p1": 1171,
                    "id2": 636818,
                    "x2": 12000,
                    "y2": 27840,
                    "real_x2": 12210,
                    "real_y2": 28065,
                    "r2": 116,
                    "c2": 50,
                    "l2": 2,
                    "p2": -1,
                    "via": 0
                }
            ],
            "patch_num": 1,
            "patchs": [
                182
            ]
        },
        {
            "id": 4648,
            "feature": {
                "wire_width": 140,
                "wire_len": 2880,
                "wire_density": 2.4295939981231852e-05,
                "drc_num": 0,
                "R": 2.571428571428571,
                "C": 0.00011744774768000007,
                "power": 4.552859598927622e-06,
                "delay": 0.007270579922605713,
                "slew": 7.762992818016734e-10,
                "congestion": -7.5,
                "drc_type": []
            },
            "wire": {
                "id1": 1211431,
                "x1": 17040,
                "y1": 27840,
                "real_x1": 17040,
                "real_y1": 28065,
                "r1": 116,
                "c1": 71,
                "l1": 4,
                "p1": -1,