{
    "id": 409,
    "name": "dpath/b_reg/_000_",
    "feature": {
        "llx": 31200,
        "lly": 4320,
        "urx": 33360,
        "ury": 10320,
        "wire_len": 8400,
        "via_num": 4,
        "drc_num": 0,
        "drc_type": [],
        "R": 14.999999999999996,
        "C": 0.0024740127144,
        "power": 1.8357589664848916e-07,
        "delay": 0.015898601641285714,
        "slew": 0.0039013053655019385,
        "aspect_ratio": 3,
        "width": 2160,
        "height": 6000,
        "area": 12960000,
        "volume": 25920000,
        "layer_ratio": [
            0.0,
            0.0,
            0.28999999165534973,
            0.0,
            0.7099999785423279,
            0.0,
            0.0,
            0.0,
            0.0,
            0.0,
            0.0
        ],
        "place_feature": {
            "pin_num": 2,
            "aspect_ratio": 3,
            "width": 1843,
            "height": 6316,
            "area": 11640388,
            "l_ness": 1.0,
            "hpwl": 8159,
            "rsmt": 8159
        }
    },
    "pin_num": 2,
    "pins": [
        {
            "id": 1081,
            "i": "dpath/b_reg/_086_",
            "p": "X",
            "driver": 1
        },
        {
            "id": 1082,
            "i": "dpath/b_reg/_132_",
            "p": "D",
            "driver": 0
        }
    ],
    "wire_num": 7,
    "wires": [
        {
            "id": 4324,
            "feature": {
                "wire_width": 0,
                "wire_len": 0,
                "wire_density": 0.0,
                "drc_num": 0,
                "R": 0.0,
                "C": 0.00023895602599999992,
                "power": 9.8505212643196e-06,
                "delay": 0.0,
                "slew": 0.0,
                "congestion": 0.0,
                "drc_type": []
            },
            "wire": {
                "id1": 584379,
                "x1": 33360,
                "y1": 4320,
                "real_x1": 33360,
                "real_y1": 4540,
                "r1": 18,
                "c1": 139,
                "l1": 2,
                "p1": -1,
                "id2": 1158971,
                "x2": 33360,
                "y2": 4320,
                "real_x2": 33360,
                "real_y2": 4540,
                "r2": 18,
                "c2": 139,
                "l2": 4,
                "p2": -1,
                "via": 5
            },
            "path_num": 1,
            "paths": [
                {
                    "id1": 584379,
                    "x1": 33360,
                    "y1": 4320,
                    "real_x1": 33360,
                    "real_y1": 4540,
                    "r1": 18,
                    "c1": 139,
                    "l1": 2,
                    "p1": -1,
                    "id2": 1158971,
                    "x2": 33360,
                    "y2": 4320,
                    "real_x2": 33360,
                    "real_y2": 4540,
                    "r2": 18,
                    "c2": 139,
                    "l2": 4,
                    "p2": -1,
                    "via": 5
                }
            ],
            "patch_num": 1,
            "patchs": [
                37
            ]
        },
        {
            "id": 4325,
            "feature": {
                "wire_width": 140,
                "wire_len": 2160,
                "wire_density": 1.822195498592389e-05,
                "drc_num": 0,
                "R": 1.9285714285714286,
                "C": 9.720179407999999e-05,
                "power": 4.006964609944833e-06,
                "delay": 0.0045838496320457145,
                "slew": 2.823116133227055e-09,
                "congestion": -3.0,
                "drc_type": []
            },
            "wire": {
                "id1": 597770,
                "x1": 31200,
                "y1": 10320,
                "real_x1": 31410,
                "real_y1": 10505,
                "r1": 43,
                "c1": 130,
                "l1": 2,
                "p1": -1,
                "id2": 597779,
                "x2": 33360,
                "y2": 10320,
                "real_x2": 33360,
                "real_y2": 10505,
                "r2": 43,
                "c2": 139,
                "l2": 2,
                "p2": -1
            },
            "path_num": 1,
            "paths": [
                {
                    "id1": 597770,
                    "x1": 31200,
                    "y1": 10320,
                    "real_x1": 31410,
                    "real_y1": 10505,
                    "r1": 43,
                    "c1": 130,
                    "l1": 2,
                    "p1": -1,
                    "id2": 597779,
                    "x2": 33360,
                    "y2": 10320,
                    "real_x2": 33360,
                    "real_y2": 10505,
                    "r2": 43,
                    "c2": 139,
                    "l2": 2,
                    "p2": -1
                }
            ],
            "patch_num": 1,
            "patchs": [
                67
            ]
        },
        {
            "id": 4326,
            "feature": {
                "wire_width": 140,
                "wire_len": 6000,
                "wire_density": null,
                "drc_num": 0,
                "R": 5.357142857142857,
                "C": 0.00023895602600000013,
                "power": 9.850521264319614e-06,
                "delay": 0.010932070179857142,
                "slew": 3.2641650805909084e-09,
                "congestion": -1.3333333333333333,
                "drc_type": []
            },
            "wire": {
                "id1": 1158971,
                "x1": 33360,
                "y1": 4320,
                "real_x1": 33360,
                "real_y1": 4540,
                "r1": 18,
                "c1": 139,
                "l1": 4,
                "p1": -1,
                "id2": 1172371,
                "x2": 33360,
                "y2": 10320,
                "real_x2": 33360,
                "real_y2": 10505,
                "r2": 43,
                "c2": 139,
                "l2": 4,
                "p2": -1
            },
            "path_num": 1,
            "paths": [
                {
                    "id1": 1158971,
                    "x1": 33360,
                    "y1": 4320,
                    "real_x1": 33360,
                    "real_y1": 4540,
                    "r1": 18,
                    "c1": 139,
                    "l1": 4,
                    "p1": -1,
                    "id2": 1172371,
                    "x2": 33360,
                    "y2": 10320,
                    "real_x2": 33360,
                    "real_y2": 10505,
                    "r2": 43,
                    "c2": 139,
                    "l2": 4,
                    "p2": -1
                }
            ],
            "patch_num": 2,
            "patchs": [
                37,
                67
            ]
        },
        {
            "id": 4327,
            "feature": {
                "wire_width": 0,
                "wire_len": 0,
                "wire_density": 0.0,
                "drc_num": 0,
                "R": 0.0,
                "C": 1.58485371199999e-05,
                "power": 6.533266999883737e-07,
                "delay": 0.0,
                "slew": 0.0,
                "congestion": 0.0,
                "drc_type": []
            },
            "wire": {
                "id1": 9786,
                "x1": 33120,
                "y1": 4320,
                "real_x1": 33310,
                "real_y1": 4540,
                "r1": 18,
                "c1": 138,
                "l1": 0,