{
    "id": 659,
    "name": "req_msg[0]",
    "feature": {
        "llx": 1200,
        "lly": 8160,
        "urx": 2160,
        "ury": 8400,
        "wire_len": 1200,
        "via_num": 5,
        "drc_num": 0,
        "drc_type": [],
        "R": 0.7293714285714286,
        "C": 0.0026661217764800006,
        "power": 8.638234555795202e-08,
        "delay": 0.0009382276792589806,
        "slew": 0.0009322595381543936,
        "aspect_ratio": 4,
        "width": 960,
        "height": 240,
        "area": 230400,
        "volume": 460800,
        "layer_ratio": [
            0.0,
            0.0,
            0.0,
            0.0,
            0.20000000298023224,
            0.0,
            0.800000011920929,
            0.0,
            0.0,
            0.0,
            0.0
        ],
        "place_feature": {
            "pin_num": 2,
            "aspect_ratio": 16,
            "width": 957,
            "height": 60,
            "area": 57420,
            "l_ness": 1.0,
            "hpwl": 1017,
            "rsmt": 1017
        }
    },
    "pin_num": 2,
    "pins": [
        {
            "id": 1755,
            "i": "",
            "p": "req_msg[0]",
            "driver": 1
        },
        {
            "id": 1756,
            "i": "dpath/b_mux/_068_",
            "p": "A",
            "driver": 0
        }
    ],
    "wire_num": 7,
    "wires": [
        {
            "id": 6690,
            "feature": {
                "wire_width": 0,
                "wire_len": 0,
                "wire_density": 0.0,
                "drc_num": 0,
                "R": 0.0,
                "C": 0.0,
                "power": 0.0,
                "delay": 0.0,
                "slew": 0.0,
                "congestion": 0.0,
                "drc_type": []
            },
            "wire": {
                "id1": 1742541,
                "x1": 1200,
                "y1": 8400,
                "real_x1": 1200,
                "real_y1": 8400,
                "r1": 35,
                "c1": 5,
                "l1": 6,
                "p1": -1,
                "id2": 2317133,
                "x2": 1200,
                "y2": 8400,
                "real_x2": 1200,
                "real_y2": 8400,
                "r2": 35,
                "c2": 5,
                "l2": 8,
                "p2": -1,
                "via": 15
            },
            "path_num": 1,
            "paths": [
                {
                    "id1": 1742541,
                    "x1": 1200,
                    "y1": 8400,
                    "real_x1": 1200,
                    "real_y1": 8400,
                    "r1": 35,
                    "c1": 5,
                    "l1": 6,
                    "p1": -1,
                    "id2": 2317133,
                    "x2": 1200,
                    "y2": 8400,
                    "real_x2": 1200,
                    "real_y2": 8400,
                    "r2": 35,
                    "c2": 5,
                    "l2": 8,
                    "p2": -1,
                    "via": 15
                }
            ],
            "patch_num": 1,
            "patchs": [
                30
            ]
        },
        {
            "id": 6691,
            "feature": {
                "wire_width": 0,
                "wire_len": 0,
                "wire_density": 0.0,
                "drc_num": 0,
                "R": 0.0,
                "C": 0.0,
                "power": 0.0,
                "delay": 0.0,
                "slew": 0.0,
                "congestion": 0.0,
                "drc_type": []
            },
            "wire": {
                "id1": 18233,
                "x1": 2160,
                "y1": 8160,
                "real_x1": 2160,
                "real_y1": 8375,
                "r1": 34,
                "c1": 9,
                "l1": 0,
                "p1": 1756,
                "id2": 592825,
                "x2": 2160,
                "y2": 8160,
                "real_x2": 2160,
                "real_y2": 8375,
                "r2": 34,
                "c2": 9,
                "l2": 2,
                "p2": -1,
                "via": 0
            },
            "path_num": 1,
            "paths": [
                {
                    "id1": 18233,
                    "x1": 2160,
                    "y1": 8160,
                    "real_x1": 2160,
                    "real_y1": 8375,
                    "r1": 34,
                    "c1": 9,
                    "l1": 0,
                    "p1": 1756,
                    "id2": 592825,
                    "x2": 2160,
                    "y2": 8160,
                    "real_x2": 2160,
                    "real_y2": 8375,
                    "r2": 34,
                    "c2": 9,
                    "l2": 2,
                    "p2": -1,
                    "via": 0
                }
            ],
            "patch_num": 1,
            "patchs": [
                30
            ]
        },
        {
            "id": 6692,
            "feature": {
                "wire_width": 300,
                "wire_len": 960,
                "wire_density": 1.735424284373704e-05,
                "drc_num": 0,
                "R": 0.1504,
                "C": 5.34278376000002e-05,
                "power": 9.617010768000003e-07,
                "delay": 0.0003929491684075521,
                "slew": 7.561608242189566e-07,
                "congestion": 1.0,
                "drc_type": []
            },
            "wire": {
                "id1": 1742541,
                "x1": 1200,
                "y1": 8400,
                "real_x1": 1200,
                "real_y1": 8400,
                "r1": 35,
                "c1": 5,
                "l1": 6,
                "p1": -1,
                "id2": 1742545,
                "x2": 2160,
                "y2": 8400,
                "real_x2": 2160,
                "real_y2": 8400,
                "r2": 35,
                "c2": 9,
                "l2": 6,
                "p2": -1
            },
            "path_num": 1,
            "paths": [
                {
                    "id1": 1742541,
                    "x1": 1200,
                    "y1": 8400,
                    "real_x1": 1200,
                    "real_y1": 8400,
                    "r1": 35,
                    "c1": 5,
                    "l1": 6,
                    "p1": -1,
                    "id2": 1742545,
                    "x2": 2160,
                    "y2": 8400,
                    "real_x2": 2160,
                    "real_y2": 8400,
                    "r2": 35,
                    "c2": 9,
                    "l2": 6,
                    "p2": -1
                }
            ],
            "patch_num": 1,
            "patchs": [
                30
            ]
        },
        {
            "id": 6693,
            "feature": {
                "wire_width": 0,
                "wire_len": 0,
                "wire_density": 0.0,
                "drc_num": 0,
                "R": 0.0,
                "C": 0.0,
                "power": 0.0,
                "delay": 0.0,
                "slew": 0.0,
                "congestion": 0.0,
                "drc_type": []
            },
            "wire": {
                "id1": 2317133,
                "x1": 1200,
                "y1": 8400,
                "real_x1": 1200,
                "real_y1": 8400,
                "r1": 35,
                "c1": 5,
                "l1": 8,
                "p1": -1,
                "id2": 2891725,
                "x2": 1200,
                "y2": 8400,
                "real_x2": 1200,
                "real_y2": 8400,
                "r2": 35,
                "c2": 5,