{
    "id": 473,
    "name": "dpath/b_reg/_064_",
    "feature": {
        "llx": 13680,
        "lly": 68400,
        "urx": 16080,
        "ury": 70320,
        "wire_len": 4320,
        "via_num": 4,
        "drc_num": 0,
        "drc_type": [],
        "R": 7.714285714285712,
        "C": 0.0034462218326399992,
        "power": 1.1165758737753598e-07,
        "delay": 0.012553353587725708,
        "slew": 0.0020125304401750962,
        "aspect_ratio": 1,
        "width": 2400,
        "height": 1920,
        "area": 4608000,
        "volume": 9216000,
        "layer_ratio": [
            0.0,
            0.0,
            0.5600000023841858,
            0.0,
            0.4399999976158142,
            0.0,
            0.0,
            0.0,
            0.0,
            0.0,
            0.0
        ],
        "place_feature": {
            "pin_num": 2,
            "aspect_ratio": 1,
            "width": 2482,
            "height": 2903,
            "area": 7205246,
            "l_ness": 1.0,
            "hpwl": 5385,
            "rsmt": 5385
        }
    },
    "pin_num": 2,
    "pins": [
        {
            "id": 1224,
            "i": "dpath/b_reg/_108_",
            "p": "X",
            "driver": 1
        },
        {
            "id": 1225,
            "i": "dpath/b_reg/_075_",
            "p": "A0",
            "driver": 0
        }
    ],
    "wire_num": 7,
    "wires": [
        {
            "id": 4823,
            "feature": {
                "wire_width": 140,
                "wire_len": 480,
                "wire_density": null,
                "drc_num": 0,
                "R": 0.4285714285714284,
                "C": 2.601769423999983e-05,
                "power": 4.6831849631999846e-07,
                "delay": 0.0013225790118171418,
                "slew": 2.3677074190153746e-11,
                "congestion": -1.0,
                "drc_type": []
            },
            "wire": {
                "id1": 727409,
                "x1": 13680,
                "y1": 68400,
                "real_x1": 13680,
                "real_y1": 68465,
                "r1": 285,
                "c1": 57,
                "l1": 2,
                "p1": -1,
                "id2": 727411,
                "x2": 14160,
                "y2": 68400,
                "real_x2": 14160,
                "real_y2": 68465,
                "r2": 285,
                "c2": 59,
                "l2": 2,
                "p2": -1
            },
            "path_num": 1,
            "paths": [
                {
                    "id1": 727409,
                    "x1": 13680,
                    "y1": 68400,
                    "real_x1": 13680,
                    "real_y1": 68465,
                    "r1": 285,
                    "c1": 57,
                    "l1": 2,
                    "p1": -1,
                    "id2": 727411,
                    "x2": 14160,
                    "y2": 68400,
                    "real_x2": 14160,
                    "real_y2": 68465,
                    "r2": 285,
                    "c2": 59,
                    "l2": 2,
                    "p2": -1
                }
            ],
            "patch_num": 1,
            "patchs": [
                453
            ]
        },
        {
            "id": 4824,
            "feature": {
                "wire_width": 0,
                "wire_len": 0,
                "wire_density": 0.0,
                "drc_num": 0,
                "R": 0.0,
                "C": 8.006058512000005e-05,
                "power": 1.4410905321599973e-06,
                "delay": 0.0,
                "slew": 0.0,
                "congestion": 0.0,
                "drc_type": []
            },
            "wire": {
                "id1": 727411,
                "x1": 14160,
                "y1": 68400,
                "real_x1": 14160,
                "real_y1": 68465,
                "r1": 285,
                "c1": 59,
                "l1": 2,
                "p1": -1,
                "id2": 1302003,
                "x2": 14160,
                "y2": 68400,
                "real_x2": 14160,
                "real_y2": 68465,
                "r2": 285,
                "c2": 59,
                "l2": 4,
                "p2": -1,
                "via": 5
            },
            "path_num": 1,
            "paths": [
                {
                    "id1": 727411,
                    "x1": 14160,
                    "y1": 68400,
                    "real_x1": 14160,
                    "real_y1": 68465,
                    "r1": 285,
                    "c1": 59,
                    "l1": 2,
                    "p1": -1,
                    "id2": 1302003,
                    "x2": 14160,
                    "y2": 68400,
                    "real_x2": 14160,
                    "real_y2": 68465,
                    "r2": 285,
                    "c2": 59,
                    "l2": 4,
                    "p2": -1,
                    "via": 5
                }
            ],
            "patch_num": 1,
            "patchs": [
                453
            ]
        },
        {
            "id": 4825,
            "feature": {
                "wire_width": 140,
                "wire_len": 1920,
                "wire_density": null,
                "drc_num": 0,
                "R": 1.714285714285714,
                "C": 8.703263695999984e-05,
                "power": 1.5665874652799996e-06,
                "delay": 0.0057586100497371406,
                "slew": 1.4489357977320871e-09,
                "congestion": -1.0,
                "drc_type": []
            },
            "wire": {
                "id1": 731699,
                "x1": 14160,
                "y1": 70320,
                "real_x1": 14160,
                "real_y1": 70520,
                "r1": 293,
                "c1": 59,
                "l1": 2,
                "p1": -1,
                "id2": 731707,
                "x2": 16080,
                "y2": 70320,
                "real_x2": 16145,
                "real_y2": 70520,
                "r2": 293,
                "c2": 67,
                "l2": 2,
                "p2": -1
            },
            "path_num": 1,
            "paths": [
                {
                    "id1": 731699,
                    "x1": 14160,
                    "y1": 70320,
                    "real_x1": 14160,
                    "real_y1": 70520,
                    "r1": 293,
                    "c1": 59,
                    "l1": 2,
                    "p1": -1,
                    "id2": 731707,
                    "x2": 16080,
                    "y2": 70320,
                    "real_x2": 16145,
                    "real_y2": 70520,
                    "r2": 293,
                    "c2": 67,
                    "l2": 2,
                    "p2": -1
                }
            ],
            "patch_num": 1,
            "patchs": [
                483
            ]
        },
        {
            "id": 4826,
            "feature": {
                "wire_width": 140,
                "wire_len": 1920,
                "wire_density": 0.058333333333333334,
                "drc_num": 0,
                "R": 1.714285714285714,
                "C": 8.006058512000005e-05,
                "power": 1.4410905321600041e-06,
                "delay": 0.005472164526171426,
                "slew": 5.947413880824648e-10,
                "congestion": -8.0,
                "drc_type": []
            },
            "wire": {
                "id1": 1302003,
                "x1": 14160,
                "y1": 68400,
                "real_x1": 14160,
                "real_y1": 68465,
                "r1": 285,