{
    "id": 396,
    "name": "dpath/b_mux/_037_",
    "feature": {
        "llx": 121200,
        "lly": 83760,
        "urx": 123600,
        "ury": 88080,
        "wire_len": 6720,
        "via_num": 4,
        "drc_num": 0,
        "drc_type": [],
        "R": 12.0,
        "C": 0.0030852199536000003,
        "power": 2.1559447028215504e-07,
        "delay": 0.01688889868409143,
        "slew": 0.0029470591431883103,
        "aspect_ratio": 2,
        "width": 2400,
        "height": 4320,
        "area": 10368000,
        "volume": 20736000,
        "layer_ratio": [
            0.0,
            0.0,
            0.20999999344348907,
            0.0,
            0.7900000214576721,
            0.0,
            0.0,
            0.0,
            0.0,
            0.0,
            0.0
        ],
        "place_feature": {
            "pin_num": 2,
            "aspect_ratio": 2,
            "width": 2206,
            "height": 3507,
            "area": 7736442,
            "l_ness": 1.0,
            "hpwl": 5713,
            "rsmt": 5713
        }
    },
    "pin_num": 2,
    "pins": [
        {
            "id": 1049,
            "i": "dpath/b_mux/_064_",
            "p": "X",
            "driver": 1
        },
        {
            "id": 1050,
            "i": "dpath/b_mux/_109_",
            "p": "A",
            "driver": 0
        }
    ],
    "wire_num": 6,
    "wires": [
        {
            "id": 4223,
            "feature": {
                "wire_width": 0,
                "wire_len": 0,
                "wire_density": 0.0,
                "drc_num": 0,
                "R": 0.0,
                "C": 0.0,
                "power": 0.0,
                "delay": 0.0,
                "slew": 0.0,
                "congestion": 0.0,
                "drc_type": []
            },
            "wire": {
                "id1": 762161,
                "x1": 121200,
                "y1": 83760,
                "real_x1": 121200,
                "real_y1": 83765,
                "r1": 349,
                "c1": 505,
                "l1": 2,
                "p1": -1,
                "id2": 1336753,
                "x2": 121200,
                "y2": 83760,
                "real_x2": 121200,
                "real_y2": 83765,
                "r2": 349,
                "c2": 505,
                "l2": 4,
                "p2": -1,
                "via": 5
            },
            "path_num": 1,
            "paths": [
                {
                    "id1": 762161,
                    "x1": 121200,
                    "y1": 83760,
                    "real_x1": 121200,
                    "real_y1": 83765,
                    "r1": 349,
                    "c1": 505,
                    "l1": 2,
                    "p1": -1,
                    "id2": 1336753,
                    "x2": 121200,
                    "y2": 83760,
                    "real_x2": 121200,
                    "real_y2": 83765,
                    "r2": 349,
                    "c2": 505,
                    "l2": 4,
                    "p2": -1,
                    "via": 5
                }
            ],
            "patch_num": 1,
            "patchs": [
                598
            ]
        },
        {
            "id": 4224,
            "feature": {
                "wire_width": 0,
                "wire_len": 0,
                "wire_density": 0.0,
                "drc_num": 0,
                "R": 0.0,
                "C": 6.669432271999998e-05,
                "power": 2.589213409938103e-06,
                "delay": 0.0,
                "slew": 0.0,
                "congestion": 0.0,
                "drc_type": []
            },
            "wire": {
                "id1": 197227,
                "x1": 123600,
                "y1": 88080,
                "real_x1": 123600,
                "real_y1": 88215,
                "r1": 367,
                "c1": 515,
                "l1": 0,
                "p1": 1050,
                "id2": 771819,
                "x2": 123600,
                "y2": 88080,
                "real_x2": 123600,
                "real_y2": 88215,
                "r2": 367,
                "c2": 515,
                "l2": 2,
                "p2": -1,
                "via": 0
            },
            "path_num": 1,
            "paths": [
                {
                    "id1": 197227,
                    "x1": 123600,
                    "y1": 88080,
                    "real_x1": 123600,
                    "real_y1": 88215,
                    "r1": 367,
                    "c1": 515,
                    "l1": 0,
                    "p1": 1050,
                    "id2": 771819,
                    "x2": 123600,
                    "y2": 88080,
                    "real_x2": 123600,
                    "real_y2": 88215,
                    "r2": 367,
                    "c2": 515,
                    "l2": 2,
                    "p2": -1,
                    "via": 0
                }
            ],
            "patch_num": 1,
            "patchs": [
                628
            ]
        },
        {
            "id": 4225,
            "feature": {
                "wire_width": 0,
                "wire_len": 0,
                "wire_density": 0.0,
                "drc_num": 0,
                "R": 0.0,
                "C": 0.00021091565408000012,
                "power": 8.188187804267753e-06,
                "delay": 0.0,
                "slew": 0.0,
                "congestion": 0.0,
                "drc_type": []
            },
            "wire": {
                "id1": 771813,
                "x1": 122160,
                "y1": 88080,
                "real_x1": 122160,
                "real_y1": 88215,
                "r1": 367,
                "c1": 509,
                "l1": 2,
                "p1": -1,
                "id2": 1346405,
                "x2": 122160,
                "y2": 88080,
                "real_x2": 122160,
                "real_y2": 88215,
                "r2": 367,
                "c2": 509,
                "l2": 4,
                "p2": -1,
                "via": 5
            },
            "path_num": 1,
            "paths": [
                {
                    "id1": 771813,
                    "x1": 122160,
                    "y1": 88080,
                    "real_x1": 122160,
                    "real_y1": 88215,
                    "r1": 367,
                    "c1": 509,
                    "l1": 2,
                    "p1": -1,
                    "id2": 1346405,
                    "x2": 122160,
                    "y2": 88080,
                    "real_x2": 122160,
                    "real_y2": 88215,
                    "r2": 367,
                    "c2": 509,
                    "l2": 4,
                    "p2": -1,
                    "via": 5
                }
            ],
            "patch_num": 1,
            "patchs": [
                628
            ]
        },
        {
            "id": 4226,
            "feature": {
                "wire_width": 0,
                "wire_len": 0,
                "wire_density": 0.0,
                "drc_num": 0,
                "R": 0.0,
                "C": 0.0,
                "power": 0.0,
                "delay": 0.0,
                "slew": 0.0,
                "congestion": 0.0,
                "drc_type": []
            },
            "wire": {
                "id1": 187569,
                "x1": 121200,
                "y1": 83760,
                "real_x1": 121200,
                "real_y1": 83765,
                "r1": 349,
                "c1": 505,
                "l1": 0,
                "p1": 1049,
                "id2": 762161,