{
    "id": 538,
    "name": "dpath/sub/_038_",
    "feature": {
        "llx": 26160,
        "lly": 121440,
        "urx": 29280,
        "ury": 121920,
        "wire_len": 3600,
        "via_num": 2,
        "drc_num": 0,
        "drc_type": [],
        "R": 6.428571428571428,
        "C": 0.0026164334736,
        "power": 1.894669900068349e-07,
        "delay": 0.007901410939714285,
        "slew": 0.0006082278535099808,
        "aspect_ratio": 7,
        "width": 3120,
        "height": 480,
        "area": 1497600,
        "volume": 1497600,
        "layer_ratio": [
            0.0,
            0.0,
            1.0,
            0.0,
            0.0,
            0.0,
            0.0,
            0.0,
            0.0,
            0.0,
            0.0
        ],
        "place_feature": {
            "pin_num": 2,
            "aspect_ratio": 24,
            "width": 3848,
            "height": 163,
            "area": 627224,
            "l_ness": 1.0,
            "hpwl": 4011,
            "rsmt": 4011
        }
    },
    "pin_num": 2,
    "pins": [
        {
            "id": 1395,
            "i": "dpath/sub/_179_",
            "p": "Y",
            "driver": 1
        },
        {
            "id": 1396,
            "i": "dpath/sub/_180_",
            "p": "B",
            "driver": 0
        }
    ],
    "wire_num": 3,
    "wires": [
        {
            "id": 5451,
            "feature": {
                "wire_width": 0,
                "wire_len": 0,
                "wire_density": 0.0,
                "drc_num": 0,
                "R": 0.0,
                "C": 0.0001582167368,
                "power": 6.365078687089841e-06,
                "delay": 0.0,
                "slew": 0.0,
                "congestion": 0.0,
                "drc_type": []
            },
            "wire": {
                "id1": 271338,
                "x1": 29280,
                "y1": 121440,
                "real_x1": 29480,
                "real_y1": 121615,
                "r1": 506,
                "c1": 122,
                "l1": 0,
                "p1": 1396,
                "id2": 845930,
                "x2": 29280,
                "y2": 121440,
                "real_x2": 29480,
                "real_y2": 121615,
                "r2": 506,
                "c2": 122,
                "l2": 2,
                "p2": -1,
                "via": 0
            },
            "path_num": 1,
            "paths": [
                {
                    "id1": 271338,
                    "x1": 29280,
                    "y1": 121440,
                    "real_x1": 29480,
                    "real_y1": 121615,
                    "r1": 506,
                    "c1": 122,
                    "l1": 0,
                    "p1": 1396,
                    "id2": 845930,
                    "x2": 29280,
                    "y2": 121440,
                    "real_x2": 29480,
                    "real_y2": 121615,
                    "r2": 506,
                    "c2": 122,
                    "l2": 2,
                    "p2": -1,
                    "via": 0
                }
            ],
            "patch_num": 1,
            "patchs": [
                846
            ]
        },
        {
            "id": 5452,
            "feature": {
                "wire_width": 0,
                "wire_len": 0,
                "wire_density": 0.0,
                "drc_num": 0,
                "R": 0.0,
                "C": 0.0,
                "power": 0.0,
                "delay": 0.0,
                "slew": 6.938893903907228e-18,
                "congestion": 0.0,
                "drc_type": []
            },
            "wire": {
                "id1": 272397,
                "x1": 26160,
                "y1": 121920,
                "real_x1": 26170,
                "real_y1": 122115,
                "r1": 508,
                "c1": 109,
                "l1": 0,
                "p1": 1395,
                "id2": 846989,
                "x2": 26160,
                "y2": 121920,
                "real_x2": 26170,
                "real_y2": 122115,
                "r2": 508,
                "c2": 109,
                "l2": 2,
                "p2": -1,
                "via": 0
            },
            "path_num": 1,
            "paths": [
                {
                    "id1": 272397,
                    "x1": 26160,
                    "y1": 121920,
                    "real_x1": 26170,
                    "real_y1": 122115,
                    "r1": 508,
                    "c1": 109,
                    "l1": 0,
                    "p1": 1395,
                    "id2": 846989,
                    "x2": 26160,
                    "y2": 121920,
                    "real_x2": 26170,
                    "real_y2": 122115,
                    "r2": 508,
                    "c2": 109,
                    "l2": 2,
                    "p2": -1,
                    "via": 0
                }
            ],
            "patch_num": 1,
            "patchs": [
                846
            ]
        },
        {
            "id": 5453,
            "feature": {
                "wire_width": 140,
                "wire_len": 3600,
                "wire_density": 3.0369924976539817e-05,
                "drc_num": 0,
                "R": 3.214285714285714,
                "C": 0.0001582167368,
                "power": 6.365078687089841e-06,
                "delay": 0.007901410939714285,
                "slew": 6.118533735222087e-10,
                "congestion": -1.0,
                "drc_type": []
            },
            "wire": {
                "id1": 845930,
                "x1": 29280,
                "y1": 121440,
                "real_x1": 29480,
                "real_y1": 121615,
                "r1": 506,
                "c1": 122,
                "l1": 2,
                "p1": -1,
                "id2": 846989,
                "x2": 26160,
                "y2": 121920,
                "real_x2": 26170,
                "real_y2": 122115,
                "r2": 508,
                "c2": 109,
                "l2": 2,
                "p2": -1
            },
            "path_num": 3,
            "paths": [
                {
                    "id1": 845930,
                    "x1": 29280,
                    "y1": 121440,
                    "real_x1": 29480,
                    "real_y1": 121615,
                    "r1": 506,
                    "c1": 122,
                    "l1": 2,
                    "p1": -1,
                    "id2": 845929,
                    "x2": 29040,
                    "y2": 121440,
                    "real_x2": 29040,
                    "real_y2": 121615,
                    "r2": 506,
                    "c2": 121,
                    "l2": 2,
                    "p2": -1
                },
                {
                    "id1": 845929,
                    "x1": 29040,
                    "y1": 121440,
                    "real_x1": 29040,
                    "real_y1": 121615,
                    "r1": 506,
                    "c1": 121,
                    "l1": 2,
                    "p1": -1,
                    "id2": 847001,
                    "x2": 29040,
                    "y2": 121920,
                    "real_x2": 29040,
                    "real_y2": 122115,
                    "r2": 508,
                    "c2": 121,
                    "l2": 2,
                    "p2": -1
                },
                {
                    "id1": 847001,
                    "x1": 29040,
                    "y1": 121920,
                    "real_x1": 29040,
                    "real_y1": 122115,
                    "r1": 508,