{
    "id": 148,
    "name": "dpath/a_lt_b/_049_",
    "feature": {
        "llx": 40800,
        "lly": 37920,
        "urx": 45840,
        "ury": 40320,
        "wire_len": 7680,
        "via_num": 4,
        "drc_num": 0,
        "drc_type": [],
        "R": 13.714285714285712,
        "C": 0.0030376687660800005,
        "power": 1.5378198128280003e-07,
        "delay": 0.018552329948845717,
        "slew": 0.003961928214923846,
        "aspect_ratio": 2,
        "width": 5040,
        "height": 2400,
        "area": 12096000,
        "volume": 24192000,
        "layer_ratio": [
            0.0,
            0.0,
            0.6899999976158142,
            0.0,
            0.3100000023841858,
            0.0,
            0.0,
            0.0,
            0.0,
            0.0,
            0.0
        ],
        "place_feature": {
            "pin_num": 2,
            "aspect_ratio": 1,
            "width": 4855,
            "height": 3537,
            "area": 17172135,
            "l_ness": 1.0,
            "hpwl": 8392,
            "rsmt": 8392
        }
    },
    "pin_num": 2,
    "pins": [
        {
            "id": 465,
            "i": "dpath/a_lt_b/_107_",
            "p": "X",
            "driver": 1
        },
        {
            "id": 466,
            "i": "dpath/a_lt_b/_108_",
            "p": "C",
            "driver": 0
        }
    ],
    "wire_num": 7,
    "wires": [
        {
            "id": 1840,
            "feature": {
                "wire_width": 140,
                "wire_len": 5040,
                "wire_density": null,
                "drc_num": 0,
                "R": 4.5,
                "C": 0.00021923167952000002,
                "power": 6.165890986499999e-06,
                "delay": 0.012682966889520003,
                "slew": 3.7261687763079365e-09,
                "congestion": 2.5,
                "drc_type": []
            },
            "wire": {
                "id1": 664810,
                "x1": 40800,
                "y1": 40320,
                "real_x1": 41015,
                "real_y1": 40475,
                "r1": 168,
                "c1": 170,
                "l1": 2,
                "p1": -1,
                "id2": 664831,
                "x2": 45840,
                "y2": 40320,
                "real_x2": 45840,
                "real_y2": 40475,
                "r2": 168,
                "c2": 191,
                "l2": 2,
                "p2": -1
            },
            "path_num": 1,
            "paths": [
                {
                    "id1": 664810,
                    "x1": 40800,
                    "y1": 40320,
                    "real_x1": 41015,
                    "real_y1": 40475,
                    "r1": 168,
                    "c1": 170,
                    "l1": 2,
                    "p1": -1,
                    "id2": 664831,
                    "x2": 45840,
                    "y2": 40320,
                    "real_x2": 45840,
                    "real_y2": 40475,
                    "r2": 168,
                    "c2": 191,
                    "l2": 2,
                    "p2": -1
                }
            ],
            "patch_num": 2,
            "patchs": [
                279,
                280
            ]
        },
        {
            "id": 1841,
            "feature": {
                "wire_width": 0,
                "wire_len": 0,
                "wire_density": 0.0,
                "drc_num": 0,
                "R": 0.0,
                "C": 0.00021923167952000002,
                "power": 6.165890986499999e-06,
                "delay": 0.0,
                "slew": 0.0,
                "congestion": 0.0,
                "drc_type": []
            },
            "wire": {
                "id1": 664831,
                "x1": 45840,
                "y1": 40320,
                "real_x1": 45840,
                "real_y1": 40475,
                "r1": 168,
                "c1": 191,
                "l1": 2,
                "p1": -1,
                "id2": 1239423,
                "x2": 45840,
                "y2": 40320,
                "real_x2": 45840,
                "real_y2": 40475,
                "r2": 168,
                "c2": 191,
                "l2": 4,
                "p2": -1,
                "via": 5
            },
            "path_num": 1,
            "paths": [
                {
                    "id1": 664831,
                    "x1": 45840,
                    "y1": 40320,
                    "real_x1": 45840,
                    "real_y1": 40475,
                    "r1": 168,
                    "c1": 191,
                    "l1": 2,
                    "p1": -1,
                    "id2": 1239423,
                    "x2": 45840,
                    "y2": 40320,
                    "real_x2": 45840,
                    "real_y2": 40475,
                    "r2": 168,
                    "c2": 191,
                    "l2": 4,
                    "p2": -1,
                    "via": 5
                }
            ],
            "patch_num": 1,
            "patchs": [
                280
            ]
        },
        {
            "id": 1842,
            "feature": {
                "wire_width": 0,
                "wire_len": 0,
                "wire_density": 0.0,
                "drc_num": 0,
                "R": 0.0,
                "C": 1.5848537120000117e-05,
                "power": 4.4574010649999786e-07,
                "delay": 0.0,
                "slew": 0.0,
                "congestion": 0.0,
                "drc_type": []
            },
            "wire": {
                "id1": 84878,
                "x1": 45600,
                "y1": 37920,
                "real_x1": 45810,
                "real_y1": 38105,
                "r1": 158,
                "c1": 190,
                "l1": 0,
                "p1": 466,
                "id2": 659470,
                "x2": 45600,
                "y2": 37920,
                "real_x2": 45810,
                "real_y2": 38105,
                "r2": 158,
                "c2": 190,
                "l2": 2,
                "p2": -1,
                "via": 0
            },
            "path_num": 1,
            "paths": [
                {
                    "id1": 84878,
                    "x1": 45600,
                    "y1": 37920,
                    "real_x1": 45810,
                    "real_y1": 38105,
                    "r1": 158,
                    "c1": 190,
                    "l1": 0,
                    "p1": 466,
                    "id2": 659470,
                    "x2": 45600,
                    "y2": 37920,
                    "real_x2": 45810,
                    "real_y2": 38105,
                    "r2": 158,
                    "c2": 190,
                    "l2": 2,
                    "p2": -1,
                    "via": 0
                }
            ],
            "patch_num": 1,
            "patchs": [
                250
            ]
        },
        {
            "id": 1843,
            "feature": {
                "wire_width": 140,
                "wire_len": 2400,
                "wire_density": null,
                "drc_num": 0,
                "R": 2.1428571428571423,
                "C": 9.875416640000006e-05,
                "power": 2.7774609299999962e-06,
                "delay": 0.005358109801371427,
                "slew": 4.324498675822852e-10,
                "congestion": 0.0,
                "drc_type": []
            },
            "wire": {
                "id1": 1234063,
                "x1": 45840,
                "y1": 37920,
                "real_x1": 45840,
                "real_y1": 38105,
                "r1": 158,