{
    "id": 125,
    "name": "dpath/a_lt_b/_026_",
    "feature": {
        "llx": 34560,
        "lly": 33600,
        "urx": 38160,
        "ury": 35040,
        "wire_len": 5040,
        "via_num": 2,
        "drc_num": 0,
        "drc_type": [],
        "R": 9.0,
        "C": 0.00338846335904,
        "power": 1.0978621283289602e-07,
        "delay": 0.01426154255784,
        "slew": 0.0026636020951958037,
        "aspect_ratio": 3,
        "width": 3600,
        "height": 1440,
        "area": 5184000,
        "volume": 5184000,
        "layer_ratio": [
            0.0,
            0.0,
            1.0,
            0.0,
            0.0,
            0.0,
            0.0,
            0.0,
            0.0,
            0.0,
            0.0
        ],
        "place_feature": {
            "pin_num": 2,
            "aspect_ratio": 1554,
            "width": 3108,
            "height": 2,
            "area": 6216,
            "l_ness": 1.0,
            "hpwl": 3110,
            "rsmt": 3110
        }
    },
    "pin_num": 2,
    "pins": [
        {
            "id": 406,
            "i": "dpath/a_lt_b/_157_",
            "p": "X",
            "driver": 1
        },
        {
            "id": 407,
            "i": "dpath/a_lt_b/_099_",
            "p": "A",
            "driver": 0
        }
    ],
    "wire_num": 3,
    "wires": [
        {
            "id": 1631,
            "feature": {
                "wire_width": 0,
                "wire_len": 0,
                "wire_density": 0.0,
                "drc_num": 0,
                "R": 0.0,
                "C": 0.0,
                "power": 0.0,
                "delay": 0.0,
                "slew": 0.0,
                "congestion": 0.0,
                "drc_type": []
            },
            "wire": {
                "id1": 75184,
                "x1": 34560,
                "y1": 33600,
                "real_x1": 34770,
                "real_y1": 33815,
                "r1": 140,
                "c1": 144,
                "l1": 0,
                "p1": 406,
                "id2": 649776,
                "x2": 34560,
                "y2": 33600,
                "real_x2": 34770,
                "real_y2": 33815,
                "r2": 140,
                "c2": 144,
                "l2": 2,
                "p2": -1,
                "via": 0
            },
            "path_num": 1,
            "paths": [
                {
                    "id1": 75184,
                    "x1": 34560,
                    "y1": 33600,
                    "real_x1": 34770,
                    "real_y1": 33815,
                    "r1": 140,
                    "c1": 144,
                    "l1": 0,
                    "p1": 406,
                    "id2": 649776,
                    "x2": 34560,
                    "y2": 33600,
                    "real_x2": 34770,
                    "real_y2": 33815,
                    "r2": 140,
                    "c2": 144,
                    "l2": 2,
                    "p2": -1,
                    "via": 0
                }
            ],
            "patch_num": 1,
            "patchs": [
                218
            ]
        },
        {
            "id": 1632,
            "feature": {
                "wire_width": 0,
                "wire_len": 0,
                "wire_density": 0.0,
                "drc_num": 0,
                "R": 0.0,
                "C": 0.00021923167952000002,
                "power": 3.94617023136e-06,
                "delay": 0.0,
                "slew": 0.0,
                "congestion": 0.0,
                "drc_type": []
            },
            "wire": {
                "id1": 78415,
                "x1": 38160,
                "y1": 35040,
                "real_x1": 38160,
                "real_y1": 35245,
                "r1": 146,
                "c1": 159,
                "l1": 0,
                "p1": 407,
                "id2": 653007,
                "x2": 38160,
                "y2": 35040,
                "real_x2": 38160,
                "real_y2": 35245,
                "r2": 146,
                "c2": 159,
                "l2": 2,
                "p2": -1,
                "via": 0
            },
            "path_num": 1,
            "paths": [
                {
                    "id1": 78415,
                    "x1": 38160,
                    "y1": 35040,
                    "real_x1": 38160,
                    "real_y1": 35245,
                    "r1": 146,
                    "c1": 159,
                    "l1": 0,
                    "p1": 407,
                    "id2": 653007,
                    "x2": 38160,
                    "y2": 35040,
                    "real_x2": 38160,
                    "real_y2": 35245,
                    "r2": 146,
                    "c2": 159,
                    "l2": 2,
                    "p2": -1,
                    "via": 0
                }
            ],
            "patch_num": 1,
            "patchs": [
                248
            ]
        },
        {
            "id": 1633,
            "feature": {
                "wire_width": 140,
                "wire_len": 5040,
                "wire_density": 4.251789496715574e-05,
                "drc_num": 0,
                "R": 4.5,
                "C": 0.00021923167952000002,
                "power": 3.9461702313600065e-06,
                "delay": 0.01426154255784,
                "slew": 2.759872837210242e-09,
                "congestion": 5.0,
                "drc_type": []
            },
            "wire": {
                "id1": 649776,
                "x1": 34560,
                "y1": 33600,
                "real_x1": 34770,
                "real_y1": 33815,
                "r1": 140,
                "c1": 144,
                "l1": 2,
                "p1": -1,
                "id2": 653007,
                "x2": 38160,
                "y2": 35040,
                "real_x2": 38160,
                "real_y2": 35245,
                "r2": 146,
                "c2": 159,
                "l2": 2,
                "p2": -1
            },
            "path_num": 3,
            "paths": [
                {
                    "id1": 649776,
                    "x1": 34560,
                    "y1": 33600,
                    "real_x1": 34770,
                    "real_y1": 33815,
                    "r1": 140,
                    "c1": 144,
                    "l1": 2,
                    "p1": -1,
                    "id2": 649777,
                    "x2": 34800,
                    "y2": 33600,
                    "real_x2": 34800,
                    "real_y2": 33815,
                    "r2": 140,
                    "c2": 145,
                    "l2": 2,
                    "p2": -1
                },
                {
                    "id1": 649777,
                    "x1": 34800,
                    "y1": 33600,
                    "real_x1": 34800,
                    "real_y1": 33815,
                    "r1": 140,
                    "c1": 145,
                    "l1": 2,
                    "p1": -1,
                    "id2": 652993,
                    "x2": 34800,
                    "y2": 35040,
                    "real_x2": 34800,
                    "real_y2": 35245,
                    "r2": 146,
                    "c2": 145,
                    "l2": 2,
                    "p2": -1
                },
                {
                    "id1": 652993,
                    "x1": 34800,
                    "y1": 35040,
                    "real_x1": 34800,
                    "real_y1": 35245,
                    "r1": 146,
                    "c1": 145,
                    "l1": 2,
                    "p1": -1,