{
    "id": 666,
    "name": "req_msg[7]",
    "feature": {
        "llx": 1200,
        "lly": 64800,
        "urx": 2160,
        "ury": 67440,
        "wire_len": 3600,
        "via_num": 5,
        "drc_num": 0,
        "drc_type": [],
        "R": 6.428571428571428,
        "C": 0.0028389139310400005,
        "power": 9.198081136569602e-08,
        "delay": 0.008645221445982858,
        "slew": 0.008551717197986475,
        "aspect_ratio": 3,
        "width": 960,
        "height": 2640,
        "area": 2534400,
        "volume": 5068800,
        "layer_ratio": [
            0.0,
            0.0,
            0.27000001072883606,
            0.0,
            0.7300000190734863,
            0.0,
            0.0,
            0.0,
            0.0,
            0.0,
            0.0
        ],
        "place_feature": {
            "pin_num": 2,
            "aspect_ratio": 3,
            "width": 957,
            "height": 2595,
            "area": 2483415,
            "l_ness": 1.0,
            "hpwl": 3552,
            "rsmt": 3552
        }
    },
    "pin_num": 2,
    "pins": [
        {
            "id": 1776,
            "i": "",
            "p": "req_msg[7]",
            "driver": 1
        },
        {
            "id": 1777,
            "i": "dpath/b_mux/_090_",
            "p": "A",
            "driver": 0
        }
    ],
    "wire_num": 7,
    "wires": [
        {
            "id": 6745,
            "feature": {
                "wire_width": 140,
                "wire_len": 2640,
                "wire_density": null,
                "drc_num": 0,
                "R": 2.357142857142857,
                "C": 0.00010810095704000006,
                "power": 1.9458172267200073e-06,
                "delay": 0.006436916295857144,
                "slew": 8.261673885978911e-06,
                "congestion": -4.0,
                "drc_type": []
            },
            "wire": {
                "id1": 1293909,
                "x1": 1200,
                "y1": 64800,
                "real_x1": 1200,
                "real_y1": 64965,
                "r1": 270,
                "c1": 5,
                "l1": 4,
                "p1": -1,
                "id2": 1299805,
                "x2": 1200,
                "y2": 67440,
                "real_x2": 1200,
                "real_y2": 67440,
                "r2": 281,
                "c2": 5,
                "l2": 4,
                "p2": -1
            },
            "path_num": 1,
            "paths": [
                {
                    "id1": 1293909,
                    "x1": 1200,
                    "y1": 64800,
                    "real_x1": 1200,
                    "real_y1": 64965,
                    "r1": 270,
                    "c1": 5,
                    "l1": 4,
                    "p1": -1,
                    "id2": 1299805,
                    "x2": 1200,
                    "y2": 67440,
                    "real_x2": 1200,
                    "real_y2": 67440,
                    "r2": 281,
                    "c2": 5,
                    "l2": 4,
                    "p2": -1
                }
            ],
            "patch_num": 1,
            "patchs": [
                450
            ]
        },
        {
            "id": 6746,
            "feature": {
                "wire_width": 140,
                "wire_len": 960,
                "wire_density": null,
                "drc_num": 0,
                "R": 0.8571428571428572,
                "C": 4.6356008480000124e-05,
                "power": 8.344081526400011e-07,
                "delay": 0.0022083051501257138,
                "slew": 2.900433120075642e-07,
                "congestion": 0.0,
                "drc_type": []
            },
            "wire": {
                "id1": 719317,
                "x1": 1200,
                "y1": 64800,
                "real_x1": 1200,
                "real_y1": 64965,
                "r1": 270,
                "c1": 5,
                "l1": 2,
                "p1": -1,
                "id2": 719321,
                "x2": 2160,
                "y2": 64800,
                "real_x2": 2160,
                "real_y2": 64965,
                "r2": 270,
                "c2": 9,
                "l2": 2,
                "p2": -1
            },
            "path_num": 1,
            "paths": [
                {
                    "id1": 719317,
                    "x1": 1200,
                    "y1": 64800,
                    "real_x1": 1200,
                    "real_y1": 64965,
                    "r1": 270,
                    "c1": 5,
                    "l1": 2,
                    "p1": -1,
                    "id2": 719321,
                    "x2": 2160,
                    "y2": 64800,
                    "real_x2": 2160,
                    "real_y2": 64965,
                    "r2": 270,
                    "c2": 9,
                    "l2": 2,
                    "p2": -1
                }
            ],
            "patch_num": 1,
            "patchs": [
                450
            ]
        },
        {
            "id": 6747,
            "feature": {
                "wire_width": 0,
                "wire_len": 0,
                "wire_density": 0.0,
                "drc_num": 0,
                "R": 0.0,
                "C": 0.0,
                "power": 0.0,
                "delay": 0.0,
                "slew": 0.0,
                "congestion": 0.0,
                "drc_type": []
            },
            "wire": {
                "id1": 1299805,
                "x1": 1200,
                "y1": 67440,
                "real_x1": 1200,
                "real_y1": 67440,
                "r1": 281,
                "c1": 5,
                "l1": 4,
                "p1": -1,
                "id2": 1874397,
                "x2": 1200,
                "y2": 67440,
                "real_x2": 1200,
                "real_y2": 67440,
                "r2": 281,
                "c2": 5,
                "l2": 6,
                "p2": -1,
                "via": 10
            },
            "path_num": 1,
            "paths": [
                {
                    "id1": 1299805,
                    "x1": 1200,
                    "y1": 67440,
                    "real_x1": 1200,
                    "real_y1": 67440,
                    "r1": 281,
                    "c1": 5,
                    "l1": 4,
                    "p1": -1,
                    "id2": 1874397,
                    "x2": 1200,
                    "y2": 67440,
                    "real_x2": 1200,
                    "real_y2": 67440,
                    "r2": 281,
                    "c2": 5,
                    "l2": 6,
                    "p2": -1,
                    "via": 10
                }
            ],
            "patch_num": 1,
            "patchs": [
                450
            ]
        },
        {
            "id": 6748,
            "feature": {
                "wire_width": 0,
                "wire_len": 0,
                "wire_density": 0.0,
                "drc_num": 0,
                "R": 0.0,
                "C": 0.00010810095704000006,
                "power": 1.9458172267200005e-06,
                "delay": 0.0,
                "slew": 0.0,
                "congestion": 0.0,
                "drc_type": []
            },
            "wire": {
                "id1": 719317,
                "x1": 1200,
                "y1": 64800,
                "real_x1": 1200,
                "real_y1": 64965,
                "r1": 270,
                "c1": 5,
                "l1": 2,
                "p1": -1,
                "id2": 1293909,
                "x2": 1200,
                "y2": 64800,