{
    "id": 550,
    "name": "dpath/sub/_050_",
    "feature": {
        "llx": 65760,
        "lly": 115440,
        "urx": 67440,
        "ury": 121440,
        "wire_len": 7680,
        "via_num": 4,
        "drc_num": 0,
        "drc_type": [],
        "R": 13.714285714285715,
        "C": 0.00292834954576,
        "power": 2.1187319635869458e-07,
        "delay": 0.01797675517863428,
        "slew": 0.002398505453840488,
        "aspect_ratio": 4,
        "width": 1680,
        "height": 6000,
        "area": 10080000,
        "volume": 20160000,
        "layer_ratio": [
            0.0,
            0.0,
            0.1599999964237213,
            0.0,
            0.8399999737739563,
            0.0,
            0.0,
            0.0,
            0.0,
            0.0,
            0.0
        ],
        "place_feature": {
            "pin_num": 2,
            "aspect_ratio": 7,
            "width": 952,
            "height": 6823,
            "area": 6495496,
            "l_ness": 1.0,
            "hpwl": 7775,
            "rsmt": 7775
        }
    },
    "pin_num": 2,
    "pins": [
        {
            "id": 1430,
            "i": "dpath/sub/_193_",
            "p": "Y",
            "driver": 1
        },
        {
            "id": 1431,
            "i": "dpath/sub/_194_",
            "p": "B",
            "driver": 0
        }
    ],
    "wire_num": 6,
    "wires": [
        {
            "id": 5581,
            "feature": {
                "wire_width": 0,
                "wire_len": 0,
                "wire_density": 0.0,
                "drc_num": 0,
                "R": 0.0,
                "C": 0.0,
                "power": 0.0,
                "delay": 0.0,
                "slew": 0.0,
                "congestion": 0.0,
                "drc_type": []
            },
            "wire": {
                "id1": 832689,
                "x1": 67440,
                "y1": 115440,
                "real_x1": 67450,
                "real_y1": 115440,
                "r1": 481,
                "c1": 281,
                "l1": 2,
                "p1": -1,
                "id2": 1407281,
                "x2": 67440,
                "y2": 115440,
                "real_x2": 67440,
                "real_y2": 115440,
                "r2": 481,
                "c2": 281,
                "l2": 4,
                "p2": -1,
                "via": 5
            },
            "path_num": 1,
            "paths": [
                {
                    "id1": 832689,
                    "x1": 67440,
                    "y1": 115440,
                    "real_x1": 67450,
                    "real_y1": 115440,
                    "r1": 481,
                    "c1": 281,
                    "l1": 2,
                    "p1": -1,
                    "id2": 1407281,
                    "x2": 67440,
                    "y2": 115440,
                    "real_x2": 67440,
                    "real_y2": 115440,
                    "r2": 481,
                    "c2": 281,
                    "l2": 4,
                    "p2": -1,
                    "via": 5
                }
            ],
            "patch_num": 1,
            "patchs": [
                795
            ]
        },
        {
            "id": 5582,
            "feature": {
                "wire_width": 0,
                "wire_len": 0,
                "wire_density": 0.0,
                "drc_num": 0,
                "R": 0.0,
                "C": 0.0,
                "power": 0.0,
                "delay": 0.0,
                "slew": 0.0,
                "congestion": 0.0,
                "drc_type": []
            },
            "wire": {
                "id1": 258097,
                "x1": 67440,
                "y1": 115440,
                "real_x1": 67450,
                "real_y1": 115440,
                "r1": 481,
                "c1": 281,
                "l1": 0,
                "p1": 1430,
                "id2": 832689,
                "x2": 67440,
                "y2": 115440,
                "real_x2": 67450,
                "real_y2": 115440,
                "r2": 481,
                "c2": 281,
                "l2": 2,
                "p2": -1,
                "via": 0
            },
            "path_num": 1,
            "paths": [
                {
                    "id1": 258097,
                    "x1": 67440,
                    "y1": 115440,
                    "real_x1": 67450,
                    "real_y1": 115440,
                    "r1": 481,
                    "c1": 281,
                    "l1": 0,
                    "p1": 1430,
                    "id2": 832689,
                    "x2": 67440,
                    "y2": 115440,
                    "real_x2": 67450,
                    "real_y2": 115440,
                    "r2": 481,
                    "c2": 281,
                    "l2": 2,
                    "p2": -1,
                    "via": 0
                }
            ],
            "patch_num": 1,
            "patchs": [
                795
            ]
        },
        {
            "id": 5583,
            "feature": {
                "wire_width": 0,
                "wire_len": 0,
                "wire_density": 0.0,
                "drc_num": 0,
                "R": 0.0,
                "C": 0.00025764960728000014,
                "power": 1.0356430204860295e-05,
                "delay": 0.0,
                "slew": 0.0,
                "congestion": 0.0,
                "drc_type": []
            },
            "wire": {
                "id1": 846087,
                "x1": 66960,
                "y1": 121440,
                "real_x1": 66960,
                "real_y1": 121615,
                "r1": 506,
                "c1": 279,
                "l1": 2,
                "p1": -1,
                "id2": 1420679,
                "x2": 66960,
                "y2": 121440,
                "real_x2": 66960,
                "real_y2": 121615,
                "r2": 506,
                "c2": 279,
                "l2": 4,
                "p2": -1,
                "via": 5
            },
            "path_num": 1,
            "paths": [
                {
                    "id1": 846087,
                    "x1": 66960,
                    "y1": 121440,
                    "real_x1": 66960,
                    "real_y1": 121615,
                    "r1": 506,
                    "c1": 279,
                    "l1": 2,
                    "p1": -1,
                    "id2": 1420679,
                    "x2": 66960,
                    "y2": 121440,
                    "real_x2": 66960,
                    "real_y2": 121615,
                    "r2": 506,
                    "c2": 279,
                    "l2": 4,
                    "p2": -1,
                    "via": 5
                }
            ],
            "patch_num": 1,
            "patchs": [
                855
            ]
        },
        {
            "id": 5584,
            "feature": {
                "wire_width": 140,
                "wire_len": 1200,
                "wire_density": 1.0123308325513271e-05,
                "drc_num": 0,
                "R": 1.0714285714285712,
                "C": 5.652516559999984e-05,
                "power": 2.2720738390972524e-06,
                "delay": 0.002524848391714284,
                "slew": 4.960594435221566e-11,
                "congestion": 2.0,
                "drc_type": []
            },
            "wire": {
                "id1": 846082,
                "x1": 65760,
                "y1": 121440,
                "real_x1": 65960,
                "real_y1": 121615,
                "r1": 506,
                "c1": 274,
                "l1": 2,