{
    "id": 19,
    "name": "ctrl/_12_",
    "feature": {
        "llx": 80160,
        "lly": 54960,
        "urx": 80640,
        "ury": 58800,
        "wire_len": 4320,
        "via_num": 4,
        "drc_num": 0,
        "drc_type": [],
        "R": 7.7142857142857135,
        "C": 0.0029030639689600008,
        "power": 1.1757717489793632e-07,
        "delay": 0.010478051940137144,
        "slew": 0.001337170774182772,
        "aspect_ratio": 8,
        "width": 480,
        "height": 3840,
        "area": 1843200,
        "volume": 3686400,
        "layer_ratio": [
            0.0,
            0.0,
            0.10999999940395355,
            0.0,
            0.8899999856948853,
            0.0,
            0.0,
            0.0,
            0.0,
            0.0,
            0.0
        ],
        "place_feature": {
            "pin_num": 2,
            "aspect_ratio": 5,
            "width": 737,
            "height": 3357,
            "area": 2474109,
            "l_ness": 1.0,
            "hpwl": 4094,
            "rsmt": 4094
        }
    },
    "pin_num": 2,
    "pins": [
        {
            "id": 58,
            "i": "ctrl/_25_",
            "p": "X",
            "driver": 1
        },
        {
            "id": 59,
            "i": "ctrl/_39_",
            "p": "A",
            "driver": 0
        }
    ],
    "wire_num": 7,
    "wires": [
        {
            "id": 219,
            "feature": {
                "wire_width": 0,
                "wire_len": 0,
                "wire_density": 0.0,
                "drc_num": 0,
                "R": 0.0,
                "C": 1.5848537120000117e-05,
                "power": 3.566014391765055e-07,
                "delay": 0.0,
                "slew": 0.0,
                "congestion": 0.0,
                "drc_type": []
            },
            "wire": {
                "id1": 123080,
                "x1": 80640,
                "y1": 54960,
                "real_x1": 80850,
                "real_y1": 54995,
                "r1": 229,
                "c1": 336,
                "l1": 0,
                "p1": 59,
                "id2": 697672,
                "x2": 80640,
                "y2": 54960,
                "real_x2": 80850,
                "real_y2": 54995,
                "r2": 229,
                "c2": 336,
                "l2": 2,
                "p2": -1,
                "via": 0
            },
            "path_num": 1,
            "paths": [
                {
                    "id1": 123080,
                    "x1": 80640,
                    "y1": 54960,
                    "real_x1": 80850,
                    "real_y1": 54995,
                    "r1": 229,
                    "c1": 336,
                    "l1": 0,
                    "p1": 59,
                    "id2": 697672,
                    "x2": 80640,
                    "y2": 54960,
                    "real_x2": 80850,
                    "real_y2": 54995,
                    "r2": 229,
                    "c2": 336,
                    "l2": 2,
                    "p2": -1,
                    "via": 0
                }
            ],
            "patch_num": 1,
            "patchs": [
                378
            ]
        },
        {
            "id": 220,
            "feature": {
                "wire_width": 140,
                "wire_len": 3840,
                "wire_density": 3.239458664164247e-05,
                "drc_num": 0,
                "R": 3.428571428571428,
                "C": 0.0001548349102400001,
                "power": 3.4838768656238737e-06,
                "delay": 0.009313823946788572,
                "slew": 1.6996984722461583e-09,
                "congestion": -5.5,
                "drc_type": []
            },
            "wire": {
                "id1": 1272263,
                "x1": 80400,
                "y1": 54960,
                "real_x1": 80400,
                "real_y1": 54995,
                "r1": 229,
                "c1": 335,
                "l1": 4,
                "p1": -1,
                "id2": 1280839,
                "x2": 80400,
                "y2": 58800,
                "real_x2": 80400,
                "real_y2": 58800,
                "r2": 245,
                "c2": 335,
                "l2": 4,
                "p2": -1
            },
            "path_num": 1,
            "paths": [
                {
                    "id1": 1272263,
                    "x1": 80400,
                    "y1": 54960,
                    "real_x1": 80400,
                    "real_y1": 54995,
                    "r1": 229,
                    "c1": 335,
                    "l1": 4,
                    "p1": -1,
                    "id2": 1280839,
                    "x2": 80400,
                    "y2": 58800,
                    "real_x2": 80400,
                    "real_y2": 58800,
                    "r2": 245,
                    "c2": 335,
                    "l2": 4,
                    "p2": -1
                }
            ],
            "patch_num": 2,
            "patchs": [
                378,
                408
            ]
        },
        {
            "id": 221,
            "feature": {
                "wire_width": 0,
                "wire_len": 0,
                "wire_density": 0.0,
                "drc_num": 0,
                "R": 0.0,
                "C": 0.0001548349102400001,
                "power": 3.4838768656238805e-06,
                "delay": 0.0,
                "slew": 0.0,
                "congestion": 0.0,
                "drc_type": []
            },
            "wire": {
                "id1": 697671,
                "x1": 80400,
                "y1": 54960,
                "real_x1": 80400,
                "real_y1": 54995,
                "r1": 229,
                "c1": 335,
                "l1": 2,
                "p1": -1,
                "id2": 1272263,
                "x2": 80400,
                "y2": 54960,
                "real_x2": 80400,
                "real_y2": 54995,
                "r2": 229,
                "c2": 335,
                "l2": 4,
                "p2": -1,
                "via": 5
            },
            "path_num": 1,
            "paths": [
                {
                    "id1": 697671,
                    "x1": 80400,
                    "y1": 54960,
                    "real_x1": 80400,
                    "real_y1": 54995,
                    "r1": 229,
                    "c1": 335,
                    "l1": 2,
                    "p1": -1,
                    "id2": 1272263,
                    "x2": 80400,
                    "y2": 54960,
                    "real_x2": 80400,
                    "real_y2": 54995,
                    "r2": 229,
                    "c2": 335,
                    "l2": 4,
                    "p2": -1,
                    "via": 5
                }
            ],
            "patch_num": 1,
            "patchs": [
                378
            ]
        },
        {
            "id": 222,
            "feature": {
                "wire_width": 0,
                "wire_len": 0,
                "wire_density": 0.0,
                "drc_num": 0,
                "R": 0.0,
                "C": 1.5848537120000117e-05,
                "power": 3.566014391765055e-07,
                "delay": 0.0,
                "slew": 0.0,
                "congestion": 0.0,
                "drc_type": []
            },
            "wire": {
                "id1": 706247,
                "x1": 80400,
                "y1": 58800,
                "real_x1": 80400,
                "real_y1": 58800,
                "r1": 245,
                "c1": 335,
                "l1": 2,