{
    "id": 485,
    "name": "dpath/b_zero/_10_",
    "feature": {
        "llx": 48960,
        "lly": 33600,
        "urx": 53280,
        "ury": 35280,
        "wire_len": 6000,
        "via_num": 2,
        "drc_num": 0,
        "drc_type": [],
        "R": 10.714285714285714,
        "C": 0.005569816616,
        "power": 1.8046205835840004e-07,
        "delay": 0.028445937364285714,
        "slew": 0.007537057178053169,
        "aspect_ratio": 3,
        "width": 4320,
        "height": 1680,
        "area": 7257600,
        "volume": 7257600,
        "layer_ratio": [
            0.0,
            0.0,
            1.0,
            0.0,
            0.0,
            0.0,
            0.0,
            0.0,
            0.0,
            0.0,
            0.0
        ],
        "place_feature": {
            "pin_num": 2,
            "aspect_ratio": 7,
            "width": 4151,
            "height": 612,
            "area": 2540412,
            "l_ness": 1.0,
            "hpwl": 4763,
            "rsmt": 4763
        }
    },
    "pin_num": 2,
    "pins": [
        {
            "id": 1248,
            "i": "dpath/b_zero/_39_",
            "p": "X",
            "driver": 1
        },
        {
            "id": 1249,
            "i": "dpath/b_zero/_25_",
            "p": "A",
            "driver": 0
        }
    ],
    "wire_num": 3,
    "wires": [
        {
            "id": 4899,
            "feature": {
                "wire_width": 0,
                "wire_len": 0,
                "wire_density": 0.0,
                "drc_num": 0,
                "R": 0.0,
                "C": 0.0,
                "power": 0.0,
                "delay": 0.0,
                "slew": 0.0,
                "congestion": 0.0,
                "drc_type": []
            },
            "wire": {
                "id1": 75244,
                "x1": 48960,
                "y1": 33600,
                "real_x1": 49170,
                "real_y1": 33815,
                "r1": 140,
                "c1": 204,
                "l1": 0,
                "p1": 1248,
                "id2": 649836,
                "x2": 48960,
                "y2": 33600,
                "real_x2": 49170,
                "real_y2": 33815,
                "r2": 140,
                "c2": 204,
                "l2": 2,
                "p2": -1,
                "via": 0
            },
            "path_num": 1,
            "paths": [
                {
                    "id1": 75244,
                    "x1": 48960,
                    "y1": 33600,
                    "real_x1": 49170,
                    "real_y1": 33815,
                    "r1": 140,
                    "c1": 204,
                    "l1": 0,
                    "p1": 1248,
                    "id2": 649836,
                    "x2": 48960,
                    "y2": 33600,
                    "real_x2": 49170,
                    "real_y2": 33815,
                    "r2": 140,
                    "c2": 204,
                    "l2": 2,
                    "p2": -1,
                    "via": 0
                }
            ],
            "patch_num": 1,
            "patchs": [
                221
            ]
        },
        {
            "id": 4900,
            "feature": {
                "wire_width": 0,
                "wire_len": 0,
                "wire_density": 0.0,
                "drc_num": 0,
                "R": 0.0,
                "C": 0.00025990830800000017,
                "power": 4.678349544000012e-06,
                "delay": 0.0,
                "slew": 0.0,
                "congestion": 0.0,
                "drc_type": []
            },
            "wire": {
                "id1": 79014,
                "x1": 53280,
                "y1": 35280,
                "real_x1": 53480,
                "real_y1": 35305,
                "r1": 147,
                "c1": 222,
                "l1": 0,
                "p1": 1249,
                "id2": 653606,
                "x2": 53280,
                "y2": 35280,
                "real_x2": 53480,
                "real_y2": 35305,
                "r2": 147,
                "c2": 222,
                "l2": 2,
                "p2": -1,
                "via": 0
            },
            "path_num": 1,
            "paths": [
                {
                    "id1": 79014,
                    "x1": 53280,
                    "y1": 35280,
                    "real_x1": 53480,
                    "real_y1": 35305,
                    "r1": 147,
                    "c1": 222,
                    "l1": 0,
                    "p1": 1249,
                    "id2": 653606,
                    "x2": 53280,
                    "y2": 35280,
                    "real_x2": 53480,
                    "real_y2": 35305,
                    "r2": 147,
                    "c2": 222,
                    "l2": 2,
                    "p2": -1,
                    "via": 0
                }
            ],
            "patch_num": 1,
            "patchs": [
                252
            ]
        },
        {
            "id": 4901,
            "feature": {
                "wire_width": 140,
                "wire_len": 6000,
                "wire_density": 5.061654162756636e-05,
                "drc_num": 0,
                "R": 5.357142857142857,
                "C": 0.00025990830800000017,
                "power": 4.678349543999998e-06,
                "delay": 0.028445937364285714,
                "slew": 8.106141792529886e-09,
                "congestion": 19.5,
                "drc_type": []
            },
            "wire": {
                "id1": 649836,
                "x1": 48960,
                "y1": 33600,
                "real_x1": 49170,
                "real_y1": 33815,
                "r1": 140,
                "c1": 204,
                "l1": 2,
                "p1": -1,
                "id2": 653606,
                "x2": 53280,
                "y2": 35280,
                "real_x2": 53480,
                "real_y2": 35305,
                "r2": 147,
                "c2": 222,
                "l2": 2,
                "p2": -1
            },
            "path_num": 5,
            "paths": [
                {
                    "id1": 649836,
                    "x1": 48960,
                    "y1": 33600,
                    "real_x1": 49170,
                    "real_y1": 33815,
                    "r1": 140,
                    "c1": 204,
                    "l1": 2,
                    "p1": -1,
                    "id2": 649841,
                    "x2": 50160,
                    "y2": 33600,
                    "real_x2": 50160,
                    "real_y2": 33815,
                    "r2": 140,
                    "c2": 209,
                    "l2": 2,
                    "p2": -1
                },
                {
                    "id1": 649841,
                    "x1": 50160,
                    "y1": 33600,
                    "real_x1": 50160,
                    "real_y1": 33815,
                    "r1": 140,
                    "c1": 209,
                    "l1": 2,
                    "p1": -1,
                    "id2": 651449,
                    "x2": 50160,
                    "y2": 34320,
                    "real_x2": 50160,
                    "real_y2": 34320,
                    "r2": 143,
                    "c2": 209,
                    "l2": 2,
                    "p2": -1
                },
                {
                    "id1": 651449,
                    "x1": 50160,
                    "y1": 34320,
                    "real_x1": 50160,
                    "real_y1": 34320,
                    "r1": 143,
                    "c1": 209,