{
    "id": 90,
    "name": "dpath/b_mux$out[1]",
    "feature": {
        "llx": 18720,
        "lly": 14640,
        "urx": 21840,
        "ury": 14880,
        "wire_len": 3360,
        "via_num": 2,
        "drc_num": 0,
        "drc_type": [],
        "R": 5.999999999999999,
        "C": 0.00282609515936,
        "power": 1.9604075712069295e-07,
        "delay": 0.008034142739039999,
        "slew": 0.0010381386011335952,
        "aspect_ratio": 13,
        "width": 3120,
        "height": 240,
        "area": 748800,
        "volume": 748800,
        "layer_ratio": [
            0.0,
            0.0,
            1.0,
            0.0,
            0.0,
            0.0,
            0.0,
            0.0,
            0.0,
            0.0,
            0.0
        ],
        "place_feature": {
            "pin_num": 2,
            "aspect_ratio": 35,
            "width": 2675,
            "height": 77,
            "area": 205975,
            "l_ness": 1.0,
            "hpwl": 2752,
            "rsmt": 2752
        }
    },
    "pin_num": 2,
    "pins": [
        {
            "id": 314,
            "i": "dpath/b_mux/_073_",
            "p": "X",
            "driver": 1
        },
        {
            "id": 315,
            "i": "dpath/b_reg/_088_",
            "p": "A",
            "driver": 0
        }
    ],
    "wire_num": 3,
    "wires": [
        {
            "id": 1319,
            "feature": {
                "wire_width": 0,
                "wire_len": 0,
                "wire_density": 0.0,
                "drc_num": 0,
                "R": 0.0,
                "C": 0.00014804757967999986,
                "power": 5.705430200754442e-06,
                "delay": 0.0,
                "slew": 0.0,
                "congestion": 0.0,
                "drc_type": []
            },
            "wire": {
                "id1": 33323,
                "x1": 21840,
                "y1": 14880,
                "real_x1": 21840,
                "real_y1": 15115,
                "r1": 62,
                "c1": 91,
                "l1": 0,
                "p1": 315,
                "id2": 607915,
                "x2": 21840,
                "y2": 14880,
                "real_x2": 21840,
                "real_y2": 15115,
                "r2": 62,
                "c2": 91,
                "l2": 2,
                "p2": -1,
                "via": 0
            },
            "path_num": 1,
            "paths": [
                {
                    "id1": 33323,
                    "x1": 21840,
                    "y1": 14880,
                    "real_x1": 21840,
                    "real_y1": 15115,
                    "r1": 62,
                    "c1": 91,
                    "l1": 0,
                    "p1": 315,
                    "id2": 607915,
                    "x2": 21840,
                    "y2": 14880,
                    "real_x2": 21840,
                    "real_y2": 15115,
                    "r2": 62,
                    "c2": 91,
                    "l2": 2,
                    "p2": -1,
                    "via": 0
                }
            ],
            "patch_num": 1,
            "patchs": [
                95
            ]
        },
        {
            "id": 1320,
            "feature": {
                "wire_width": 0,
                "wire_len": 0,
                "wire_density": 0.0,
                "drc_num": 0,
                "R": 0.0,
                "C": 0.0,
                "power": 0.0,
                "delay": 0.0,
                "slew": 0.0,
                "congestion": 0.0,
                "drc_type": []
            },
            "wire": {
                "id1": 32774,
                "x1": 18720,
                "y1": 14640,
                "real_x1": 18930,
                "real_y1": 14640,
                "r1": 61,
                "c1": 78,
                "l1": 0,
                "p1": 314,
                "id2": 607366,
                "x2": 18720,
                "y2": 14640,
                "real_x2": 18930,
                "real_y2": 14640,
                "r2": 61,
                "c2": 78,
                "l2": 2,
                "p2": -1,
                "via": 0
            },
            "path_num": 1,
            "paths": [
                {
                    "id1": 32774,
                    "x1": 18720,
                    "y1": 14640,
                    "real_x1": 18930,
                    "real_y1": 14640,
                    "r1": 61,
                    "c1": 78,
                    "l1": 0,
                    "p1": 314,
                    "id2": 607366,
                    "x2": 18720,
                    "y2": 14640,
                    "real_x2": 18930,
                    "real_y2": 14640,
                    "r2": 61,
                    "c2": 78,
                    "l2": 2,
                    "p2": -1,
                    "via": 0
                }
            ],
            "patch_num": 1,
            "patchs": [
                94
            ]
        },
        {
            "id": 1321,
            "feature": {
                "wire_width": 140,
                "wire_len": 3360,
                "wire_density": 2.8345263311437162e-05,
                "drc_num": 0,
                "R": 2.9999999999999996,
                "C": 0.00014804757967999986,
                "power": 5.705430200754442e-06,
                "delay": 0.008034142739039999,
                "slew": 1.0557664395505206e-09,
                "congestion": -6.5,
                "drc_type": []
            },
            "wire": {
                "id1": 607915,
                "x1": 21840,
                "y1": 14880,
                "real_x1": 21840,
                "real_y1": 15115,
                "r1": 62,
                "c1": 91,
                "l1": 2,
                "p1": -1,
                "id2": 607366,
                "x2": 18720,
                "y2": 14640,
                "real_x2": 18930,
                "real_y2": 14640,
                "r2": 61,
                "c2": 78,
                "l2": 2,
                "p2": -1
            },
            "path_num": 3,
            "paths": [
                {
                    "id1": 607915,
                    "x1": 21840,
                    "y1": 14880,
                    "real_x1": 21840,
                    "real_y1": 15115,
                    "r1": 62,
                    "c1": 91,
                    "l1": 2,
                    "p1": -1,
                    "id2": 607910,
                    "x2": 20640,
                    "y2": 14880,
                    "real_x2": 20640,
                    "real_y2": 15115,
                    "r2": 62,
                    "c2": 86,
                    "l2": 2,
                    "p2": -1
                },
                {
                    "id1": 607910,
                    "x1": 20640,
                    "y1": 14880,
                    "real_x1": 20640,
                    "real_y1": 15115,
                    "r1": 62,
                    "c1": 86,
                    "l1": 2,
                    "p1": -1,
                    "id2": 607374,
                    "x2": 20640,
                    "y2": 14640,
                    "real_x2": 20640,
                    "real_y2": 14640,
                    "r2": 61,
                    "c2": 86,
                    "l2": 2,
                    "p2": -1
                },
                {
                    "id1": 607374,
                    "x1": 20640,
                    "y1": 14640,
                    "real_x1": 20640,
                    "real_y1": 14640,
                    "r1": 61,
                    "c1": 86,
                    "l1": 2,