{
    "id": 191,
    "name": "dpath/a_mux/_002_",
    "feature": {
        "llx": 2880,
        "lly": 4800,
        "urx": 4800,
        "ury": 5520,
        "wire_len": 2640,
        "via_num": 2,
        "drc_num": 0,
        "drc_type": [],
        "R": 4.714285714285714,
        "C": 0.0030750802166399998,
        "power": 9.9632599019136e-08,
        "delay": 0.00697134454104,
        "slew": 0.006971344541039999,
        "aspect_ratio": 3,
        "width": 1920,
        "height": 720,
        "area": 1382400,
        "volume": 1382400,
        "layer_ratio": [
            0.0,
            0.0,
            1.0,
            0.0,
            0.0,
            0.0,
            0.0,
            0.0,
            0.0,
            0.0,
            0.0
        ],
        "place_feature": {
            "pin_num": 2,
            "aspect_ratio": 75,
            "width": 2015,
            "height": 27,
            "area": 54405,
            "l_ness": 1.0,
            "hpwl": 2042,
            "rsmt": 2042
        }
    },
    "pin_num": 2,
    "pins": [
        {
            "id": 566,
            "i": "dpath/a_mux/_206_",
            "p": "X",
            "driver": 1
        },
        {
            "id": 567,
            "i": "dpath/a_mux/_143_",
            "p": "A",
            "driver": 0
        }
    ],
    "wire_num": 3,
    "wires": [
        {
            "id": 2235,
            "feature": {
                "wire_width": 0,
                "wire_len": 0,
                "wire_density": 0.0,
                "drc_num": 0,
                "R": 0.0,
                "C": 0.0,
                "power": 0.0,
                "delay": 0.0,
                "slew": 0.0,
                "congestion": 0.0,
                "drc_type": []
            },
            "wire": {
                "id1": 12340,
                "x1": 2880,
                "y1": 5520,
                "real_x1": 3090,
                "real_y1": 5520,
                "r1": 23,
                "c1": 12,
                "l1": 0,
                "p1": 566,
                "id2": 586932,
                "x2": 2880,
                "y2": 5520,
                "real_x2": 3090,
                "real_y2": 5520,
                "r2": 23,
                "c2": 12,
                "l2": 2,
                "p2": -1,
                "via": 0
            },
            "path_num": 1,
            "paths": [
                {
                    "id1": 12340,
                    "x1": 2880,
                    "y1": 5520,
                    "real_x1": 3090,
                    "real_y1": 5520,
                    "r1": 23,
                    "c1": 12,
                    "l1": 0,
                    "p1": 566,
                    "id2": 586932,
                    "x2": 2880,
                    "y2": 5520,
                    "real_x2": 3090,
                    "real_y2": 5520,
                    "r2": 23,
                    "c2": 12,
                    "l2": 2,
                    "p2": -1,
                    "via": 0
                }
            ],
            "patch_num": 1,
            "patchs": [
                30
            ]
        },
        {
            "id": 2236,
            "feature": {
                "wire_width": 0,
                "wire_len": 0,
                "wire_density": 0.0,
                "drc_num": 0,
                "R": 0.0,
                "C": 0.00011754010831999985,
                "power": 2.11572194976e-06,
                "delay": 0.0,
                "slew": 0.0,
                "congestion": 0.0,
                "drc_type": []
            },
            "wire": {
                "id1": 10740,
                "x1": 4800,
                "y1": 4800,
                "real_x1": 5010,
                "real_y1": 5025,
                "r1": 20,
                "c1": 20,
                "l1": 0,
                "p1": 567,
                "id2": 585332,
                "x2": 4800,
                "y2": 4800,
                "real_x2": 5010,
                "real_y2": 5025,
                "r2": 20,
                "c2": 20,
                "l2": 2,
                "p2": -1,
                "via": 0
            },
            "path_num": 1,
            "paths": [
                {
                    "id1": 10740,
                    "x1": 4800,
                    "y1": 4800,
                    "real_x1": 5010,
                    "real_y1": 5025,
                    "r1": 20,
                    "c1": 20,
                    "l1": 0,
                    "p1": 567,
                    "id2": 585332,
                    "x2": 4800,
                    "y2": 4800,
                    "real_x2": 5010,
                    "real_y2": 5025,
                    "r2": 20,
                    "c2": 20,
                    "l2": 2,
                    "p2": -1,
                    "via": 0
                }
            ],
            "patch_num": 1,
            "patchs": [
                31
            ]
        },
        {
            "id": 2237,
            "feature": {
                "wire_width": 140,
                "wire_len": 2640,
                "wire_density": 2.2271278316129197e-05,
                "drc_num": 0,
                "R": 2.357142857142857,
                "C": 0.00011754010831999985,
                "power": 2.11572194976e-06,
                "delay": 0.00697134454104,
                "slew": 6.97134454104e-06,
                "congestion": 5.0,
                "drc_type": []
            },
            "wire": {
                "id1": 586932,
                "x1": 2880,
                "y1": 5520,
                "real_x1": 3090,
                "real_y1": 5520,
                "r1": 23,
                "c1": 12,
                "l1": 2,
                "p1": -1,
                "id2": 585332,
                "x2": 4800,
                "y2": 4800,
                "real_x2": 5010,
                "real_y2": 5025,
                "r2": 20,
                "c2": 20,
                "l2": 2,
                "p2": -1
            },
            "path_num": 3,
            "paths": [
                {
                    "id1": 586932,
                    "x1": 2880,
                    "y1": 5520,
                    "real_x1": 3090,
                    "real_y1": 5520,
                    "r1": 23,
                    "c1": 12,
                    "l1": 2,
                    "p1": -1,
                    "id2": 586933,
                    "x2": 3120,
                    "y2": 5520,
                    "real_x2": 3120,
                    "real_y2": 5520,
                    "r2": 23,
                    "c2": 13,
                    "l2": 2,
                    "p2": -1
                },
                {
                    "id1": 586933,
                    "x1": 3120,
                    "y1": 5520,
                    "real_x1": 3120,
                    "real_y1": 5520,
                    "r1": 23,
                    "c1": 13,
                    "l1": 2,
                    "p1": -1,
                    "id2": 585325,
                    "x2": 3120,
                    "y2": 4800,
                    "real_x2": 3120,
                    "real_y2": 5025,
                    "r2": 20,
                    "c2": 13,
                    "l2": 2,
                    "p2": -1
                },
                {
                    "id1": 585325,
                    "x1": 3120,
                    "y1": 4800,
                    "real_x1": 3120,
                    "real_y1": 5025,
                    "r1": 20,
                    "c1": 13,
                    "l1": 2,
                    "p1": -1,
                    "id2": 585332,
                    "x2": 4800,