{
    "id": 293,
    "name": "dpath/a_reg/_000_",
    "feature": {
        "llx": 47520,
        "lly": 4320,
        "urx": 47760,
        "ury": 10320,
        "wire_len": 6480,
        "via_num": 4,
        "drc_num": 0,
        "drc_type": [],
        "R": 11.57142857142857,
        "C": 0.00231130620048,
        "power": 1.4360680235134815e-07,
        "delay": 0.011806635794245712,
        "slew": 0.002395105340156519,
        "aspect_ratio": 25,
        "width": 240,
        "height": 6000,
        "area": 1440000,
        "volume": 2880000,
        "layer_ratio": [
            0.0,
            0.0,
            0.07000000029802322,
            0.0,
            0.9300000071525574,
            0.0,
            0.0,
            0.0,
            0.0,
            0.0,
            0.0
        ],
        "place_feature": {
            "pin_num": 2,
            "aspect_ratio": 82,
            "width": 77,
            "height": 6316,
            "area": 486332,
            "l_ness": 1.0,
            "hpwl": 6393,
            "rsmt": 6393
        }
    },
    "pin_num": 2,
    "pins": [
        {
            "id": 819,
            "i": "dpath/a_reg/_086_",
            "p": "X",
            "driver": 1
        },
        {
            "id": 820,
            "i": "dpath/a_reg/_132_",
            "p": "D",
            "driver": 0
        }
    ],
    "wire_num": 7,
    "wires": [
        {
            "id": 3355,
            "feature": {
                "wire_width": 0,
                "wire_len": 0,
                "wire_density": 0.0,
                "drc_num": 0,
                "R": 0.0,
                "C": 1.5848537120000117e-05,
                "power": 5.47059046159272e-07,
                "delay": 0.0,
                "slew": 0.0,
                "congestion": 0.0,
                "drc_type": []
            },
            "wire": {
                "id1": 597839,
                "x1": 47760,
                "y1": 10320,
                "real_x1": 47760,
                "real_y1": 10505,
                "r1": 43,
                "c1": 199,
                "l1": 2,
                "p1": -1,
                "id2": 1172431,
                "x2": 47760,
                "y2": 10320,
                "real_x2": 47760,
                "real_y2": 10505,
                "r2": 43,
                "c2": 199,
                "l2": 4,
                "p2": -1,
                "via": 5
            },
            "path_num": 1,
            "paths": [
                {
                    "id1": 597839,
                    "x1": 47760,
                    "y1": 10320,
                    "real_x1": 47760,
                    "real_y1": 10505,
                    "r1": 43,
                    "c1": 199,
                    "l1": 2,
                    "p1": -1,
                    "id2": 1172431,
                    "x2": 47760,
                    "y2": 10320,
                    "real_x2": 47760,
                    "real_y2": 10505,
                    "r2": 43,
                    "c2": 199,
                    "l2": 4,
                    "p2": -1,
                    "via": 5
                }
            ],
            "patch_num": 1,
            "patchs": [
                71
            ]
        },
        {
            "id": 3356,
            "feature": {
                "wire_width": 140,
                "wire_len": 240,
                "wire_density": 2.0246616651026545e-06,
                "drc_num": 0,
                "R": 0.2142857142857144,
                "C": 1.58485371199999e-05,
                "power": 5.470590461592584e-07,
                "delay": 0.00038268182938285683,
                "slew": 3.879140064722009e-12,
                "congestion": -1.0,
                "drc_type": []
            },
            "wire": {
                "id1": 584438,
                "x1": 47520,
                "y1": 4320,
                "real_x1": 47710,
                "real_y1": 4540,
                "r1": 18,
                "c1": 198,
                "l1": 2,
                "p1": -1,
                "id2": 584439,
                "x2": 47760,
                "y2": 4320,
                "real_x2": 47760,
                "real_y2": 4540,
                "r2": 18,
                "c2": 199,
                "l2": 2,
                "p2": -1
            },
            "path_num": 1,
            "paths": [
                {
                    "id1": 584438,
                    "x1": 47520,
                    "y1": 4320,
                    "real_x1": 47710,
                    "real_y1": 4540,
                    "r1": 18,
                    "c1": 198,
                    "l1": 2,
                    "p1": -1,
                    "id2": 584439,
                    "x2": 47760,
                    "y2": 4320,
                    "real_x2": 47760,
                    "real_y2": 4540,
                    "r2": 18,
                    "c2": 199,
                    "l2": 2,
                    "p2": -1
                }
            ],
            "patch_num": 1,
            "patchs": [
                41
            ]
        },
        {
            "id": 3357,
            "feature": {
                "wire_width": 0,
                "wire_len": 0,
                "wire_density": 0.0,
                "drc_num": 0,
                "R": 0.0,
                "C": 0.0,
                "power": 0.0,
                "delay": 0.0,
                "slew": 0.0,
                "congestion": 0.0,
                "drc_type": []
            },
            "wire": {
                "id1": 23246,
                "x1": 47520,
                "y1": 10320,
                "real_x1": 47730,
                "real_y1": 10505,
                "r1": 43,
                "c1": 198,
                "l1": 0,
                "p1": 819,
                "id2": 597838,
                "x2": 47520,
                "y2": 10320,
                "real_x2": 47730,
                "real_y2": 10505,
                "r2": 43,
                "c2": 198,
                "l2": 2,
                "p2": -1,
                "via": 0
            },
            "path_num": 1,
            "paths": [
                {
                    "id1": 23246,
                    "x1": 47520,
                    "y1": 10320,
                    "real_x1": 47730,
                    "real_y1": 10505,
                    "r1": 43,
                    "c1": 198,
                    "l1": 0,
                    "p1": 819,
                    "id2": 597838,
                    "x2": 47520,
                    "y2": 10320,
                    "real_x2": 47730,
                    "real_y2": 10505,
                    "r2": 43,
                    "c2": 198,
                    "l2": 2,
                    "p2": -1,
                    "via": 0
                }
            ],
            "patch_num": 1,
            "patchs": [
                71
            ]
        },
        {
            "id": 3358,
            "feature": {
                "wire_width": 0,
                "wire_len": 0,
                "wire_density": 0.0,
                "drc_num": 0,
                "R": 0.0,
                "C": 0.00023895602599999992,
                "power": 8.248272674492e-06,
                "delay": 0.0,
                "slew": 0.0,
                "congestion": 0.0,
                "drc_type": []
            },
            "wire": {
                "id1": 584439,
                "x1": 47760,
                "y1": 4320,
                "real_x1": 47760,
                "real_y1": 4540,
                "r1": 18,
                "c1": 199,
                "l1": 2,
                "p1": -1,
                "id2": 1159031,
                "x2": 47760,