{
    "id": 32,
    "name": "ctrl/state/_04_",
    "feature": {
        "llx": 86400,
        "lly": 51360,
        "urx": 89040,
        "ury": 55440,
        "wire_len": 6960,
        "via_num": 4,
        "drc_num": 0,
        "drc_type": [],
        "R": 12.428571428571429,
        "C": 0.00323514069264,
        "power": 1.310266349984123e-07,
        "delay": 0.01824844160178857,
        "slew": 0.004486784014940064,
        "aspect_ratio": 2,
        "width": 2640,
        "height": 4080,
        "area": 10771200,
        "volume": 21542400,
        "layer_ratio": [
            0.0,
            0.0,
            0.4099999964237213,
            0.0,
            0.5899999737739563,
            0.0,
            0.0,
            0.0,
            0.0,
            0.0,
            0.0
        ],
        "place_feature": {
            "pin_num": 2,
            "aspect_ratio": 1,
            "width": 2373,
            "height": 3487,
            "area": 8274651,
            "l_ness": 1.0,
            "hpwl": 5860,
            "rsmt": 5860
        }
    },
    "pin_num": 2,
    "pins": [
        {
            "id": 85,
            "i": "ctrl/state/_09_",
            "p": "X",
            "driver": 1
        },
        {
            "id": 86,
            "i": "ctrl/state/_07_",
            "p": "B_N",
            "driver": 0
        }
    ],
    "wire_num": 7,
    "wires": [
        {
            "id": 321,
            "feature": {
                "wire_width": 0,
                "wire_len": 0,
                "wire_density": 0.0,
                "drc_num": 0,
                "R": 0.0,
                "C": 0.00011754010831999985,
                "power": 2.6447218106319734e-06,
                "delay": 0.0,
                "slew": 0.0,
                "congestion": 0.0,
                "drc_type": []
            },
            "wire": {
                "id1": 698779,
                "x1": 89040,
                "y1": 55440,
                "real_x1": 89040,
                "real_y1": 55565,
                "r1": 231,
                "c1": 371,
                "l1": 2,
                "p1": -1,
                "id2": 1273371,
                "x2": 89040,
                "y2": 55440,
                "real_x2": 89040,
                "real_y2": 55565,
                "r2": 231,
                "c2": 371,
                "l2": 4,
                "p2": -1,
                "via": 5
            },
            "path_num": 1,
            "paths": [
                {
                    "id1": 698779,
                    "x1": 89040,
                    "y1": 55440,
                    "real_x1": 89040,
                    "real_y1": 55565,
                    "r1": 231,
                    "c1": 371,
                    "l1": 2,
                    "p1": -1,
                    "id2": 1273371,
                    "x2": 89040,
                    "y2": 55440,
                    "real_x2": 89040,
                    "real_y2": 55565,
                    "r2": 231,
                    "c2": 371,
                    "l2": 4,
                    "p2": -1,
                    "via": 5
                }
            ],
            "patch_num": 1,
            "patchs": [
                380
            ]
        },
        {
            "id": 322,
            "feature": {
                "wire_width": 0,
                "wire_len": 0,
                "wire_density": 0.0,
                "drc_num": 0,
                "R": 0.0,
                "C": 1.5848537120000117e-05,
                "power": 3.566014391765055e-07,
                "delay": 0.0,
                "slew": 0.0,
                "congestion": 0.0,
                "drc_type": []
            },
            "wire": {
                "id1": 115074,
                "x1": 88800,
                "y1": 51360,
                "real_x1": 89015,
                "real_y1": 51585,
                "r1": 214,
                "c1": 370,
                "l1": 0,
                "p1": 86,
                "id2": 689666,
                "x2": 88800,
                "y2": 51360,
                "real_x2": 89015,
                "real_y2": 51585,
                "r2": 214,
                "c2": 370,
                "l2": 2,
                "p2": -1,
                "via": 0
            },
            "path_num": 1,
            "paths": [
                {
                    "id1": 115074,
                    "x1": 88800,
                    "y1": 51360,
                    "real_x1": 89015,
                    "real_y1": 51585,
                    "r1": 214,
                    "c1": 370,
                    "l1": 0,
                    "p1": 86,
                    "id2": 689666,
                    "x2": 88800,
                    "y2": 51360,
                    "real_x2": 89015,
                    "real_y2": 51585,
                    "r2": 214,
                    "c2": 370,
                    "l2": 2,
                    "p2": -1,
                    "via": 0
                }
            ],
            "patch_num": 1,
            "patchs": [
                350
            ]
        },
        {
            "id": 323,
            "feature": {
                "wire_width": 140,
                "wire_len": 240,
                "wire_density": 2.0246616651026545e-06,
                "drc_num": 0,
                "R": 0.2142857142857144,
                "C": 1.5848537120000117e-05,
                "power": 3.566014391765123e-07,
                "delay": 0.0005691104008114269,
                "slew": 7.359383935590103e-12,
                "congestion": 3.0,
                "drc_type": []
            },
            "wire": {
                "id1": 689666,
                "x1": 88800,
                "y1": 51360,
                "real_x1": 89015,
                "real_y1": 51585,
                "r1": 214,
                "c1": 370,
                "l1": 2,
                "p1": -1,
                "id2": 689667,
                "x2": 89040,
                "y2": 51360,
                "real_x2": 89040,
                "real_y2": 51585,
                "r2": 214,
                "c2": 371,
                "l2": 2,
                "p2": -1
            },
            "path_num": 1,
            "paths": [
                {
                    "id1": 689666,
                    "x1": 88800,
                    "y1": 51360,
                    "real_x1": 89015,
                    "real_y1": 51585,
                    "r1": 214,
                    "c1": 370,
                    "l1": 2,
                    "p1": -1,
                    "id2": 689667,
                    "x2": 89040,
                    "y2": 51360,
                    "real_x2": 89040,
                    "real_y2": 51585,
                    "r2": 214,
                    "c2": 371,
                    "l2": 2,
                    "p2": -1
                }
            ],
            "patch_num": 1,
            "patchs": [
                350
            ]
        },
        {
            "id": 324,
            "feature": {
                "wire_width": 140,
                "wire_len": 4080,
                "wire_density": null,
                "drc_num": 0,
                "R": 3.642857142857143,
                "C": 0.0001641817008800001,
                "power": 3.694185171599905e-06,
                "delay": 0.010330701252222858,
                "slew": 2.6751988853324082e-09,
                "congestion": -8.0,
                "drc_type": []
            },
            "wire": {
                "id1": 1264259,
                "x1": 89040,
                "y1": 51360,
                "real_x1": 89040,
                "real_y1": 51585,
                "r1": 214,
                "c1": 371,