{
    "id": 264,
    "name": "dpath/a_mux/_075_",
    "feature": {
        "llx": 106560,
        "lly": 31920,
        "urx": 109200,
        "ury": 35040,
        "wire_len": 5760,
        "via_num": 4,
        "drc_num": 0,
        "drc_type": [],
        "R": 10.285714285714285,
        "C": 0.0034086692932799997,
        "power": 9.533703441554106e-08,
        "delay": 0.01624516072129714,
        "slew": 0.0011687161217204256,
        "aspect_ratio": 1,
        "width": 2640,
        "height": 3120,
        "area": 8236800,
        "volume": 16473600,
        "layer_ratio": [
            0.0,
            0.0,
            0.46000000834465027,
            0.0,
            0.5400000214576721,
            0.0,
            0.0,
            0.0,
            0.0,
            0.0,
            0.0
        ],
        "place_feature": {
            "pin_num": 2,
            "aspect_ratio": 2,
            "width": 1901,
            "height": 3535,
            "area": 6720035,
            "l_ness": 1.0,
            "hpwl": 5436,
            "rsmt": 5436
        }
    },
    "pin_num": 2,
    "pins": [
        {
            "id": 757,
            "i": "dpath/a_mux/_120_",
            "p": "Y",
            "driver": 1
        },
        {
            "id": 758,
            "i": "dpath/a_mux/_121_",
            "p": "B1",
            "driver": 0
        }
    ],
    "wire_num": 6,
    "wires": [
        {
            "id": 3133,
            "feature": {
                "wire_width": 0,
                "wire_len": 0,
                "wire_density": 0.0,
                "drc_num": 0,
                "R": 0.0,
                "C": 0.0,
                "power": 0.0,
                "delay": 0.0,
                "slew": 0.0,
                "congestion": 0.0,
                "drc_type": []
            },
            "wire": {
                "id1": 78711,
                "x1": 109200,
                "y1": 35040,
                "real_x1": 109200,
                "real_y1": 35195,
                "r1": 146,
                "c1": 455,
                "l1": 0,
                "p1": 758,
                "id2": 653303,
                "x2": 109200,
                "y2": 35040,
                "real_x2": 109200,
                "real_y2": 35195,
                "r2": 146,
                "c2": 455,
                "l2": 2,
                "p2": -1,
                "via": 0
            },
            "path_num": 1,
            "paths": [
                {
                    "id1": 78711,
                    "x1": 109200,
                    "y1": 35040,
                    "real_x1": 109200,
                    "real_y1": 35195,
                    "r1": 146,
                    "c1": 455,
                    "l1": 0,
                    "p1": 758,
                    "id2": 653303,
                    "x2": 109200,
                    "y2": 35040,
                    "real_x2": 109200,
                    "real_y2": 35195,
                    "r2": 146,
                    "c2": 455,
                    "l2": 2,
                    "p2": -1,
                    "via": 0
                }
            ],
            "patch_num": 1,
            "patchs": [
                265
            ]
        },
        {
            "id": 3134,
            "feature": {
                "wire_width": 0,
                "wire_len": 0,
                "wire_density": 0.0,
                "drc_num": 0,
                "R": 0.0,
                "C": 0.00011754010831999985,
                "power": 1.826376673377777e-06,
                "delay": 0.0,
                "slew": 0.0,
                "congestion": 0.0,
                "drc_type": []
            },
            "wire": {
                "id1": 646335,
                "x1": 109200,
                "y1": 31920,
                "real_x1": 109200,
                "real_y1": 31920,
                "r1": 133,
                "c1": 455,
                "l1": 2,
                "p1": -1,
                "id2": 1220927,
                "x2": 109200,
                "y2": 31920,
                "real_x2": 109200,
                "real_y2": 31920,
                "r2": 133,
                "c2": 455,
                "l2": 4,
                "p2": -1,
                "via": 5
            },
            "path_num": 1,
            "paths": [
                {
                    "id1": 646335,
                    "x1": 109200,
                    "y1": 31920,
                    "real_x1": 109200,
                    "real_y1": 31920,
                    "r1": 133,
                    "c1": 455,
                    "l1": 2,
                    "p1": -1,
                    "id2": 1220927,
                    "x2": 109200,
                    "y2": 31920,
                    "real_x2": 109200,
                    "real_y2": 31920,
                    "r2": 133,
                    "c2": 455,
                    "l2": 4,
                    "p2": -1,
                    "via": 5
                }
            ],
            "patch_num": 1,
            "patchs": [
                235
            ]
        },
        {
            "id": 3135,
            "feature": {
                "wire_width": 140,
                "wire_len": 2640,
                "wire_density": 2.2271278316129197e-05,
                "drc_num": 0,
                "R": 2.357142857142857,
                "C": 0.00011754010831999985,
                "power": 1.8263766733777703e-06,
                "delay": 0.007757661650262857,
                "slew": 8.419466512865625e-10,
                "congestion": 6.0,
                "drc_type": []
            },
            "wire": {
                "id1": 646324,
                "x1": 106560,
                "y1": 31920,
                "real_x1": 106770,
                "real_y1": 31920,
                "r1": 133,
                "c1": 444,
                "l1": 2,
                "p1": -1,
                "id2": 646335,
                "x2": 109200,
                "y2": 31920,
                "real_x2": 109200,
                "real_y2": 31920,
                "r2": 133,
                "c2": 455,
                "l2": 2,
                "p2": -1
            },
            "path_num": 1,
            "paths": [
                {
                    "id1": 646324,
                    "x1": 106560,
                    "y1": 31920,
                    "real_x1": 106770,
                    "real_y1": 31920,
                    "r1": 133,
                    "c1": 444,
                    "l1": 2,
                    "p1": -1,
                    "id2": 646335,
                    "x2": 109200,
                    "y2": 31920,
                    "real_x2": 109200,
                    "real_y2": 31920,
                    "r2": 133,
                    "c2": 455,
                    "l2": 2,
                    "p2": -1
                }
            ],
            "patch_num": 2,
            "patchs": [
                234,
                235
            ]
        },
        {
            "id": 3136,
            "feature": {
                "wire_width": 0,
                "wire_len": 0,
                "wire_density": 0.0,
                "drc_num": 0,
                "R": 0.0,
                "C": 0.00012679453832000007,
                "power": 1.9701750356473767e-06,
                "delay": 0.0,
                "slew": 0.0,
                "congestion": 0.0,
                "drc_type": []
            },
            "wire": {
                "id1": 653303,
                "x1": 109200,
                "y1": 35040,
                "real_x1": 109200,
                "real_y1": 35195,
                "r1": 146,
                "c1": 455,
                "l1": 2,