{
    "id": 424,
    "name": "dpath/b_reg/_015_",
    "feature": {
        "llx": 720,
        "lly": 80400,
        "urx": 3600,
        "ury": 87600,
        "wire_len": 12240,
        "via_num": 4,
        "drc_num": 0,
        "drc_type": [],
        "R": 21.857142857142854,
        "C": 0.00279120207744,
        "power": 2.0739801010729914e-07,
        "delay": 0.024932521936697143,
        "slew": 0.008107065255634,
        "aspect_ratio": 3,
        "width": 2880,
        "height": 7200,
        "area": 20736000,
        "volume": 41472000,
        "layer_ratio": [
            0.0,
            0.0,
            0.4099999964237213,
            0.0,
            0.5899999737739563,
            0.0,
            0.0,
            0.0,
            0.0,
            0.0,
            0.0
        ],
        "place_feature": {
            "pin_num": 2,
            "aspect_ratio": 16,
            "width": 403,
            "height": 6316,
            "area": 2545348,
            "l_ness": 1.0,
            "hpwl": 6719,
            "rsmt": 6719
        }
    },
    "pin_num": 2,
    "pins": [
        {
            "id": 1111,
            "i": "dpath/b_reg/_113_",
            "p": "X",
            "driver": 1
        },
        {
            "id": 1112,
            "i": "dpath/b_reg/_141_",
            "p": "D",
            "driver": 0
        }
    ],
    "wire_num": 7,
    "wires": [
        {
            "id": 4413,
            "feature": {
                "wire_width": 0,
                "wire_len": 0,
                "wire_density": 0.0,
                "drc_num": 0,
                "R": 0.0,
                "C": 0.0,
                "power": 0.0,
                "delay": 0.0,
                "slew": 0.0,
                "congestion": 0.0,
                "drc_type": []
            },
            "wire": {
                "id1": 179572,
                "x1": 2880,
                "y1": 80400,
                "real_x1": 3090,
                "real_y1": 80435,
                "r1": 335,
                "c1": 12,
                "l1": 0,
                "p1": 1111,
                "id2": 754164,
                "x2": 2880,
                "y2": 80400,
                "real_x2": 3090,
                "real_y2": 80435,
                "r2": 335,
                "c2": 12,
                "l2": 2,
                "p2": -1,
                "via": 0
            },
            "path_num": 1,
            "paths": [
                {
                    "id1": 179572,
                    "x1": 2880,
                    "y1": 80400,
                    "real_x1": 3090,
                    "real_y1": 80435,
                    "r1": 335,
                    "c1": 12,
                    "l1": 0,
                    "p1": 1111,
                    "id2": 754164,
                    "x2": 2880,
                    "y2": 80400,
                    "real_x2": 3090,
                    "real_y2": 80435,
                    "r2": 335,
                    "c2": 12,
                    "l2": 2,
                    "p2": -1,
                    "via": 0
                }
            ],
            "patch_num": 1,
            "patchs": [
                540
            ]
        },
        {
            "id": 4414,
            "feature": {
                "wire_width": 0,
                "wire_len": 0,
                "wire_density": 0.0,
                "drc_num": 0,
                "R": 0.0,
                "C": 9.720179407999999e-05,
                "power": 4.012500331744976e-06,
                "delay": 0.0,
                "slew": 0.0,
                "congestion": 0.0,
                "drc_type": []
            },
            "wire": {
                "id1": 754155,
                "x1": 720,
                "y1": 80400,
                "real_x1": 720,
                "real_y1": 80435,
                "r1": 335,
                "c1": 3,
                "l1": 2,
                "p1": -1,
                "id2": 1328747,
                "x2": 720,
                "y2": 80400,
                "real_x2": 720,
                "real_y2": 80435,
                "r2": 335,
                "c2": 3,
                "l2": 4,
                "p2": -1,
                "via": 5
            },
            "path_num": 1,
            "paths": [
                {
                    "id1": 754155,
                    "x1": 720,
                    "y1": 80400,
                    "real_x1": 720,
                    "real_y1": 80435,
                    "r1": 335,
                    "c1": 3,
                    "l1": 2,
                    "p1": -1,
                    "id2": 1328747,
                    "x2": 720,
                    "y2": 80400,
                    "real_x2": 720,
                    "real_y2": 80435,
                    "r2": 335,
                    "c2": 3,
                    "l2": 4,
                    "p2": -1,
                    "via": 5
                }
            ],
            "patch_num": 1,
            "patchs": [
                540
            ]
        },
        {
            "id": 4415,
            "feature": {
                "wire_width": 140,
                "wire_len": 7200,
                "wire_density": 6.0739849953079634e-05,
                "drc_num": 0,
                "R": 6.428571428571427,
                "C": 0.00028568997920000016,
                "power": 1.1793312532613843e-05,
                "delay": 0.014857126136228572,
                "slew": 8.280068537064311e-09,
                "congestion": -2.6666666666666665,
                "drc_type": []
            },
            "wire": {
                "id1": 1328747,
                "x1": 720,
                "y1": 80400,
                "real_x1": 720,
                "real_y1": 80435,
                "r1": 335,
                "c1": 3,
                "l1": 4,
                "p1": -1,
                "id2": 1344827,
                "x2": 720,
                "y2": 87600,
                "real_x2": 720,
                "real_y2": 87640,
                "r2": 365,
                "c2": 3,
                "l2": 4,
                "p2": -1
            },
            "path_num": 1,
            "paths": [
                {
                    "id1": 1328747,
                    "x1": 720,
                    "y1": 80400,
                    "real_x1": 720,
                    "real_y1": 80435,
                    "r1": 335,
                    "c1": 3,
                    "l1": 4,
                    "p1": -1,
                    "id2": 1344827,
                    "x2": 720,
                    "y2": 87600,
                    "real_x2": 720,
                    "real_y2": 87640,
                    "r2": 365,
                    "c2": 3,
                    "l2": 4,
                    "p2": -1
                }
            ],
            "patch_num": 3,
            "patchs": [
                540,
                570,
                600
            ]
        },
        {
            "id": 4416,
            "feature": {
                "wire_width": 0,
                "wire_len": 0,
                "wire_density": 0.0,
                "drc_num": 0,
                "R": 0.0,
                "C": 0.00028568997920000016,
                "power": 1.1793312532613843e-05,
                "delay": 0.0,
                "slew": 0.0,
                "congestion": 0.0,
                "drc_type": []
            },
            "wire": {
                "id1": 770235,
                "x1": 720,
                "y1": 87600,
                "real_x1": 720,
                "real_y1": 87640,
                "r1": 365,
                "c1": 3,
                "l1": 2,
                "p1": -1,