{
    "id": 277,
    "name": "dpath/a_mux/_088_",
    "feature": {
        "llx": 33840,
        "lly": 83760,
        "urx": 39120,
        "ury": 84720,
        "wire_len": 6240,
        "via_num": 2,
        "drc_num": 0,
        "drc_type": [],
        "R": 11.142857142857142,
        "C": 0.00307015493024,
        "power": 2.2107983105219037e-07,
        "delay": 0.015600431591382857,
        "slew": 0.0012188246115275164,
        "aspect_ratio": 6,
        "width": 5280,
        "height": 960,
        "area": 5068800,
        "volume": 5068800,
        "layer_ratio": [
            0.0,
            0.0,
            1.0,
            0.0,
            0.0,
            0.0,
            0.0,
            0.0,
            0.0,
            0.0,
            0.0
        ],
        "place_feature": {
            "pin_num": 2,
            "aspect_ratio": 29,
            "width": 4715,
            "height": 164,
            "area": 773260,
            "l_ness": 1.0,
            "hpwl": 4879,
            "rsmt": 4879
        }
    },
    "pin_num": 2,
    "pins": [
        {
            "id": 783,
            "i": "dpath/a_mux/_145_",
            "p": "Y",
            "driver": 1
        },
        {
            "id": 784,
            "i": "dpath/a_mux/_207_",
            "p": "A",
            "driver": 0
        }
    ],
    "wire_num": 3,
    "wires": [
        {
            "id": 3239,
            "feature": {
                "wire_width": 0,
                "wire_len": 0,
                "wire_density": 0.0,
                "drc_num": 0,
                "R": 0.0,
                "C": 0.0,
                "power": 0.0,
                "delay": 0.0,
                "slew": 0.0,
                "congestion": 0.0,
                "drc_type": []
            },
            "wire": {
                "id1": 187227,
                "x1": 39120,
                "y1": 83760,
                "real_x1": 39160,
                "real_y1": 83765,
                "r1": 349,
                "c1": 163,
                "l1": 0,
                "p1": 783,
                "id2": 761819,
                "x2": 39120,
                "y2": 83760,
                "real_x2": 39160,
                "real_y2": 83765,
                "r2": 349,
                "c2": 163,
                "l2": 2,
                "p2": -1,
                "via": 0
            },
            "path_num": 1,
            "paths": [
                {
                    "id1": 187227,
                    "x1": 39120,
                    "y1": 83760,
                    "real_x1": 39160,
                    "real_y1": 83765,
                    "r1": 349,
                    "c1": 163,
                    "l1": 0,
                    "p1": 783,
                    "id2": 761819,
                    "x2": 39120,
                    "y2": 83760,
                    "real_x2": 39160,
                    "real_y2": 83765,
                    "r2": 349,
                    "c2": 163,
                    "l2": 2,
                    "p2": -1,
                    "via": 0
                }
            ],
            "patch_num": 1,
            "patchs": [
                579
            ]
        },
        {
            "id": 3240,
            "feature": {
                "wire_width": 0,
                "wire_len": 0,
                "wire_density": 0.0,
                "drc_num": 0,
                "R": 0.0,
                "C": 0.0002700774651199999,
                "power": 1.0804500047216742e-05,
                "delay": 0.0,
                "slew": 0.0,
                "congestion": 0.0,
                "drc_type": []
            },
            "wire": {
                "id1": 189349,
                "x1": 33840,
                "y1": 84720,
                "real_x1": 33840,
                "real_y1": 84785,
                "r1": 353,
                "c1": 141,
                "l1": 0,
                "p1": 784,
                "id2": 763941,
                "x2": 33840,
                "y2": 84720,
                "real_x2": 33840,
                "real_y2": 84785,
                "r2": 353,
                "c2": 141,
                "l2": 2,
                "p2": -1,
                "via": 0
            },
            "path_num": 1,
            "paths": [
                {
                    "id1": 189349,
                    "x1": 33840,
                    "y1": 84720,
                    "real_x1": 33840,
                    "real_y1": 84785,
                    "r1": 353,
                    "c1": 141,
                    "l1": 0,
                    "p1": 784,
                    "id2": 763941,
                    "x2": 33840,
                    "y2": 84720,
                    "real_x2": 33840,
                    "real_y2": 84785,
                    "r2": 353,
                    "c2": 141,
                    "l2": 2,
                    "p2": -1,
                    "via": 0
                }
            ],
            "patch_num": 1,
            "patchs": [
                577
            ]
        },
        {
            "id": 3241,
            "feature": {
                "wire_width": 140,
                "wire_len": 6240,
                "wire_density": 5.2641203292669014e-05,
                "drc_num": 0,
                "R": 5.571428571428571,
                "C": 0.0002700774651199999,
                "power": 1.0804500047216742e-05,
                "delay": 0.015600431591382857,
                "slew": 2.3047165773060208e-09,
                "congestion": -12.0,
                "drc_type": []
            },
            "wire": {
                "id1": 761819,
                "x1": 39120,
                "y1": 83760,
                "real_x1": 39160,
                "real_y1": 83765,
                "r1": 349,
                "c1": 163,
                "l1": 2,
                "p1": -1,
                "id2": 763941,
                "x2": 33840,
                "y2": 84720,
                "real_x2": 33840,
                "real_y2": 84785,
                "r2": 353,
                "c2": 141,
                "l2": 2,
                "p2": -1
            },
            "path_num": 4,
            "paths": [
                {
                    "id1": 761819,
                    "x1": 39120,
                    "y1": 83760,
                    "real_x1": 39160,
                    "real_y1": 83765,
                    "r1": 349,
                    "c1": 163,
                    "l1": 2,
                    "p1": -1,
                    "id2": 761803,
                    "x2": 35280,
                    "y2": 83760,
                    "real_x2": 35280,
                    "real_y2": 83765,
                    "r2": 349,
                    "c2": 147,
                    "l2": 2,
                    "p2": -1
                },
                {
                    "id1": 761803,
                    "x1": 35280,
                    "y1": 83760,
                    "real_x1": 35280,
                    "real_y1": 83765,
                    "r1": 349,
                    "c1": 147,
                    "l1": 2,
                    "p1": -1,
                    "id2": 762875,
                    "x2": 35280,
                    "y2": 84240,
                    "real_x2": 35280,
                    "real_y2": 84240,
                    "r2": 351,
                    "c2": 147,
                    "l2": 2,
                    "p2": -1
                },
                {
                    "id1": 762875,
                    "x1": 35280,
                    "y1": 84240,
                    "real_x1": 35280,
                    "real_y1": 84240,
                    "r1": 351,
                    "c1": 147,