{
    "id": 415,
    "name": "dpath/b_reg/_006_",
    "feature": {
        "llx": 116640,
        "lly": 121680,
        "urx": 126240,
        "ury": 122160,
        "wire_len": 10080,
        "via_num": 2,
        "drc_num": 0,
        "drc_type": [],
        "R": 18.0,
        "C": 0.00263556795808,
        "power": 1.958163341403834e-07,
        "delay": 0.01982505581136,
        "slew": 0.006040141160225179,
        "aspect_ratio": 20,
        "width": 9600,
        "height": 480,
        "area": 4608000,
        "volume": 4608000,
        "layer_ratio": [
            0.0,
            0.0,
            1.0,
            0.0,
            0.0,
            0.0,
            0.0,
            0.0,
            0.0,
            0.0,
            0.0
        ],
        "place_feature": {
            "pin_num": 2,
            "aspect_ratio": 28,
            "width": 9677,
            "height": 344,
            "area": 3328888,
            "l_ness": 1.0,
            "hpwl": 10021,
            "rsmt": 10021
        }
    },
    "pin_num": 2,
    "pins": [
        {
            "id": 1093,
            "i": "dpath/b_reg/_131_",
            "p": "X",
            "driver": 1
        },
        {
            "id": 1094,
            "i": "dpath/b_reg/_147_",
            "p": "D",
            "driver": 0
        }
    ],
    "wire_num": 3,
    "wires": [
        {
            "id": 4362,
            "feature": {
                "wire_width": 0,
                "wire_len": 0,
                "wire_density": 0.0,
                "drc_num": 0,
                "R": 0.0,
                "C": 0.0,
                "power": 0.0,
                "delay": 0.0,
                "slew": 0.0,
                "congestion": 0.0,
                "drc_type": []
            },
            "wire": {
                "id1": 273350,
                "x1": 126240,
                "y1": 122160,
                "real_x1": 126450,
                "real_y1": 122165,
                "r1": 509,
                "c1": 526,
                "l1": 0,
                "p1": 1093,
                "id2": 847942,
                "x2": 126240,
                "y2": 122160,
                "real_x2": 126450,
                "real_y2": 122165,
                "r2": 509,
                "c2": 526,
                "l2": 2,
                "p2": -1,
                "via": 0
            },
            "path_num": 1,
            "paths": [
                {
                    "id1": 273350,
                    "x1": 126240,
                    "y1": 122160,
                    "real_x1": 126450,
                    "real_y1": 122165,
                    "r1": 509,
                    "c1": 526,
                    "l1": 0,
                    "p1": 1093,
                    "id2": 847942,
                    "x2": 126240,
                    "y2": 122160,
                    "real_x2": 126450,
                    "real_y2": 122165,
                    "r2": 509,
                    "c2": 526,
                    "l2": 2,
                    "p2": -1,
                    "via": 0
                }
            ],
            "patch_num": 1,
            "patchs": [
                869
            ]
        },
        {
            "id": 4363,
            "feature": {
                "wire_width": 0,
                "wire_len": 0,
                "wire_density": 0.0,
                "drc_num": 0,
                "R": 0.0,
                "C": 0.00043278397903999985,
                "power": 1.786378023810148e-05,
                "delay": 0.0,
                "slew": 0.0,
                "congestion": 0.0,
                "drc_type": []
            },
            "wire": {
                "id1": 272238,
                "x1": 116640,
                "y1": 121680,
                "real_x1": 116830,
                "real_y1": 121680,
                "r1": 507,
                "c1": 486,
                "l1": 0,
                "p1": 1094,
                "id2": 846830,
                "x2": 116640,
                "y2": 121680,
                "real_x2": 116830,
                "real_y2": 121680,
                "r2": 507,
                "c2": 486,
                "l2": 2,
                "p2": -1,
                "via": 0
            },
            "path_num": 1,
            "paths": [
                {
                    "id1": 272238,
                    "x1": 116640,
                    "y1": 121680,
                    "real_x1": 116830,
                    "real_y1": 121680,
                    "r1": 507,
                    "c1": 486,
                    "l1": 0,
                    "p1": 1094,
                    "id2": 846830,
                    "x2": 116640,
                    "y2": 121680,
                    "real_x2": 116830,
                    "real_y2": 121680,
                    "r2": 507,
                    "c2": 486,
                    "l2": 2,
                    "p2": -1,
                    "via": 0
                }
            ],
            "patch_num": 1,
            "patchs": [
                867
            ]
        },
        {
            "id": 4364,
            "feature": {
                "wire_width": 140,
                "wire_len": 10080,
                "wire_density": 8.503578993431149e-05,
                "drc_num": 0,
                "R": 9.0,
                "C": 0.00043278397904000006,
                "power": 1.786378023810148e-05,
                "delay": 0.01982505581136,
                "slew": 9.833685477023124e-09,
                "congestion": -9.666666666666668,
                "drc_type": []
            },
            "wire": {
                "id1": 847942,
                "x1": 126240,
                "y1": 122160,
                "real_x1": 126450,
                "real_y1": 122165,
                "r1": 509,
                "c1": 526,
                "l1": 2,
                "p1": -1,
                "id2": 846830,
                "x2": 116640,
                "y2": 121680,
                "real_x2": 116830,
                "real_y2": 121680,
                "r2": 507,
                "c2": 486,
                "l2": 2,
                "p2": -1
            },
            "path_num": 3,
            "paths": [
                {
                    "id1": 847942,
                    "x1": 126240,
                    "y1": 122160,
                    "real_x1": 126450,
                    "real_y1": 122165,
                    "r1": 509,
                    "c1": 526,
                    "l1": 2,
                    "p1": -1,
                    "id2": 847929,
                    "x2": 123120,
                    "y2": 122160,
                    "real_x2": 123120,
                    "real_y2": 122165,
                    "r2": 509,
                    "c2": 513,
                    "l2": 2,
                    "p2": -1
                },
                {
                    "id1": 847929,
                    "x1": 123120,
                    "y1": 122160,
                    "real_x1": 123120,
                    "real_y1": 122165,
                    "r1": 509,
                    "c1": 513,
                    "l1": 2,
                    "p1": -1,
                    "id2": 846857,
                    "x2": 123120,
                    "y2": 121680,
                    "real_x2": 123120,
                    "real_y2": 121680,
                    "r2": 507,
                    "c2": 513,
                    "l2": 2,
                    "p2": -1
                },
                {
                    "id1": 846857,
                    "x1": 123120,
                    "y1": 121680,
                    "real_x1": 123120,
                    "real_y1": 121680,