{
    "id": 636,
    "name": "req_msg[20]",
    "feature": {
        "llx": 124080,
        "lly": 58080,
        "urx": 127920,
        "ury": 59040,
        "wire_len": 4800,
        "via_num": 5,
        "drc_num": 0,
        "drc_type": [],
        "R": 8.57142857142857,
        "C": 0.0029521186329600005,
        "power": 9.564864370790401e-08,
        "delay": 0.011745418959497142,
        "slew": 0.011602046660799491,
        "aspect_ratio": 4,
        "width": 3840,
        "height": 960,
        "area": 3686400,
        "volume": 7372800,
        "layer_ratio": [
            0.0,
            0.0,
            0.800000011920929,
            0.0,
            0.20000000298023224,
            0.0,
            0.0,
            0.0,
            0.0,
            0.0,
            0.0
        ],
        "place_feature": {
            "pin_num": 2,
            "aspect_ratio": 5,
            "width": 3943,
            "height": 820,
            "area": 3233260,
            "l_ness": 1.0,
            "hpwl": 4763,
            "rsmt": 4763
        }
    },
    "pin_num": 2,
    "pins": [
        {
            "id": 1675,
            "i": "",
            "p": "req_msg[20]",
            "driver": 1
        },
        {
            "id": 1676,
            "i": "dpath/a_mux/_178_",
            "p": "A",
            "driver": 0
        }
    ],
    "wire_num": 7,
    "wires": [
        {
            "id": 6429,
            "feature": {
                "wire_width": 0,
                "wire_len": 0,
                "wire_density": 0.0,
                "drc_num": 0,
                "R": 0.0,
                "C": 0.0,
                "power": 0.0,
                "delay": 0.0,
                "slew": 0.0,
                "congestion": 0.0,
                "drc_type": []
            },
            "wire": {
                "id1": 2430757,
                "x1": 127920,
                "y1": 59040,
                "real_x1": 127920,
                "real_y1": 59245,
                "r1": 246,
                "c1": 533,
                "l1": 8,
                "p1": -1,
                "id2": 3005349,
                "x2": 127920,
                "y2": 59040,
                "real_x2": 127920,
                "real_y2": 59245,
                "r2": 246,
                "c2": 533,
                "l2": 10,
                "p2": 1675,
                "via": 20
            },
            "path_num": 1,
            "paths": [
                {
                    "id1": 2430757,
                    "x1": 127920,
                    "y1": 59040,
                    "real_x1": 127920,
                    "real_y1": 59245,
                    "r1": 246,
                    "c1": 533,
                    "l1": 8,
                    "p1": -1,
                    "id2": 3005349,
                    "x2": 127920,
                    "y2": 59040,
                    "real_x2": 127920,
                    "real_y2": 59245,
                    "r2": 246,
                    "c2": 533,
                    "l2": 10,
                    "p2": 1675,
                    "via": 20
                }
            ],
            "patch_num": 1,
            "patchs": [
                419
            ]
        },
        {
            "id": 6430,
            "feature": {
                "wire_width": 0,
                "wire_len": 0,
                "wire_density": 0.0,
                "drc_num": 0,
                "R": 0.0,
                "C": 0.0,
                "power": 0.0,
                "delay": 0.0,
                "slew": 0.0,
                "congestion": 0.0,
                "drc_type": []
            },
            "wire": {
                "id1": 1281573,
                "x1": 127920,
                "y1": 59040,
                "real_x1": 127920,
                "real_y1": 59245,
                "r1": 246,
                "c1": 533,
                "l1": 4,
                "p1": -1,
                "id2": 1856165,
                "x2": 127920,
                "y2": 59040,
                "real_x2": 127920,
                "real_y2": 59245,
                "r2": 246,
                "c2": 533,
                "l2": 6,
                "p2": -1,
                "via": 10
            },
            "path_num": 1,
            "paths": [
                {
                    "id1": 1281573,
                    "x1": 127920,
                    "y1": 59040,
                    "real_x1": 127920,
                    "real_y1": 59245,
                    "r1": 246,
                    "c1": 533,
                    "l1": 4,
                    "p1": -1,
                    "id2": 1856165,
                    "x2": 127920,
                    "y2": 59040,
                    "real_x2": 127920,
                    "real_y2": 59245,
                    "r2": 246,
                    "c2": 533,
                    "l2": 6,
                    "p2": -1,
                    "via": 10
                }
            ],
            "patch_num": 1,
            "patchs": [
                419
            ]
        },
        {
            "id": 6431,
            "feature": {
                "wire_width": 0,
                "wire_len": 0,
                "wire_density": 0.0,
                "drc_num": 0,
                "R": 0.0,
                "C": 0.0,
                "power": 0.0,
                "delay": 0.0,
                "slew": 0.0,
                "congestion": 0.0,
                "drc_type": []
            },
            "wire": {
                "id1": 1856165,
                "x1": 127920,
                "y1": 59040,
                "real_x1": 127920,
                "real_y1": 59245,
                "r1": 246,
                "c1": 533,
                "l1": 6,
                "p1": -1,
                "id2": 2430757,
                "x2": 127920,
                "y2": 59040,
                "real_x2": 127920,
                "real_y2": 59245,
                "r2": 246,
                "c2": 533,
                "l2": 8,
                "p2": -1,
                "via": 15
            },
            "path_num": 1,
            "paths": [
                {
                    "id1": 1856165,
                    "x1": 127920,
                    "y1": 59040,
                    "real_x1": 127920,
                    "real_y1": 59245,
                    "r1": 246,
                    "c1": 533,
                    "l1": 6,
                    "p1": -1,
                    "id2": 2430757,
                    "x2": 127920,
                    "y2": 59040,
                    "real_x2": 127920,
                    "real_y2": 59245,
                    "r2": 246,
                    "c2": 533,
                    "l2": 8,
                    "p2": -1,
                    "via": 15
                }
            ],
            "patch_num": 1,
            "patchs": [
                419
            ]
        },
        {
            "id": 6432,
            "feature": {
                "wire_width": 140,
                "wire_len": 960,
                "wire_density": 8.098646660410618e-06,
                "drc_num": 0,
                "R": 0.857142857142857,
                "C": 4.267342256000003e-05,
                "power": 7.681216060799999e-07,
                "delay": 0.002493810180342857,
                "slew": 7.001087181062951e-06,
                "congestion": -10.0,
                "drc_type": []
            },
            "wire": {
                "id1": 1279429,
                "x1": 127920,
                "y1": 58080,
                "real_x1": 127920,
                "real_y1": 58305,
                "r1": 242,
                "c1": 533,
                "l1": 4,
                "p1": -1,