{
    "id": 333,
    "name": "dpath/a_reg/_040_",
    "feature": {
        "llx": 74400,
        "lly": 27840,
        "urx": 79200,
        "ury": 29040,
        "wire_len": 6000,
        "via_num": 2,
        "drc_num": 0,
        "drc_type": [],
        "R": 10.714285714285714,
        "C": 0.0032298166160000005,
        "power": 2.2896373315642766e-07,
        "delay": 0.015910223078571428,
        "slew": 0.0036266489702106233,
        "aspect_ratio": 4,
        "width": 4800,
        "height": 1200,
        "area": 5760000,
        "volume": 5760000,
        "layer_ratio": [
            0.0,
            0.0,
            1.0,
            0.0,
            0.0,
            0.0,
            0.0,
            0.0,
            0.0,
            0.0,
            0.0
        ],
        "place_feature": {
            "pin_num": 2,
            "aspect_ratio": 15,
            "width": 5471,
            "height": 377,
            "area": 2062567,
            "l_ness": 1.0,
            "hpwl": 5848,
            "rsmt": 5848
        }
    },
    "pin_num": 2,
    "pins": [
        {
            "id": 905,
            "i": "dpath/a_reg/_088_",
            "p": "X",
            "driver": 1
        },
        {
            "id": 906,
            "i": "dpath/a_reg/_068_",
            "p": "A1",
            "driver": 0
        }
    ],
    "wire_num": 3,
    "wires": [
        {
            "id": 3654,
            "feature": {
                "wire_width": 0,
                "wire_len": 0,
                "wire_density": 0.0,
                "drc_num": 0,
                "R": 0.0,
                "C": 0.00025990830800000017,
                "power": 1.0236146429292887e-05,
                "delay": 0.0,
                "slew": 0.0,
                "congestion": 0.0,
                "drc_type": []
            },
            "wire": {
                "id1": 65166,
                "x1": 74400,
                "y1": 29040,
                "real_x1": 74540,
                "real_y1": 29040,
                "r1": 121,
                "c1": 310,
                "l1": 0,
                "p1": 906,
                "id2": 639758,
                "x2": 74400,
                "y2": 29040,
                "real_x2": 74540,
                "real_y2": 29040,
                "r2": 121,
                "c2": 310,
                "l2": 2,
                "p2": -1,
                "via": 0
            },
            "path_num": 1,
            "paths": [
                {
                    "id1": 65166,
                    "x1": 74400,
                    "y1": 29040,
                    "real_x1": 74540,
                    "real_y1": 29040,
                    "r1": 121,
                    "c1": 310,
                    "l1": 0,
                    "p1": 906,
                    "id2": 639758,
                    "x2": 74400,
                    "y2": 29040,
                    "real_x2": 74540,
                    "real_y2": 29040,
                    "r2": 121,
                    "c2": 310,
                    "l2": 2,
                    "p2": -1,
                    "via": 0
                }
            ],
            "patch_num": 1,
            "patchs": [
                197
            ]
        },
        {
            "id": 3655,
            "feature": {
                "wire_width": 0,
                "wire_len": 0,
                "wire_density": 0.0,
                "drc_num": 0,
                "R": 0.0,
                "C": 0.0,
                "power": 0.0,
                "delay": 0.0,
                "slew": 0.0,
                "congestion": 0.0,
                "drc_type": []
            },
            "wire": {
                "id1": 62506,
                "x1": 79200,
                "y1": 27840,
                "real_x1": 79405,
                "real_y1": 28065,
                "r1": 116,
                "c1": 330,
                "l1": 0,
                "p1": 905,
                "id2": 637098,
                "x2": 79200,
                "y2": 27840,
                "real_x2": 79405,
                "real_y2": 28065,
                "r2": 116,
                "c2": 330,
                "l2": 2,
                "p2": -1,
                "via": 0
            },
            "path_num": 1,
            "paths": [
                {
                    "id1": 62506,
                    "x1": 79200,
                    "y1": 27840,
                    "real_x1": 79405,
                    "real_y1": 28065,
                    "r1": 116,
                    "c1": 330,
                    "l1": 0,
                    "p1": 905,
                    "id2": 637098,
                    "x2": 79200,
                    "y2": 27840,
                    "real_x2": 79405,
                    "real_y2": 28065,
                    "r2": 116,
                    "c2": 330,
                    "l2": 2,
                    "p2": -1,
                    "via": 0
                }
            ],
            "patch_num": 1,
            "patchs": [
                198
            ]
        },
        {
            "id": 3656,
            "feature": {
                "wire_width": 140,
                "wire_len": 6000,
                "wire_density": 5.061654162756636e-05,
                "drc_num": 0,
                "R": 5.357142857142857,
                "C": 0.00025990830800000017,
                "power": 1.0236146429292887e-05,
                "delay": 0.015910223078571428,
                "slew": 5.756735314138561e-09,
                "congestion": 7.0,
                "drc_type": []
            },
            "wire": {
                "id1": 639758,
                "x1": 74400,
                "y1": 29040,
                "real_x1": 74540,
                "real_y1": 29040,
                "r1": 121,
                "c1": 310,
                "l1": 2,
                "p1": -1,
                "id2": 637098,
                "x2": 79200,
                "y2": 27840,
                "real_x2": 79405,
                "real_y2": 28065,
                "r2": 116,
                "c2": 330,
                "l2": 2,
                "p2": -1
            },
            "path_num": 5,
            "paths": [
                {
                    "id1": 639758,
                    "x1": 74400,
                    "y1": 29040,
                    "real_x1": 74540,
                    "real_y1": 29040,
                    "r1": 121,
                    "c1": 310,
                    "l1": 2,
                    "p1": -1,
                    "id2": 639773,
                    "x2": 78000,
                    "y2": 29040,
                    "real_x2": 78000,
                    "real_y2": 29040,
                    "r2": 121,
                    "c2": 325,
                    "l2": 2,
                    "p2": -1
                },
                {
                    "id1": 639773,
                    "x1": 78000,
                    "y1": 29040,
                    "real_x1": 78000,
                    "real_y1": 29040,
                    "r1": 121,
                    "c1": 325,
                    "l1": 2,
                    "p1": -1,
                    "id2": 637629,
                    "x2": 78000,
                    "y2": 28080,
                    "real_x2": 78000,
                    "real_y2": 28080,
                    "r2": 117,
                    "c2": 325,
                    "l2": 2,
                    "p2": -1
                },
                {
                    "id1": 637629,
                    "x1": 78000,
                    "y1": 28080,
                    "real_x1": 78000,
                    "real_y1": 28080,
                    "r1": 117,
                    "c1": 325,