{
    "id": 177,
    "name": "dpath/a_lt_b/_078_",
    "feature": {
        "llx": 54480,
        "lly": 78480,
        "urx": 57360,
        "ury": 81600,
        "wire_len": 6240,
        "via_num": 4,
        "drc_num": 0,
        "drc_type": [],
        "R": 11.142857142857142,
        "C": 0.0032896091262400004,
        "power": 1.59875003535264e-07,
        "delay": 0.016941894866382857,
        "slew": 0.003391568023668051,
        "aspect_ratio": 1,
        "width": 2880,
        "height": 3120,
        "area": 8985600,
        "volume": 17971200,
        "layer_ratio": [
            0.0,
            0.0,
            0.03999999910593033,
            0.0,
            0.9599999785423279,
            0.0,
            0.0,
            0.0,
            0.0,
            0.0,
            0.0
        ],
        "place_feature": {
            "pin_num": 2,
            "aspect_ratio": 1,
            "width": 2864,
            "height": 3557,
            "area": 10187248,
            "l_ness": 1.0,
            "hpwl": 6421,
            "rsmt": 6421
        }
    },
    "pin_num": 2,
    "pins": [
        {
            "id": 538,
            "i": "dpath/a_lt_b/_136_",
            "p": "X",
            "driver": 1
        },
        {
            "id": 539,
            "i": "dpath/a_lt_b/_137_",
            "p": "C",
            "driver": 0
        }
    ],
    "wire_num": 6,
    "wires": [
        {
            "id": 2139,
            "feature": {
                "wire_width": 0,
                "wire_len": 0,
                "wire_density": 0.0,
                "drc_num": 0,
                "R": 0.0,
                "C": 0.0,
                "power": 0.0,
                "delay": 0.0,
                "slew": 0.0,
                "congestion": 0.0,
                "drc_type": []
            },
            "wire": {
                "id1": 750091,
                "x1": 54480,
                "y1": 78480,
                "real_x1": 54480,
                "real_y1": 78495,
                "r1": 327,
                "c1": 227,
                "l1": 2,
                "p1": -1,
                "id2": 1324683,
                "x2": 54480,
                "y2": 78480,
                "real_x2": 54480,
                "real_y2": 78495,
                "r2": 327,
                "c2": 227,
                "l2": 4,
                "p2": -1,
                "via": 5
            },
            "path_num": 1,
            "paths": [
                {
                    "id1": 750091,
                    "x1": 54480,
                    "y1": 78480,
                    "real_x1": 54480,
                    "real_y1": 78495,
                    "r1": 327,
                    "c1": 227,
                    "l1": 2,
                    "p1": -1,
                    "id2": 1324683,
                    "x2": 54480,
                    "y2": 78480,
                    "real_x2": 54480,
                    "real_y2": 78495,
                    "r2": 327,
                    "c2": 227,
                    "l2": 4,
                    "p2": -1,
                    "via": 5
                }
            ],
            "patch_num": 1,
            "patchs": [
                552
            ]
        },
        {
            "id": 2140,
            "feature": {
                "wire_width": 0,
                "wire_len": 0,
                "wire_density": 0.0,
                "drc_num": 0,
                "R": 0.0,
                "C": 0.0,
                "power": 0.0,
                "delay": 0.0,
                "slew": 0.0,
                "congestion": 0.0,
                "drc_type": []
            },
            "wire": {
                "id1": 175499,
                "x1": 54480,
                "y1": 78480,
                "real_x1": 54480,
                "real_y1": 78495,
                "r1": 327,
                "c1": 227,
                "l1": 0,
                "p1": 538,
                "id2": 750091,
                "x2": 54480,
                "y2": 78480,
                "real_x2": 54480,
                "real_y2": 78495,
                "r2": 327,
                "c2": 227,
                "l2": 2,
                "p2": -1,
                "via": 0
            },
            "path_num": 1,
            "paths": [
                {
                    "id1": 175499,
                    "x1": 54480,
                    "y1": 78480,
                    "real_x1": 54480,
                    "real_y1": 78495,
                    "r1": 327,
                    "c1": 227,
                    "l1": 0,
                    "p1": 538,
                    "id2": 750091,
                    "x2": 54480,
                    "y2": 78480,
                    "real_x2": 54480,
                    "real_y2": 78495,
                    "r2": 327,
                    "c2": 227,
                    "l2": 2,
                    "p2": -1,
                    "via": 0
                }
            ],
            "patch_num": 1,
            "patchs": [
                552
            ]
        },
        {
            "id": 2141,
            "feature": {
                "wire_width": 140,
                "wire_len": 240,
                "wire_density": 2.0246616651026545e-06,
                "drc_num": 0,
                "R": 0.2142857142857144,
                "C": 1.5848537120000117e-05,
                "power": 4.279105022399974e-07,
                "delay": 0.0005991104008114291,
                "slew": 4.444652978996544e-12,
                "congestion": 6.0,
                "drc_type": []
            },
            "wire": {
                "id1": 757070,
                "x1": 57120,
                "y1": 81600,
                "real_x1": 57340,
                "real_y1": 81815,
                "r1": 340,
                "c1": 238,
                "l1": 2,
                "p1": -1,
                "id2": 757071,
                "x2": 57360,
                "y2": 81600,
                "real_x2": 57360,
                "real_y2": 81815,
                "r2": 340,
                "c2": 239,
                "l2": 2,
                "p2": -1
            },
            "path_num": 1,
            "paths": [
                {
                    "id1": 757070,
                    "x1": 57120,
                    "y1": 81600,
                    "real_x1": 57340,
                    "real_y1": 81815,
                    "r1": 340,
                    "c1": 238,
                    "l1": 2,
                    "p1": -1,
                    "id2": 757071,
                    "x2": 57360,
                    "y2": 81600,
                    "real_x2": 57360,
                    "real_y2": 81815,
                    "r2": 340,
                    "c2": 239,
                    "l2": 2,
                    "p2": -1
                }
            ],
            "patch_num": 1,
            "patchs": [
                553
            ]
        },
        {
            "id": 2142,
            "feature": {
                "wire_width": 0,
                "wire_len": 0,
                "wire_density": 0.0,
                "drc_num": 0,
                "R": 0.0,
                "C": 0.00023895602600000013,
                "power": 6.451812702000013e-06,
                "delay": 0.0,
                "slew": 0.0,
                "congestion": 0.0,
                "drc_type": []
            },
            "wire": {
                "id1": 757071,
                "x1": 57360,
                "y1": 81600,
                "real_x1": 57360,
                "real_y1": 81815,
                "r1": 340,
                "c1": 239,
                "l1": 2,
                "p1": -1,
                "id2": 1331663,