{
    "id": 74,
    "name": "dpath/a_mux$out[1]",
    "feature": {
        "llx": 78480,
        "lly": 27840,
        "urx": 82560,
        "ury": 28320,
        "wire_len": 4560,
        "via_num": 2,
        "drc_num": 0,
        "drc_type": [],
        "R": 8.14285714285714,
        "C": 0.0029277867305600004,
        "power": 2.075526444424204e-07,
        "delay": 0.011110494415782855,
        "slew": 0.0018403373099042872,
        "aspect_ratio": 9,
        "width": 4080,
        "height": 480,
        "area": 1958400,
        "volume": 1958400,
        "layer_ratio": [
            0.0,
            0.0,
            1.0,
            0.0,
            0.0,
            0.0,
            0.0,
            0.0,
            0.0,
            0.0,
            0.0
        ],
        "place_feature": {
            "pin_num": 2,
            "aspect_ratio": 59,
            "width": 4525,
            "height": 77,
            "area": 348425,
            "l_ness": 1.0,
            "hpwl": 4602,
            "rsmt": 4602
        }
    },
    "pin_num": 2,
    "pins": [
        {
            "id": 282,
            "i": "dpath/a_mux/_167_",
            "p": "X",
            "driver": 1
        },
        {
            "id": 283,
            "i": "dpath/a_reg/_088_",
            "p": "A",
            "driver": 0
        }
    ],
    "wire_num": 3,
    "wires": [
        {
            "id": 1215,
            "feature": {
                "wire_width": 0,
                "wire_len": 0,
                "wire_density": 0.0,
                "drc_num": 0,
                "R": 0.0,
                "C": 0.00019889336528000016,
                "power": 7.833153262730324e-06,
                "delay": 0.0,
                "slew": 0.0,
                "congestion": 0.0,
                "drc_type": []
            },
            "wire": {
                "id1": 63575,
                "x1": 78480,
                "y1": 28320,
                "real_x1": 78480,
                "real_y1": 28435,
                "r1": 118,
                "c1": 327,
                "l1": 0,
                "p1": 283,
                "id2": 638167,
                "x2": 78480,
                "y2": 28320,
                "real_x2": 78480,
                "real_y2": 28435,
                "r2": 118,
                "c2": 327,
                "l2": 2,
                "p2": -1,
                "via": 0
            },
            "path_num": 1,
            "paths": [
                {
                    "id1": 63575,
                    "x1": 78480,
                    "y1": 28320,
                    "real_x1": 78480,
                    "real_y1": 28435,
                    "r1": 118,
                    "c1": 327,
                    "l1": 0,
                    "p1": 283,
                    "id2": 638167,
                    "x2": 78480,
                    "y2": 28320,
                    "real_x2": 78480,
                    "real_y2": 28435,
                    "r2": 118,
                    "c2": 327,
                    "l2": 2,
                    "p2": -1,
                    "via": 0
                }
            ],
            "patch_num": 1,
            "patchs": [
                198
            ]
        },
        {
            "id": 1216,
            "feature": {
                "wire_width": 0,
                "wire_len": 0,
                "wire_density": 0.0,
                "drc_num": 0,
                "R": 0.0,
                "C": 0.0,
                "power": 0.0,
                "delay": 0.0,
                "slew": 0.0,
                "congestion": 0.0,
                "drc_type": []
            },
            "wire": {
                "id1": 62520,
                "x1": 82560,
                "y1": 27840,
                "real_x1": 82770,
                "real_y1": 28065,
                "r1": 116,
                "c1": 344,
                "l1": 0,
                "p1": 282,
                "id2": 637112,
                "x2": 82560,
                "y2": 27840,
                "real_x2": 82770,
                "real_y2": 28065,
                "r2": 116,
                "c2": 344,
                "l2": 2,
                "p2": -1,
                "via": 0
            },
            "path_num": 1,
            "paths": [
                {
                    "id1": 62520,
                    "x1": 82560,
                    "y1": 27840,
                    "real_x1": 82770,
                    "real_y1": 28065,
                    "r1": 116,
                    "c1": 344,
                    "l1": 0,
                    "p1": 282,
                    "id2": 637112,
                    "x2": 82560,
                    "y2": 27840,
                    "real_x2": 82770,
                    "real_y2": 28065,
                    "r2": 116,
                    "c2": 344,
                    "l2": 2,
                    "p2": -1,
                    "via": 0
                }
            ],
            "patch_num": 1,
            "patchs": [
                199
            ]
        },
        {
            "id": 1217,
            "feature": {
                "wire_width": 140,
                "wire_len": 4560,
                "wire_density": 3.846857163695043e-05,
                "drc_num": 0,
                "R": 4.07142857142857,
                "C": 0.00019889336528000016,
                "power": 7.833153262730324e-06,
                "delay": 0.011110494415782855,
                "slew": 2.9350677062389696e-09,
                "congestion": 3.5,
                "drc_type": []
            },
            "wire": {
                "id1": 638167,
                "x1": 78480,
                "y1": 28320,
                "real_x1": 78480,
                "real_y1": 28435,
                "r1": 118,
                "c1": 327,
                "l1": 2,
                "p1": -1,
                "id2": 637112,
                "x2": 82560,
                "y2": 27840,
                "real_x2": 82770,
                "real_y2": 28065,
                "r2": 116,
                "c2": 344,
                "l2": 2,
                "p2": -1
            },
            "path_num": 3,
            "paths": [
                {
                    "id1": 638167,
                    "x1": 78480,
                    "y1": 28320,
                    "real_x1": 78480,
                    "real_y1": 28435,
                    "r1": 118,
                    "c1": 327,
                    "l1": 2,
                    "p1": -1,
                    "id2": 638178,
                    "x2": 81120,
                    "y2": 28320,
                    "real_x2": 81120,
                    "real_y2": 28435,
                    "r2": 118,
                    "c2": 338,
                    "l2": 2,
                    "p2": -1
                },
                {
                    "id1": 638178,
                    "x1": 81120,
                    "y1": 28320,
                    "real_x1": 81120,
                    "real_y1": 28435,
                    "r1": 118,
                    "c1": 338,
                    "l1": 2,
                    "p1": -1,
                    "id2": 637106,
                    "x2": 81120,
                    "y2": 27840,
                    "real_x2": 81120,
                    "real_y2": 28065,
                    "r2": 116,
                    "c2": 338,
                    "l2": 2,
                    "p2": -1
                },
                {
                    "id1": 637106,
                    "x1": 81120,
                    "y1": 27840,
                    "real_x1": 81120,
                    "real_y1": 28065,
                    "r1": 116,
                    "c1": 338,