{
    "id": 1,
    "name": "ctrl$a_mux_sel[1]",
    "feature": {
        "llx": 91680,
        "lly": 68880,
        "urx": 93840,
        "ury": 74880,
        "wire_len": 9600,
        "via_num": 4,
        "drc_num": 0,
        "drc_type": [],
        "R": 17.142857142857142,
        "C": 0.0033357042856000003,
        "power": 1.2893092443514837e-07,
        "delay": 0.02513256538842857,
        "slew": 0.007783850459226319,
        "aspect_ratio": 3,
        "width": 2160,
        "height": 6000,
        "area": 12960000,
        "volume": 25920000,
        "layer_ratio": [
            0.0,
            0.0,
            0.3799999952316284,
            0.0,
            0.6299999952316284,
            0.0,
            0.0,
            0.0,
            0.0,
            0.0,
            0.0
        ],
        "place_feature": {
            "pin_num": 2,
            "aspect_ratio": 24,
            "width": 275,
            "height": 6583,
            "area": 1810325,
            "l_ness": 1.0,
            "hpwl": 6858,
            "rsmt": 6858
        }
    },
    "pin_num": 2,
    "pins": [
        {
            "id": 2,
            "i": "ctrl/_35_",
            "p": "X",
            "driver": 1
        },
        {
            "id": 3,
            "i": "dpath/a_mux/_159_",
            "p": "A",
            "driver": 0
        }
    ],
    "wire_num": 7,
    "wires": [
        {
            "id": 11,
            "feature": {
                "wire_width": 0,
                "wire_len": 0,
                "wire_density": 0.0,
                "drc_num": 0,
                "R": 0.0,
                "C": 6.669432271999998e-05,
                "power": 1.4321414521043386e-06,
                "delay": 0.0,
                "slew": 0.0,
                "congestion": 0.0,
                "drc_type": []
            },
            "wire": {
                "id1": 167617,
                "x1": 92400,
                "y1": 74880,
                "real_x1": 92400,
                "real_y1": 75055,
                "r1": 312,
                "c1": 385,
                "l1": 0,
                "p1": 3,
                "id2": 742209,
                "x2": 92400,
                "y2": 74880,
                "real_x2": 92400,
                "real_y2": 75055,
                "r2": 312,
                "c2": 385,
                "l2": 2,
                "p2": -1,
                "via": 0
            },
            "path_num": 1,
            "paths": [
                {
                    "id1": 167617,
                    "x1": 92400,
                    "y1": 74880,
                    "real_x1": 92400,
                    "real_y1": 75055,
                    "r1": 312,
                    "c1": 385,
                    "l1": 0,
                    "p1": 3,
                    "id2": 742209,
                    "x2": 92400,
                    "y2": 74880,
                    "real_x2": 92400,
                    "real_y2": 75055,
                    "r2": 312,
                    "c2": 385,
                    "l2": 2,
                    "p2": -1,
                    "via": 0
                }
            ],
            "patch_num": 1,
            "patchs": [
                531
            ]
        },
        {
            "id": 12,
            "feature": {
                "wire_width": 140,
                "wire_len": 1440,
                "wire_density": 1.2147969990615926e-05,
                "drc_num": 0,
                "R": 1.2857142857142856,
                "C": 6.669432271999998e-05,
                "power": 1.4321414521043318e-06,
                "delay": 0.003338606986354284,
                "slew": 2.4907910803340094e-10,
                "congestion": 0.0,
                "drc_type": []
            },
            "wire": {
                "id1": 742209,
                "x1": 92400,
                "y1": 74880,
                "real_x1": 92400,
                "real_y1": 75055,
                "r1": 312,
                "c1": 385,
                "l1": 2,
                "p1": -1,
                "id2": 742215,
                "x2": 93840,
                "y2": 74880,
                "real_x2": 93840,
                "real_y2": 75055,
                "r2": 312,
                "c2": 391,
                "l2": 2,
                "p2": -1
            },
            "path_num": 1,
            "paths": [
                {
                    "id1": 742209,
                    "x1": 92400,
                    "y1": 74880,
                    "real_x1": 92400,
                    "real_y1": 75055,
                    "r1": 312,
                    "c1": 385,
                    "l1": 2,
                    "p1": -1,
                    "id2": 742215,
                    "x2": 93840,
                    "y2": 74880,
                    "real_x2": 93840,
                    "real_y2": 75055,
                    "r2": 312,
                    "c2": 391,
                    "l2": 2,
                    "p2": -1
                }
            ],
            "patch_num": 1,
            "patchs": [
                531
            ]
        },
        {
            "id": 13,
            "feature": {
                "wire_width": 140,
                "wire_len": 6000,
                "wire_density": null,
                "drc_num": 0,
                "R": 5.357142857142857,
                "C": 0.00023895602600000013,
                "power": 5.131153839007331e-06,
                "delay": 0.015548275025571427,
                "slew": 7.477866433708291e-09,
                "congestion": -7.0,
                "drc_type": []
            },
            "wire": {
                "id1": 1303407,
                "x1": 93840,
                "y1": 68880,
                "real_x1": 93840,
                "real_y1": 68885,
                "r1": 287,
                "c1": 391,
                "l1": 4,
                "p1": -1,
                "id2": 1316807,
                "x2": 93840,
                "y2": 74880,
                "real_x2": 93840,
                "real_y2": 75055,
                "r2": 312,
                "c2": 391,
                "l2": 4,
                "p2": -1
            },
            "path_num": 1,
            "paths": [
                {
                    "id1": 1303407,
                    "x1": 93840,
                    "y1": 68880,
                    "real_x1": 93840,
                    "real_y1": 68885,
                    "r1": 287,
                    "c1": 391,
                    "l1": 4,
                    "p1": -1,
                    "id2": 1316807,
                    "x2": 93840,
                    "y2": 74880,
                    "real_x2": 93840,
                    "real_y2": 75055,
                    "r2": 312,
                    "c2": 391,
                    "l2": 4,
                    "p2": -1
                }
            ],
            "patch_num": 3,
            "patchs": [
                471,
                501,
                531
            ]
        },
        {
            "id": 14,
            "feature": {
                "wire_width": 0,
                "wire_len": 0,
                "wire_density": 0.0,
                "drc_num": 0,
                "R": 0.0,
                "C": 0.0,
                "power": 0.0,
                "delay": 0.0,
                "slew": 0.0,
                "congestion": 0.0,
                "drc_type": []
            },
            "wire": {
                "id1": 154214,
                "x1": 91680,
                "y1": 68880,
                "real_x1": 91890,
                "real_y1": 68885,
                "r1": 287,
                "c1": 382,
                "l1": 0,
                "p1": 2,