{
    "id": 361,
    "name": "dpath/b_mux/_002_",
    "feature": {
        "llx": 16080,
        "lly": 86880,
        "urx": 21600,
        "ury": 88800,
        "wire_len": 7920,
        "via_num": 2,
        "drc_num": 0,
        "drc_type": [],
        "R": 14.14285714285714,
        "C": 0.00374252312992,
        "power": 2.3506467382708622e-07,
        "delay": 0.024051778209359994,
        "slew": 0.007017465498988899,
        "aspect_ratio": 3,
        "width": 5520,
        "height": 1920,
        "area": 10598400,
        "volume": 10598400,
        "layer_ratio": [
            0.0,
            0.0,
            1.0,
            0.0,
            0.0,
            0.0,
            0.0,
            0.0,
            0.0,
            0.0,
            0.0
        ],
        "place_feature": {
            "pin_num": 2,
            "aspect_ratio": 34,
            "width": 5842,
            "height": 173,
            "area": 1010666,
            "l_ness": 1.0,
            "hpwl": 6015,
            "rsmt": 6015
        }
    },
    "pin_num": 2,
    "pins": [
        {
            "id": 970,
            "i": "dpath/b_mux/_101_",
            "p": "X",
            "driver": 1
        },
        {
            "id": 971,
            "i": "dpath/b_mux/_062_",
            "p": "A0",
            "driver": 0
        }
    ],
    "wire_num": 3,
    "wires": [
        {
            "id": 3918,
            "feature": {
                "wire_width": 0,
                "wire_len": 0,
                "wire_density": 0.0,
                "drc_num": 0,
                "R": 0.0,
                "C": 0.0,
                "power": 0.0,
                "delay": 0.0,
                "slew": 0.0,
                "congestion": 0.0,
                "drc_type": []
            },
            "wire": {
                "id1": 194122,
                "x1": 21600,
                "y1": 86880,
                "real_x1": 21810,
                "real_y1": 87095,
                "r1": 362,
                "c1": 90,
                "l1": 0,
                "p1": 970,
                "id2": 768714,
                "x2": 21600,
                "y2": 86880,
                "real_x2": 21810,
                "real_y2": 87095,
                "r2": 362,
                "c2": 90,
                "l2": 2,
                "p2": -1,
                "via": 0
            },
            "path_num": 1,
            "paths": [
                {
                    "id1": 194122,
                    "x1": 21600,
                    "y1": 86880,
                    "real_x1": 21810,
                    "real_y1": 87095,
                    "r1": 362,
                    "c1": 90,
                    "l1": 0,
                    "p1": 970,
                    "id2": 768714,
                    "x2": 21600,
                    "y2": 86880,
                    "real_x2": 21810,
                    "real_y2": 87095,
                    "r2": 362,
                    "c2": 90,
                    "l2": 2,
                    "p2": -1,
                    "via": 0
                }
            ],
            "patch_num": 1,
            "patchs": [
                605
            ]
        },
        {
            "id": 3919,
            "feature": {
                "wire_width": 0,
                "wire_len": 0,
                "wire_density": 0.0,
                "drc_num": 0,
                "R": 0.0,
                "C": 0.00034126156496000004,
                "power": 1.1907970412279077e-05,
                "delay": 0.0,
                "slew": 0.0,
                "congestion": 0.0,
                "drc_type": []
            },
            "wire": {
                "id1": 197315,
                "x1": 16080,
                "y1": 88320,
                "real_x1": 16080,
                "real_y1": 88545,
                "r1": 368,
                "c1": 67,
                "l1": 0,
                "p1": 971,
                "id2": 771907,
                "x2": 16080,
                "y2": 88320,
                "real_x2": 16080,
                "real_y2": 88545,
                "r2": 368,
                "c2": 67,
                "l2": 2,
                "p2": -1,
                "via": 0
            },
            "path_num": 1,
            "paths": [
                {
                    "id1": 197315,
                    "x1": 16080,
                    "y1": 88320,
                    "real_x1": 16080,
                    "real_y1": 88545,
                    "r1": 368,
                    "c1": 67,
                    "l1": 0,
                    "p1": 971,
                    "id2": 771907,
                    "x2": 16080,
                    "y2": 88320,
                    "real_x2": 16080,
                    "real_y2": 88545,
                    "r2": 368,
                    "c2": 67,
                    "l2": 2,
                    "p2": -1,
                    "via": 0
                }
            ],
            "patch_num": 1,
            "patchs": [
                603
            ]
        },
        {
            "id": 3920,
            "feature": {
                "wire_width": 140,
                "wire_len": 7920,
                "wire_density": 6.68138349483876e-05,
                "drc_num": 0,
                "R": 7.07142857142857,
                "C": 0.00034126156496000004,
                "power": 1.1907970412279063e-05,
                "delay": 0.024051778209359994,
                "slew": 7.670423185501818e-09,
                "congestion": 27.5,
                "drc_type": []
            },
            "wire": {
                "id1": 768714,
                "x1": 21600,
                "y1": 86880,
                "real_x1": 21810,
                "real_y1": 87095,
                "r1": 362,
                "c1": 90,
                "l1": 2,
                "p1": -1,
                "id2": 771907,
                "x2": 16080,
                "y2": 88320,
                "real_x2": 16080,
                "real_y2": 88545,
                "r2": 368,
                "c2": 67,
                "l2": 2,
                "p2": -1
            },
            "path_num": 7,
            "paths": [
                {
                    "id1": 768714,
                    "x1": 21600,
                    "y1": 86880,
                    "real_x1": 21810,
                    "real_y1": 87095,
                    "r1": 362,
                    "c1": 90,
                    "l1": 2,
                    "p1": -1,
                    "id2": 768711,
                    "x2": 20880,
                    "y2": 86880,
                    "real_x2": 20880,
                    "real_y2": 87095,
                    "r2": 362,
                    "c2": 87,
                    "l2": 2,
                    "p2": -1
                },
                {
                    "id1": 768711,
                    "x1": 20880,
                    "y1": 86880,
                    "real_x1": 20880,
                    "real_y1": 87095,
                    "r1": 362,
                    "c1": 87,
                    "l1": 2,
                    "p1": -1,
                    "id2": 772463,
                    "x2": 20880,
                    "y2": 88560,
                    "real_x2": 20880,
                    "real_y2": 88560,
                    "r2": 369,
                    "c2": 87,
                    "l2": 2,
                    "p2": -1
                },
                {
                    "id1": 772463,
                    "x1": 20880,
                    "y1": 88560,
                    "real_x1": 20880,
                    "real_y1": 88560,
                    "r1": 369,
                    "c1": 87,
                    "l1": 2,