{
    "id": 453,
    "name": "dpath/b_reg/_044_",
    "feature": {
        "llx": 4800,
        "lly": 42240,
        "urx": 8640,
        "ury": 45360,
        "wire_len": 6960,
        "via_num": 4,
        "drc_num": 0,
        "drc_type": [],
        "R": 12.428571428571427,
        "C": 0.0033117196244800006,
        "power": 2.3077004500342572e-07,
        "delay": 0.01870951849164,
        "slew": 0.004638787432989469,
        "aspect_ratio": 1,
        "width": 3840,
        "height": 3120,
        "area": 11980800,
        "volume": 23961600,
        "layer_ratio": [
            0.0,
            0.0,
            0.550000011920929,
            0.0,
            0.44999998807907104,
            0.0,
            0.0,
            0.0,
            0.0,
            0.0,
            0.0
        ],
        "place_feature": {
            "pin_num": 2,
            "aspect_ratio": 2,
            "width": 4129,
            "height": 2699,
            "area": 11144171,
            "l_ness": 1.0,
            "hpwl": 6828,
            "rsmt": 6828
        }
    },
    "pin_num": 2,
    "pins": [
        {
            "id": 1175,
            "i": "dpath/b_reg/_100_",
            "p": "X",
            "driver": 1
        },
        {
            "id": 1176,
            "i": "dpath/b_reg/_072_",
            "p": "A1",
            "driver": 0
        }
    ],
    "wire_num": 7,
    "wires": [
        {
            "id": 4655,
            "feature": {
                "wire_width": 140,
                "wire_len": 240,
                "wire_density": null,
                "drc_num": 0,
                "R": 0.21428571428571425,
                "C": 1.5848537120000117e-05,
                "power": 6.135395301693229e-07,
                "delay": 0.0007062580901485714,
                "slew": 3.527817690751611e-10,
                "congestion": -1.0,
                "drc_type": []
            },
            "wire": {
                "id1": 675916,
                "x1": 4800,
                "y1": 45360,
                "real_x1": 5010,
                "real_y1": 45360,
                "r1": 189,
                "c1": 20,
                "l1": 2,
                "p1": -1,
                "id2": 675917,
                "x2": 5040,
                "y2": 45360,
                "real_x2": 5040,
                "real_y2": 45360,
                "r2": 189,
                "c2": 21,
                "l2": 2,
                "p2": -1
            },
            "path_num": 1,
            "paths": [
                {
                    "id1": 675916,
                    "x1": 4800,
                    "y1": 45360,
                    "real_x1": 5010,
                    "real_y1": 45360,
                    "r1": 189,
                    "c1": 20,
                    "l1": 2,
                    "p1": -1,
                    "id2": 675917,
                    "x2": 5040,
                    "y2": 45360,
                    "real_x2": 5040,
                    "real_y2": 45360,
                    "r2": 189,
                    "c2": 21,
                    "l2": 2,
                    "p2": -1
                }
            ],
            "patch_num": 1,
            "patchs": [
                301
            ]
        },
        {
            "id": 4656,
            "feature": {
                "wire_width": 0,
                "wire_len": 0,
                "wire_density": 0.0,
                "drc_num": 0,
                "R": 0.0,
                "C": 0.0,
                "power": 0.0,
                "delay": 0.0,
                "slew": 0.0,
                "congestion": 0.0,
                "drc_type": []
            },
            "wire": {
                "id1": 101324,
                "x1": 4800,
                "y1": 45360,
                "real_x1": 5010,
                "real_y1": 45360,
                "r1": 189,
                "c1": 20,
                "l1": 0,
                "p1": 1175,
                "id2": 675916,
                "x2": 4800,
                "y2": 45360,
                "real_x2": 5010,
                "real_y2": 45360,
                "r2": 189,
                "c2": 20,
                "l2": 2,
                "p2": -1,
                "via": 0
            },
            "path_num": 1,
            "paths": [
                {
                    "id1": 101324,
                    "x1": 4800,
                    "y1": 45360,
                    "real_x1": 5010,
                    "real_y1": 45360,
                    "r1": 189,
                    "c1": 20,
                    "l1": 0,
                    "p1": 1175,
                    "id2": 675916,
                    "x2": 4800,
                    "y2": 45360,
                    "real_x2": 5010,
                    "real_y2": 45360,
                    "r2": 189,
                    "c2": 20,
                    "l2": 2,
                    "p2": -1,
                    "via": 0
                }
            ],
            "patch_num": 1,
            "patchs": [
                301
            ]
        },
        {
            "id": 4657,
            "feature": {
                "wire_width": 0,
                "wire_len": 0,
                "wire_density": 0.0,
                "drc_num": 0,
                "R": 0.0,
                "C": 0.0001582167368,
                "power": 6.1249957410074e-06,
                "delay": 0.0,
                "slew": 0.0,
                "congestion": 0.0,
                "drc_type": []
            },
            "wire": {
                "id1": 94372,
                "x1": 8640,
                "y1": 42240,
                "real_x1": 8800,
                "real_y1": 42395,
                "r1": 176,
                "c1": 36,
                "l1": 0,
                "p1": 1176,
                "id2": 668964,
                "x2": 8640,
                "y2": 42240,
                "real_x2": 8800,
                "real_y2": 42395,
                "r2": 176,
                "c2": 36,
                "l2": 2,
                "p2": -1,
                "via": 0
            },
            "path_num": 1,
            "paths": [
                {
                    "id1": 94372,
                    "x1": 8640,
                    "y1": 42240,
                    "real_x1": 8800,
                    "real_y1": 42395,
                    "r1": 176,
                    "c1": 36,
                    "l1": 0,
                    "p1": 1176,
                    "id2": 668964,
                    "x2": 8640,
                    "y2": 42240,
                    "real_x2": 8800,
                    "real_y2": 42395,
                    "r2": 176,
                    "c2": 36,
                    "l2": 2,
                    "p2": -1,
                    "via": 0
                }
            ],
            "patch_num": 1,
            "patchs": [
                272
            ]
        },
        {
            "id": 4658,
            "feature": {
                "wire_width": 140,
                "wire_len": 3120,
                "wire_density": null,
                "drc_num": 0,
                "R": 2.7857142857142856,
                "C": 0.00012679453832000007,
                "power": 4.9085578611996866e-06,
                "delay": 0.00878399231892,
                "slew": 3.341217039154465e-09,
                "congestion": -7.5,
                "drc_type": []
            },
            "wire": {
                "id1": 1243541,
                "x1": 5040,
                "y1": 42240,
                "real_x1": 5040,
                "real_y1": 42395,
                "r1": 176,
                "c1": 21,
                "l1": 4,
                "p1": -1,