{
    "id": 495,
    "name": "dpath/b_zero/_20_",
    "feature": {
        "llx": 53040,
        "lly": 31440,
        "urx": 54960,
        "ury": 38160,
        "wire_len": 8640,
        "via_num": 4,
        "drc_num": 0,
        "drc_type": [],
        "R": 15.428571428571425,
        "C": 0.00338805806976,
        "power": 1.09773081460224e-07,
        "delay": 0.02346985455154285,
        "slew": 0.003805230289506245,
        "aspect_ratio": 4,
        "width": 1920,
        "height": 6720,
        "area": 12902400,
        "volume": 25804800,
        "layer_ratio": [
            0.0,
            0.0,
            0.2199999988079071,
            0.0,
            0.7799999713897705,
            0.0,
            0.0,
            0.0,
            0.0,
            0.0,
            0.0
        ],
        "place_feature": {
            "pin_num": 2,
            "aspect_ratio": 4,
            "width": 1663,
            "height": 6367,
            "area": 10588321,
            "l_ness": 1.0,
            "hpwl": 8030,
            "rsmt": 8030
        }
    },
    "pin_num": 2,
    "pins": [
        {
            "id": 1268,
            "i": "dpath/b_zero/_29_",
            "p": "Y",
            "driver": 1
        },
        {
            "id": 1269,
            "i": "dpath/b_zero/_30_",
            "p": "C_N",
            "driver": 0
        }
    ],
    "wire_num": 6,
    "wires": [
        {
            "id": 4962,
            "feature": {
                "wire_width": 140,
                "wire_len": 6720,
                "wire_density": null,
                "drc_num": 0,
                "R": 5.999999999999999,
                "C": 0.00026699639792000015,
                "power": 4.805935162560005e-06,
                "delay": 0.018726370031039996,
                "slew": 3.74610366338235e-09,
                "congestion": 5.333333333333333,
                "drc_type": []
            },
            "wire": {
                "id1": 1219621,
                "x1": 53040,
                "y1": 31440,
                "real_x1": 53040,
                "real_y1": 31440,
                "r1": 131,
                "c1": 221,
                "l1": 4,
                "p1": -1,
                "id2": 1234629,
                "x2": 53040,
                "y2": 38160,
                "real_x2": 53040,
                "real_y2": 38165,
                "r2": 159,
                "c2": 221,
                "l2": 4,
                "p2": -1
            },
            "path_num": 1,
            "paths": [
                {
                    "id1": 1219621,
                    "x1": 53040,
                    "y1": 31440,
                    "real_x1": 53040,
                    "real_y1": 31440,
                    "r1": 131,
                    "c1": 221,
                    "l1": 4,
                    "p1": -1,
                    "id2": 1234629,
                    "x2": 53040,
                    "y2": 38160,
                    "real_x2": 53040,
                    "real_y2": 38165,
                    "r2": 159,
                    "c2": 221,
                    "l2": 4,
                    "p2": -1
                }
            ],
            "patch_num": 2,
            "patchs": [
                222,
                252
            ]
        },
        {
            "id": 4963,
            "feature": {
                "wire_width": 0,
                "wire_len": 0,
                "wire_density": 0.0,
                "drc_num": 0,
                "R": 0.0,
                "C": 0.00026699639792000015,
                "power": 4.805935162559998e-06,
                "delay": 0.0,
                "slew": 0.0,
                "congestion": 0.0,
                "drc_type": []
            },
            "wire": {
                "id1": 660037,
                "x1": 53040,
                "y1": 38160,
                "real_x1": 53040,
                "real_y1": 38165,
                "r1": 159,
                "c1": 221,
                "l1": 2,
                "p1": -1,
                "id2": 1234629,
                "x2": 53040,
                "y2": 38160,
                "real_x2": 53040,
                "real_y2": 38165,
                "r2": 159,
                "c2": 221,
                "l2": 4,
                "p2": -1,
                "via": 5
            },
            "path_num": 1,
            "paths": [
                {
                    "id1": 660037,
                    "x1": 53040,
                    "y1": 38160,
                    "real_x1": 53040,
                    "real_y1": 38165,
                    "r1": 159,
                    "c1": 221,
                    "l1": 2,
                    "p1": -1,
                    "id2": 1234629,
                    "x2": 53040,
                    "y2": 38160,
                    "real_x2": 53040,
                    "real_y2": 38165,
                    "r2": 159,
                    "c2": 221,
                    "l2": 4,
                    "p2": -1,
                    "via": 5
                }
            ],
            "patch_num": 1,
            "patchs": [
                252
            ]
        },
        {
            "id": 4964,
            "feature": {
                "wire_width": 0,
                "wire_len": 0,
                "wire_density": 0.0,
                "drc_num": 0,
                "R": 0.0,
                "C": 0.0,
                "power": 0.0,
                "delay": 0.0,
                "slew": 0.0,
                "congestion": 0.0,
                "drc_type": []
            },
            "wire": {
                "id1": 645029,
                "x1": 53040,
                "y1": 31440,
                "real_x1": 53050,
                "real_y1": 31440,
                "r1": 131,
                "c1": 221,
                "l1": 2,
                "p1": -1,
                "id2": 1219621,
                "x2": 53040,
                "y2": 31440,
                "real_x2": 53040,
                "real_y2": 31440,
                "r2": 131,
                "c2": 221,
                "l2": 4,
                "p2": -1,
                "via": 5
            },
            "path_num": 1,
            "paths": [
                {
                    "id1": 645029,
                    "x1": 53040,
                    "y1": 31440,
                    "real_x1": 53050,
                    "real_y1": 31440,
                    "r1": 131,
                    "c1": 221,
                    "l1": 2,
                    "p1": -1,
                    "id2": 1219621,
                    "x2": 53040,
                    "y2": 31440,
                    "real_x2": 53040,
                    "real_y2": 31440,
                    "r2": 131,
                    "c2": 221,
                    "l2": 4,
                    "p2": -1,
                    "via": 5
                }
            ],
            "patch_num": 1,
            "patchs": [
                222
            ]
        },
        {
            "id": 4965,
            "feature": {
                "wire_width": 0,
                "wire_len": 0,
                "wire_density": 0.0,
                "drc_num": 0,
                "R": 0.0,
                "C": 0.0,
                "power": 0.0,
                "delay": 0.0,
                "slew": 0.0,
                "congestion": 0.0,
                "drc_type": []
            },
            "wire": {
                "id1": 70437,
                "x1": 53040,
                "y1": 31440,
                "real_x1": 53050,
                "real_y1": 31440,
                "r1": 131,
                "c1": 221,
                "l1": 0,
                "p1": 1268,
                "id2": 645029,