{
    "id": 392,
    "name": "dpath/b_mux/_033_",
    "feature": {
        "llx": 15120,
        "lly": 7920,
        "urx": 18000,
        "ury": 8160,
        "wire_len": 3120,
        "via_num": 2,
        "drc_num": 0,
        "drc_type": [],
        "R": 5.571428571428571,
        "C": 0.0028057568451200004,
        "power": 1.9417196352438682e-07,
        "delay": 0.007431947034274286,
        "slew": 0.0007032994981014049,
        "aspect_ratio": 12,
        "width": 2880,
        "height": 240,
        "area": 691200,
        "volume": 691200,
        "layer_ratio": [
            0.0,
            0.0,
            1.0,
            0.0,
            0.0,
            0.0,
            0.0,
            0.0,
            0.0,
            0.0,
            0.0
        ],
        "place_feature": {
            "pin_num": 2,
            "aspect_ratio": 35,
            "width": 2686,
            "height": 77,
            "area": 206822,
            "l_ness": 1.0,
            "hpwl": 2763,
            "rsmt": 2763
        }
    },
    "pin_num": 2,
    "pins": [
        {
            "id": 1041,
            "i": "dpath/b_mux/_051_",
            "p": "X",
            "driver": 1
        },
        {
            "id": 1042,
            "i": "dpath/b_mux/_070_",
            "p": "A",
            "driver": 0
        }
    ],
    "wire_num": 3,
    "wires": [
        {
            "id": 4200,
            "feature": {
                "wire_width": 0,
                "wire_len": 0,
                "wire_density": 0.0,
                "drc_num": 0,
                "R": 0.0,
                "C": 0.0,
                "power": 0.0,
                "delay": 0.0,
                "slew": 0.0,
                "congestion": 0.0,
                "drc_type": []
            },
            "wire": {
                "id1": 17751,
                "x1": 15120,
                "y1": 7920,
                "real_x1": 15120,
                "real_y1": 7920,
                "r1": 33,
                "c1": 63,
                "l1": 0,
                "p1": 1041,
                "id2": 592343,
                "x2": 15120,
                "y2": 7920,
                "real_x2": 15120,
                "real_y2": 7920,
                "r2": 33,
                "c2": 63,
                "l2": 2,
                "p2": -1,
                "via": 0
            },
            "path_num": 1,
            "paths": [
                {
                    "id1": 17751,
                    "x1": 15120,
                    "y1": 7920,
                    "real_x1": 15120,
                    "real_y1": 7920,
                    "r1": 33,
                    "c1": 63,
                    "l1": 0,
                    "p1": 1041,
                    "id2": 592343,
                    "x2": 15120,
                    "y2": 7920,
                    "real_x2": 15120,
                    "real_y2": 7920,
                    "r2": 33,
                    "c2": 63,
                    "l2": 2,
                    "p2": -1,
                    "via": 0
                }
            ],
            "patch_num": 1,
            "patchs": [
                33
            ]
        },
        {
            "id": 4201,
            "feature": {
                "wire_width": 0,
                "wire_len": 0,
                "wire_density": 0.0,
                "drc_num": 0,
                "R": 0.0,
                "C": 0.00013787842256000014,
                "power": 5.301030368386376e-06,
                "delay": 0.0,
                "slew": 0.0,
                "congestion": 0.0,
                "drc_type": []
            },
            "wire": {
                "id1": 18299,
                "x1": 18000,
                "y1": 8160,
                "real_x1": 18000,
                "real_y1": 8375,
                "r1": 34,
                "c1": 75,
                "l1": 0,
                "p1": 1042,
                "id2": 592891,
                "x2": 18000,
                "y2": 8160,
                "real_x2": 18000,
                "real_y2": 8375,
                "r2": 34,
                "c2": 75,
                "l2": 2,
                "p2": -1,
                "via": 0
            },
            "path_num": 1,
            "paths": [
                {
                    "id1": 18299,
                    "x1": 18000,
                    "y1": 8160,
                    "real_x1": 18000,
                    "real_y1": 8375,
                    "r1": 34,
                    "c1": 75,
                    "l1": 0,
                    "p1": 1042,
                    "id2": 592891,
                    "x2": 18000,
                    "y2": 8160,
                    "real_x2": 18000,
                    "real_y2": 8375,
                    "r2": 34,
                    "c2": 75,
                    "l2": 2,
                    "p2": -1,
                    "via": 0
                }
            ],
            "patch_num": 1,
            "patchs": [
                34
            ]
        },
        {
            "id": 4202,
            "feature": {
                "wire_width": 140,
                "wire_len": 3120,
                "wire_density": 2.6320601646334507e-05,
                "drc_num": 0,
                "R": 2.7857142857142856,
                "C": 0.00013787842256000014,
                "power": 5.301030368386376e-06,
                "delay": 0.007431947034274286,
                "slew": 7.096545920348696e-10,
                "congestion": -1.5,
                "drc_type": []
            },
            "wire": {
                "id1": 592343,
                "x1": 15120,
                "y1": 7920,
                "real_x1": 15120,
                "real_y1": 7920,
                "r1": 33,
                "c1": 63,
                "l1": 2,
                "p1": -1,
                "id2": 592891,
                "x2": 18000,
                "y2": 8160,
                "real_x2": 18000,
                "real_y2": 8375,
                "r2": 34,
                "c2": 75,
                "l2": 2,
                "p2": -1
            },
            "path_num": 2,
            "paths": [
                {
                    "id1": 592343,
                    "x1": 15120,
                    "y1": 7920,
                    "real_x1": 15120,
                    "real_y1": 7920,
                    "r1": 33,
                    "c1": 63,
                    "l1": 2,
                    "p1": -1,
                    "id2": 592355,
                    "x2": 18000,
                    "y2": 7920,
                    "real_x2": 18000,
                    "real_y2": 7920,
                    "r2": 33,
                    "c2": 75,
                    "l2": 2,
                    "p2": -1
                },
                {
                    "id1": 592355,
                    "x1": 18000,
                    "y1": 7920,
                    "real_x1": 18000,
                    "real_y1": 7920,
                    "r1": 33,
                    "c1": 75,
                    "l1": 2,
                    "p1": -1,
                    "id2": 592891,
                    "x2": 18000,
                    "y2": 8160,
                    "real_x2": 18000,
                    "real_y2": 8375,
                    "r2": 34,
                    "c2": 75,
                    "l2": 2,
                    "p2": -1
                }
            ],
            "patch_num": 2,
            "patchs": [
                33,
                34
            ]
        }
    ],
    "routing_graph": {
        "vertices": [
            {
                "id": 0,
                "is_pin": 1,
                "is_driver_pin": 1,
                "x": 15120,