{
    "id": 559,
    "name": "dpath/sub/_059_",
    "feature": {
        "llx": 91440,
        "lly": 116880,
        "urx": 93840,
        "ury": 118800,
        "wire_len": 4320,
        "via_num": 4,
        "drc_num": 0,
        "drc_type": [],
        "R": 7.7142857142857135,
        "C": 0.00277486307264,
        "power": 1.8513067096009772e-07,
        "delay": 0.00999259915974857,
        "slew": 0.0013042742532449539,
        "aspect_ratio": 1,
        "width": 2400,
        "height": 1920,
        "area": 4608000,
        "volume": 9216000,
        "layer_ratio": [
            0.0,
            0.0,
            0.5600000023841858,
            0.0,
            0.4399999976158142,
            0.0,
            0.0,
            0.0,
            0.0,
            0.0,
            0.0
        ],
        "place_feature": {
            "pin_num": 2,
            "aspect_ratio": 2,
            "width": 2131,
            "height": 1076,
            "area": 2292956,
            "l_ness": 1.0,
            "hpwl": 3207,
            "rsmt": 3207
        }
    },
    "pin_num": 2,
    "pins": [
        {
            "id": 1454,
            "i": "dpath/sub/_204_",
            "p": "X",
            "driver": 1
        },
        {
            "id": 1455,
            "i": "dpath/sub/_206_",
            "p": "A",
            "driver": 0
        }
    ],
    "wire_num": 6,
    "wires": [
        {
            "id": 5674,
            "feature": {
                "wire_width": 0,
                "wire_len": 0,
                "wire_density": 0.0,
                "drc_num": 0,
                "R": 0.0,
                "C": 0.0,
                "power": 0.0,
                "delay": 0.0,
                "slew": 0.0,
                "congestion": 0.0,
                "drc_type": []
            },
            "wire": {
                "id1": 265701,
                "x1": 91440,
                "y1": 118800,
                "real_x1": 91455,
                "real_y1": 118800,
                "r1": 495,
                "c1": 381,
                "l1": 0,
                "p1": 1454,
                "id2": 840293,
                "x2": 91440,
                "y2": 118800,
                "real_x2": 91440,
                "real_y2": 118800,
                "r2": 495,
                "c2": 381,
                "l2": 2,
                "p2": -1,
                "via": 0
            },
            "path_num": 1,
            "paths": [
                {
                    "id1": 265701,
                    "x1": 91440,
                    "y1": 118800,
                    "real_x1": 91455,
                    "real_y1": 118800,
                    "r1": 495,
                    "c1": 381,
                    "l1": 0,
                    "p1": 1454,
                    "id2": 840293,
                    "x2": 91440,
                    "y2": 118800,
                    "real_x2": 91440,
                    "real_y2": 118800,
                    "r2": 495,
                    "c2": 381,
                    "l2": 2,
                    "p2": -1,
                    "via": 0
                }
            ],
            "patch_num": 1,
            "patchs": [
                831
            ]
        },
        {
            "id": 5675,
            "feature": {
                "wire_width": 140,
                "wire_len": 2400,
                "wire_density": 2.0246616651026542e-05,
                "drc_num": 0,
                "R": 2.142857142857143,
                "C": 0.00010737095120000014,
                "power": 3.979707129670367e-06,
                "delay": 0.005372937752571427,
                "slew": 3.976043175257793e-10,
                "congestion": -1.5,
                "drc_type": []
            },
            "wire": {
                "id1": 836005,
                "x1": 91440,
                "y1": 116880,
                "real_x1": 91440,
                "real_y1": 117065,
                "r1": 487,
                "c1": 381,
                "l1": 2,
                "p1": -1,
                "id2": 836015,
                "x2": 93840,
                "y2": 116880,
                "real_x2": 93870,
                "real_y2": 117065,
                "r2": 487,
                "c2": 391,
                "l2": 2,
                "p2": -1
            },
            "path_num": 1,
            "paths": [
                {
                    "id1": 836005,
                    "x1": 91440,
                    "y1": 116880,
                    "real_x1": 91440,
                    "real_y1": 117065,
                    "r1": 487,
                    "c1": 381,
                    "l1": 2,
                    "p1": -1,
                    "id2": 836015,
                    "x2": 93840,
                    "y2": 116880,
                    "real_x2": 93870,
                    "real_y2": 117065,
                    "r2": 487,
                    "c2": 391,
                    "l2": 2,
                    "p2": -1
                }
            ],
            "patch_num": 1,
            "patchs": [
                831
            ]
        },
        {
            "id": 5676,
            "feature": {
                "wire_width": 0,
                "wire_len": 0,
                "wire_density": 0.0,
                "drc_num": 0,
                "R": 0.0,
                "C": 8.006058512000005e-05,
                "power": 2.967447692757744e-06,
                "delay": 0.0,
                "slew": 0.0,
                "congestion": 0.0,
                "drc_type": []
            },
            "wire": {
                "id1": 836005,
                "x1": 91440,
                "y1": 116880,
                "real_x1": 91440,
                "real_y1": 117065,
                "r1": 487,
                "c1": 381,
                "l1": 2,
                "p1": -1,
                "id2": 1410597,
                "x2": 91440,
                "y2": 116880,
                "real_x2": 91440,
                "real_y2": 117065,
                "r2": 487,
                "c2": 381,
                "l2": 4,
                "p2": -1,
                "via": 5
            },
            "path_num": 1,
            "paths": [
                {
                    "id1": 836005,
                    "x1": 91440,
                    "y1": 116880,
                    "real_x1": 91440,
                    "real_y1": 117065,
                    "r1": 487,
                    "c1": 381,
                    "l1": 2,
                    "p1": -1,
                    "id2": 1410597,
                    "x2": 91440,
                    "y2": 116880,
                    "real_x2": 91440,
                    "real_y2": 117065,
                    "r2": 487,
                    "c2": 381,
                    "l2": 4,
                    "p2": -1,
                    "via": 5
                }
            ],
            "patch_num": 1,
            "patchs": [
                831
            ]
        },
        {
            "id": 5677,
            "feature": {
                "wire_width": 0,
                "wire_len": 0,
                "wire_density": 0.0,
                "drc_num": 0,
                "R": 0.0,
                "C": 0.0,
                "power": 0.0,
                "delay": 0.0,
                "slew": 0.0,
                "congestion": 0.0,
                "drc_type": []
            },
            "wire": {
                "id1": 840293,
                "x1": 91440,
                "y1": 118800,
                "real_x1": 91440,
                "real_y1": 118800,
                "r1": 495,
                "c1": 381,
                "l1": 2,
                "p1": -1,
                "id2": 1414885,