{
    "id": 598,
    "name": "dpath/sub/_098_",
    "feature": {
        "llx": 71040,
        "lly": 48480,
        "urx": 77040,
        "ury": 50400,
        "wire_len": 7920,
        "via_num": 4,
        "drc_num": 0,
        "drc_type": [],
        "R": 14.142857142857142,
        "C": 0.00391993778624,
        "power": 1.9050897641126403e-07,
        "delay": 0.02529883320792,
        "slew": 0.0030423088755969496,
        "aspect_ratio": 3,
        "width": 6000,
        "height": 1920,
        "area": 11520000,
        "volume": 23040000,
        "layer_ratio": [
            0.0,
            0.0,
            0.7599999904632568,
            0.0,
            0.23999999463558197,
            0.0,
            0.0,
            0.0,
            0.0,
            0.0,
            0.0
        ],
        "place_feature": {
            "pin_num": 2,
            "aspect_ratio": 2,
            "width": 5255,
            "height": 3016,
            "area": 15849080,
            "l_ness": 1.0,
            "hpwl": 8271,
            "rsmt": 8271
        }
    },
    "pin_num": 2,
    "pins": [
        {
            "id": 1570,
            "i": "dpath/sub/_164_",
            "p": "Y",
            "driver": 1
        },
        {
            "id": 1571,
            "i": "dpath/sub/_165_",
            "p": "B1",
            "driver": 0
        }
    ],
    "wire_num": 6,
    "wires": [
        {
            "id": 6108,
            "feature": {
                "wire_width": 0,
                "wire_len": 0,
                "wire_density": 0.0,
                "drc_num": 0,
                "R": 0.0,
                "C": 0.00025990830800000017,
                "power": 7.017524316000004e-06,
                "delay": 0.0,
                "slew": 0.0,
                "congestion": 0.0,
                "drc_type": []
            },
            "wire": {
                "id1": 687473,
                "x1": 77040,
                "y1": 50400,
                "real_x1": 77040,
                "real_y1": 50465,
                "r1": 210,
                "c1": 321,
                "l1": 2,
                "p1": -1,
                "id2": 1262065,
                "x2": 77040,
                "y2": 50400,
                "real_x2": 77040,
                "real_y2": 50465,
                "r2": 210,
                "c2": 321,
                "l2": 4,
                "p2": -1,
                "via": 5
            },
            "path_num": 1,
            "paths": [
                {
                    "id1": 687473,
                    "x1": 77040,
                    "y1": 50400,
                    "real_x1": 77040,
                    "real_y1": 50465,
                    "r1": 210,
                    "c1": 321,
                    "l1": 2,
                    "p1": -1,
                    "id2": 1262065,
                    "x2": 77040,
                    "y2": 50400,
                    "real_x2": 77040,
                    "real_y2": 50465,
                    "r2": 210,
                    "c2": 321,
                    "l2": 4,
                    "p2": -1,
                    "via": 5
                }
            ],
            "patch_num": 1,
            "patchs": [
                347
            ]
        },
        {
            "id": 6109,
            "feature": {
                "wire_width": 140,
                "wire_len": 1920,
                "wire_density": 1.6197293320821236e-05,
                "drc_num": 0,
                "R": 1.7142857142857144,
                "C": 8.006058512000005e-05,
                "power": 2.161635798240006e-06,
                "delay": 0.0056915324316342865,
                "slew": 1.6154766413478683e-10,
                "congestion": -3.0,
                "drc_type": []
            },
            "wire": {
                "id1": 1257777,
                "x1": 77040,
                "y1": 48480,
                "real_x1": 77040,
                "real_y1": 48685,
                "r1": 202,
                "c1": 321,
                "l1": 4,
                "p1": -1,
                "id2": 1262065,
                "x2": 77040,
                "y2": 50400,
                "real_x2": 77040,
                "real_y2": 50465,
                "r2": 210,
                "c2": 321,
                "l2": 4,
                "p2": -1
            },
            "path_num": 1,
            "paths": [
                {
                    "id1": 1257777,
                    "x1": 77040,
                    "y1": 48480,
                    "real_x1": 77040,
                    "real_y1": 48685,
                    "r1": 202,
                    "c1": 321,
                    "l1": 4,
                    "p1": -1,
                    "id2": 1262065,
                    "x2": 77040,
                    "y2": 50400,
                    "real_x2": 77040,
                    "real_y2": 50465,
                    "r2": 210,
                    "c2": 321,
                    "l2": 4,
                    "p2": -1
                }
            ],
            "patch_num": 1,
            "patchs": [
                347
            ]
        },
        {
            "id": 6110,
            "feature": {
                "wire_width": 0,
                "wire_len": 0,
                "wire_density": 0.0,
                "drc_num": 0,
                "R": 0.0,
                "C": 0.0,
                "power": 0.0,
                "delay": 0.0,
                "slew": 0.0,
                "congestion": 0.0,
                "drc_type": []
            },
            "wire": {
                "id1": 112856,
                "x1": 71040,
                "y1": 50400,
                "real_x1": 71250,
                "real_y1": 50465,
                "r1": 210,
                "c1": 296,
                "l1": 0,
                "p1": 1570,
                "id2": 687448,
                "x2": 71040,
                "y2": 50400,
                "real_x2": 71250,
                "real_y2": 50465,
                "r2": 210,
                "c2": 296,
                "l2": 2,
                "p2": -1,
                "via": 0
            },
            "path_num": 1,
            "paths": [
                {
                    "id1": 112856,
                    "x1": 71040,
                    "y1": 50400,
                    "real_x1": 71250,
                    "real_y1": 50465,
                    "r1": 210,
                    "c1": 296,
                    "l1": 0,
                    "p1": 1570,
                    "id2": 687448,
                    "x2": 71040,
                    "y2": 50400,
                    "real_x2": 71250,
                    "real_y2": 50465,
                    "r2": 210,
                    "c2": 296,
                    "l2": 2,
                    "p2": -1,
                    "via": 0
                }
            ],
            "patch_num": 1,
            "patchs": [
                346
            ]
        },
        {
            "id": 6111,
            "feature": {
                "wire_width": 140,
                "wire_len": 6000,
                "wire_density": null,
                "drc_num": 0,
                "R": 5.357142857142857,
                "C": 0.00025990830800000017,
                "power": 7.017524316000004e-06,
                "delay": 0.019607300776285714,
                "slew": 2.9269193596581644e-09,
                "congestion": 0.6666666666666666,
                "drc_type": []
            },
            "wire": {
                "id1": 687448,
                "x1": 71040,
                "y1": 50400,
                "real_x1": 71250,
                "real_y1": 50465,
                "r1": 210,
                "c1": 296,