{
    "id": 581,
    "name": "dpath/sub/_081_",
    "feature": {
        "llx": 96720,
        "lly": 38400,
        "urx": 100560,
        "ury": 38880,
        "wire_len": 4560,
        "via_num": 2,
        "drc_num": 0,
        "drc_type": [],
        "R": 8.14285714285714,
        "C": 0.00508778673056,
        "power": 3.244129555767266e-07,
        "delay": 0.019904780130068564,
        "slew": 0.0039099254292089825,
        "aspect_ratio": 8,
        "width": 3840,
        "height": 480,
        "area": 1843200,
        "volume": 1843200,
        "layer_ratio": [
            0.0,
            0.0,
            1.0,
            0.0,
            0.0,
            0.0,
            0.0,
            0.0,
            0.0,
            0.0,
            0.0
        ],
        "place_feature": {
            "pin_num": 2,
            "aspect_ratio": 18,
            "width": 3876,
            "height": 219,
            "area": 848844,
            "l_ness": 1.0,
            "hpwl": 4095,
            "rsmt": 4095
        }
    },
    "pin_num": 2,
    "pins": [
        {
            "id": 1522,
            "i": "dpath/sub/_144_",
            "p": "X",
            "driver": 1
        },
        {
            "id": 1523,
            "i": "dpath/sub/_145_",
            "p": "B",
            "driver": 0
        }
    ],
    "wire_num": 3,
    "wires": [
        {
            "id": 5935,
            "feature": {
                "wire_width": 0,
                "wire_len": 0,
                "wire_density": 0.0,
                "drc_num": 0,
                "R": 0.0,
                "C": 0.0,
                "power": 0.0,
                "delay": 0.0,
                "slew": 0.0,
                "congestion": 0.0,
                "drc_type": []
            },
            "wire": {
                "id1": 86163,
                "x1": 96720,
                "y1": 38400,
                "real_x1": 96720,
                "real_y1": 38535,
                "r1": 160,
                "c1": 403,
                "l1": 0,
                "p1": 1522,
                "id2": 660755,
                "x2": 96720,
                "y2": 38400,
                "real_x2": 96720,
                "real_y2": 38535,
                "r2": 160,
                "c2": 403,
                "l2": 2,
                "p2": -1,
                "via": 0
            },
            "path_num": 1,
            "paths": [
                {
                    "id1": 86163,
                    "x1": 96720,
                    "y1": 38400,
                    "real_x1": 96720,
                    "real_y1": 38535,
                    "r1": 160,
                    "c1": 403,
                    "l1": 0,
                    "p1": 1522,
                    "id2": 660755,
                    "x2": 96720,
                    "y2": 38400,
                    "real_x2": 96720,
                    "real_y2": 38535,
                    "r2": 160,
                    "c2": 403,
                    "l2": 2,
                    "p2": -1,
                    "via": 0
                }
            ],
            "patch_num": 1,
            "patchs": [
                262
            ]
        },
        {
            "id": 5936,
            "feature": {
                "wire_width": 0,
                "wire_len": 0,
                "wire_density": 0.0,
                "drc_num": 0,
                "R": 0.0,
                "C": 0.00019889336528000016,
                "power": 7.04558538277151e-06,
                "delay": 0.0,
                "slew": 0.0,
                "congestion": 0.0,
                "drc_type": []
            },
            "wire": {
                "id1": 86715,
                "x1": 100560,
                "y1": 38640,
                "real_x1": 100560,
                "real_y1": 38665,
                "r1": 161,
                "c1": 419,
                "l1": 0,
                "p1": 1523,
                "id2": 661307,
                "x2": 100560,
                "y2": 38640,
                "real_x2": 100560,
                "real_y2": 38665,
                "r2": 161,
                "c2": 419,
                "l2": 2,
                "p2": -1,
                "via": 0
            },
            "path_num": 1,
            "paths": [
                {
                    "id1": 86715,
                    "x1": 100560,
                    "y1": 38640,
                    "real_x1": 100560,
                    "real_y1": 38665,
                    "r1": 161,
                    "c1": 419,
                    "l1": 0,
                    "p1": 1523,
                    "id2": 661307,
                    "x2": 100560,
                    "y2": 38640,
                    "real_x2": 100560,
                    "real_y2": 38665,
                    "r2": 161,
                    "c2": 419,
                    "l2": 2,
                    "p2": -1,
                    "via": 0
                }
            ],
            "patch_num": 1,
            "patchs": [
                263
            ]
        },
        {
            "id": 5937,
            "feature": {
                "wire_width": 140,
                "wire_len": 4560,
                "wire_density": 3.846857163695043e-05,
                "drc_num": 0,
                "R": 4.07142857142857,
                "C": 0.00019889336528000016,
                "power": 7.04558538277151e-06,
                "delay": 0.019904780130068564,
                "slew": 4.066845839256761e-09,
                "congestion": 19.0,
                "drc_type": []
            },
            "wire": {
                "id1": 660755,
                "x1": 96720,
                "y1": 38400,
                "real_x1": 96720,
                "real_y1": 38535,
                "r1": 160,
                "c1": 403,
                "l1": 2,
                "p1": -1,
                "id2": 661307,
                "x2": 100560,
                "y2": 38640,
                "real_x2": 100560,
                "real_y2": 38665,
                "r2": 161,
                "c2": 419,
                "l2": 2,
                "p2": -1
            },
            "path_num": 4,
            "paths": [
                {
                    "id1": 660755,
                    "x1": 96720,
                    "y1": 38400,
                    "real_x1": 96720,
                    "real_y1": 38535,
                    "r1": 160,
                    "c1": 403,
                    "l1": 2,
                    "p1": -1,
                    "id2": 660757,
                    "x2": 97200,
                    "y2": 38400,
                    "real_x2": 97200,
                    "real_y2": 38535,
                    "r2": 160,
                    "c2": 405,
                    "l2": 2,
                    "p2": -1
                },
                {
                    "id1": 660757,
                    "x1": 97200,
                    "y1": 38400,
                    "real_x1": 97200,
                    "real_y1": 38535,
                    "r1": 160,
                    "c1": 405,
                    "l1": 2,
                    "p1": -1,
                    "id2": 661829,
                    "x2": 97200,
                    "y2": 38880,
                    "real_x2": 97200,
                    "real_y2": 39005,
                    "r2": 162,
                    "c2": 405,
                    "l2": 2,
                    "p2": -1
                },
                {
                    "id1": 661829,
                    "x1": 97200,
                    "y1": 38880,
                    "real_x1": 97200,
                    "real_y1": 39005,
                    "r1": 162,
                    "c1": 405,