{
    "id": 184,
    "name": "dpath/a_lt_b/_085_",
    "feature": {
        "llx": 61200,
        "lly": 88320,
        "urx": 68400,
        "ury": 91920,
        "wire_len": 11760,
        "via_num": 4,
        "drc_num": 0,
        "drc_type": [],
        "R": 21.0,
        "C": 0.00396054821744,
        "power": 1.3703110060055544e-07,
        "delay": 0.036305073176177136,
        "slew": 0.007590876811085875,
        "aspect_ratio": 2,
        "width": 7200,
        "height": 3600,
        "area": 25920000,
        "volume": 51840000,
        "layer_ratio": [
            0.0,
            0.0,
            0.6499999761581421,
            0.0,
            0.3499999940395355,
            0.0,
            0.0,
            0.0,
            0.0,
            0.0,
            0.0
        ],
        "place_feature": {
            "pin_num": 2,
            "aspect_ratio": 2,
            "width": 6917,
            "height": 3448,
            "area": 23849816,
            "l_ness": 1.0,
            "hpwl": 10365,
            "rsmt": 10365
        }
    },
    "pin_num": 2,
    "pins": [
        {
            "id": 552,
            "i": "dpath/a_lt_b/_143_",
            "p": "Y",
            "driver": 1
        },
        {
            "id": 553,
            "i": "dpath/a_lt_b/_144_",
            "p": "B1",
            "driver": 0
        }
    ],
    "wire_num": 6,
    "wires": [
        {
            "id": 2187,
            "feature": {
                "wire_width": 0,
                "wire_len": 0,
                "wire_density": 0.0,
                "drc_num": 0,
                "R": 0.0,
                "C": 0.0003310924078399999,
                "power": 6.364152210463602e-06,
                "delay": 0.0,
                "slew": 0.0,
                "congestion": 0.0,
                "drc_type": []
            },
            "wire": {
                "id1": 780135,
                "x1": 61200,
                "y1": 91920,
                "real_x1": 61200,
                "real_y1": 91920,
                "r1": 383,
                "c1": 255,
                "l1": 2,
                "p1": -1,
                "id2": 1354727,
                "x2": 61200,
                "y2": 91920,
                "real_x2": 61200,
                "real_y2": 91920,
                "r2": 383,
                "c2": 255,
                "l2": 4,
                "p2": -1,
                "via": 5
            },
            "path_num": 1,
            "paths": [
                {
                    "id1": 780135,
                    "x1": 61200,
                    "y1": 91920,
                    "real_x1": 61200,
                    "real_y1": 91920,
                    "r1": 383,
                    "c1": 255,
                    "l1": 2,
                    "p1": -1,
                    "id2": 1354727,
                    "x2": 61200,
                    "y2": 91920,
                    "real_x2": 61200,
                    "real_y2": 91920,
                    "r2": 383,
                    "c2": 255,
                    "l2": 4,
                    "p2": -1,
                    "via": 5
                }
            ],
            "patch_num": 1,
            "patchs": [
                644
            ]
        },
        {
            "id": 2188,
            "feature": {
                "wire_width": 0,
                "wire_len": 0,
                "wire_density": 0.0,
                "drc_num": 0,
                "R": 0.0,
                "C": 0.0001641817008800001,
                "power": 3.1558480648642982e-06,
                "delay": 0.0,
                "slew": 0.0,
                "congestion": 0.0,
                "drc_type": []
            },
            "wire": {
                "id1": 772097,
                "x1": 61680,
                "y1": 88320,
                "real_x1": 61680,
                "real_y1": 88525,
                "r1": 368,
                "c1": 257,
                "l1": 2,
                "p1": -1,
                "id2": 1346689,
                "x2": 61680,
                "y2": 88320,
                "real_x2": 61680,
                "real_y2": 88525,
                "r2": 368,
                "c2": 257,
                "l2": 4,
                "p2": -1,
                "via": 5
            },
            "path_num": 1,
            "paths": [
                {
                    "id1": 772097,
                    "x1": 61680,
                    "y1": 88320,
                    "real_x1": 61680,
                    "real_y1": 88525,
                    "r1": 368,
                    "c1": 257,
                    "l1": 2,
                    "p1": -1,
                    "id2": 1346689,
                    "x2": 61680,
                    "y2": 88320,
                    "real_x2": 61680,
                    "real_y2": 88525,
                    "r2": 368,
                    "c2": 257,
                    "l2": 4,
                    "p2": -1,
                    "via": 5
                }
            ],
            "patch_num": 1,
            "patchs": [
                614
            ]
        },
        {
            "id": 2189,
            "feature": {
                "wire_width": 0,
                "wire_len": 0,
                "wire_density": 0.0,
                "drc_num": 0,
                "R": 0.0,
                "C": 0.0,
                "power": 0.0,
                "delay": 0.0,
                "slew": 0.0,
                "congestion": 0.0,
                "drc_type": []
            },
            "wire": {
                "id1": 197505,
                "x1": 61680,
                "y1": 88320,
                "real_x1": 61680,
                "real_y1": 88525,
                "r1": 368,
                "c1": 257,
                "l1": 0,
                "p1": 553,
                "id2": 772097,
                "x2": 61680,
                "y2": 88320,
                "real_x2": 61680,
                "real_y2": 88525,
                "r2": 368,
                "c2": 257,
                "l2": 2,
                "p2": -1,
                "via": 0
            },
            "path_num": 1,
            "paths": [
                {
                    "id1": 197505,
                    "x1": 61680,
                    "y1": 88320,
                    "real_x1": 61680,
                    "real_y1": 88525,
                    "r1": 368,
                    "c1": 257,
                    "l1": 0,
                    "p1": 553,
                    "id2": 772097,
                    "x2": 61680,
                    "y2": 88320,
                    "real_x2": 61680,
                    "real_y2": 88525,
                    "r2": 368,
                    "c2": 257,
                    "l2": 2,
                    "p2": -1,
                    "via": 0
                }
            ],
            "patch_num": 1,
            "patchs": [
                614
            ]
        },
        {
            "id": 2190,
            "feature": {
                "wire_width": 0,
                "wire_len": 0,
                "wire_density": 0.0,
                "drc_num": 0,
                "R": 0.0,
                "C": 0.0,
                "power": 0.0,
                "delay": 0.0,
                "slew": 0.0,
                "congestion": 0.0,
                "drc_type": []
            },
            "wire": {
                "id1": 204501,
                "x1": 68400,
                "y1": 91440,
                "real_x1": 68410,
                "real_y1": 91440,
                "r1": 381,
                "c1": 285,
                "l1": 0,
                "p1": 552,
                "id2": 779093,
                "x2": 68400,