{
    "id": 616,
    "name": "dpath/sub/_116_",
    "feature": {
        "llx": 100800,
        "lly": 37680,
        "urx": 104880,
        "ury": 38880,
        "wire_len": 5760,
        "via_num": 2,
        "drc_num": 0,
        "drc_type": [],
        "R": 10.285714285714285,
        "C": 0.00302947830176,
        "power": 2.5895928742697877e-07,
        "delay": 0.014295801347382857,
        "slew": 0.001093184422255783,
        "aspect_ratio": 3,
        "width": 4080,
        "height": 1200,
        "area": 4896000,
        "volume": 4896000,
        "layer_ratio": [
            0.0,
            0.0,
            1.0,
            0.0,
            0.0,
            0.0,
            0.0,
            0.0,
            0.0,
            0.0,
            0.0
        ],
        "place_feature": {
            "pin_num": 2,
            "aspect_ratio": 17,
            "width": 2994,
            "height": 176,
            "area": 526944,
            "l_ness": 1.0,
            "hpwl": 3170,
            "rsmt": 3170
        }
    },
    "pin_num": 2,
    "pins": [
        {
            "id": 1613,
            "i": "dpath/sub/_145_",
            "p": "Y",
            "driver": 1
        },
        {
            "id": 1614,
            "i": "dpath/sub/_227_",
            "p": "A",
            "driver": 0
        }
    ],
    "wire_num": 3,
    "wires": [
        {
            "id": 6249,
            "feature": {
                "wire_width": 0,
                "wire_len": 0,
                "wire_density": 0.0,
                "drc_num": 0,
                "R": 0.0,
                "C": 0.00024973915088,
                "power": 1.1859811072812193e-05,
                "delay": 0.0,
                "slew": 0.0,
                "congestion": 0.0,
                "drc_type": []
            },
            "wire": {
                "id1": 85661,
                "x1": 104880,
                "y1": 38160,
                "real_x1": 104880,
                "real_y1": 38165,
                "r1": 159,
                "c1": 437,
                "l1": 0,
                "p1": 1614,
                "id2": 660253,
                "x2": 104880,
                "y2": 38160,
                "real_x2": 104880,
                "real_y2": 38165,
                "r2": 159,
                "c2": 437,
                "l2": 2,
                "p2": -1,
                "via": 0
            },
            "path_num": 1,
            "paths": [
                {
                    "id1": 85661,
                    "x1": 104880,
                    "y1": 38160,
                    "real_x1": 104880,
                    "real_y1": 38165,
                    "r1": 159,
                    "c1": 437,
                    "l1": 0,
                    "p1": 1614,
                    "id2": 660253,
                    "x2": 104880,
                    "y2": 38160,
                    "real_x2": 104880,
                    "real_y2": 38165,
                    "r2": 159,
                    "c2": 437,
                    "l2": 2,
                    "p2": -1,
                    "via": 0
                }
            ],
            "patch_num": 1,
            "patchs": [
                264
            ]
        },
        {
            "id": 6250,
            "feature": {
                "wire_width": 0,
                "wire_len": 0,
                "wire_density": 0.0,
                "drc_num": 0,
                "R": 0.0,
                "C": 0.0,
                "power": 0.0,
                "delay": 0.0,
                "slew": 0.0,
                "congestion": 0.0,
                "drc_type": []
            },
            "wire": {
                "id1": 87252,
                "x1": 100800,
                "y1": 38880,
                "real_x1": 101010,
                "real_y1": 39005,
                "r1": 162,
                "c1": 420,
                "l1": 0,
                "p1": 1613,
                "id2": 661844,
                "x2": 100800,
                "y2": 38880,
                "real_x2": 101010,
                "real_y2": 39005,
                "r2": 162,
                "c2": 420,
                "l2": 2,
                "p2": -1,
                "via": 0
            },
            "path_num": 1,
            "paths": [
                {
                    "id1": 87252,
                    "x1": 100800,
                    "y1": 38880,
                    "real_x1": 101010,
                    "real_y1": 39005,
                    "r1": 162,
                    "c1": 420,
                    "l1": 0,
                    "p1": 1613,
                    "id2": 661844,
                    "x2": 100800,
                    "y2": 38880,
                    "real_x2": 101010,
                    "real_y2": 39005,
                    "r2": 162,
                    "c2": 420,
                    "l2": 2,
                    "p2": -1,
                    "via": 0
                }
            ],
            "patch_num": 1,
            "patchs": [
                293
            ]
        },
        {
            "id": 6251,
            "feature": {
                "wire_width": 140,
                "wire_len": 5760,
                "wire_density": 4.8591879962463704e-05,
                "drc_num": 0,
                "R": 5.142857142857142,
                "C": 0.00024973915088,
                "power": 1.185981107281218e-05,
                "delay": 0.014295801347382857,
                "slew": 1.0996144134134411e-09,
                "congestion": 25.0,
                "drc_type": []
            },
            "wire": {
                "id1": 660253,
                "x1": 104880,
                "y1": 38160,
                "real_x1": 104880,
                "real_y1": 38165,
                "r1": 159,
                "c1": 437,
                "l1": 2,
                "p1": -1,
                "id2": 661844,
                "x2": 100800,
                "y2": 38880,
                "real_x2": 101010,
                "real_y2": 39005,
                "r2": 162,
                "c2": 420,
                "l2": 2,
                "p2": -1
            },
            "path_num": 6,
            "paths": [
                {
                    "id1": 660253,
                    "x1": 104880,
                    "y1": 38160,
                    "real_x1": 104880,
                    "real_y1": 38165,
                    "r1": 159,
                    "c1": 437,
                    "l1": 2,
                    "p1": -1,
                    "id2": 659181,
                    "x2": 104880,
                    "y2": 37680,
                    "real_x2": 104880,
                    "real_y2": 37680,
                    "r2": 157,
                    "c2": 437,
                    "l2": 2,
                    "p2": -1
                },
                {
                    "id1": 659181,
                    "x1": 104880,
                    "y1": 37680,
                    "real_x1": 104880,
                    "real_y1": 37680,
                    "r1": 157,
                    "c1": 437,
                    "l1": 2,
                    "p1": -1,
                    "id2": 659179,
                    "x2": 104400,
                    "y2": 37680,
                    "real_x2": 104400,
                    "real_y2": 37680,
                    "r2": 157,
                    "c2": 435,
                    "l2": 2,
                    "p2": -1
                },
                {
                    "id1": 659179,
                    "x1": 104400,
                    "y1": 37680,
                    "real_x1": 104400,
                    "real_y1": 37680,
                    "r1": 157,
                    "c1": 435,