{
    "id": 288,
    "name": "dpath/a_mux/_099_",
    "feature": {
        "llx": 54480,
        "lly": 68160,
        "urx": 65520,
        "ury": 69360,
        "wire_len": 12240,
        "via_num": 2,
        "drc_num": 0,
        "drc_type": [],
        "R": 21.857142857142854,
        "C": 0.0035786127862400003,
        "power": 2.5803891565328547e-07,
        "delay": 0.033379205581954285,
        "slew": 0.005377596836369999,
        "aspect_ratio": 9,
        "width": 11040,
        "height": 1200,
        "area": 13248000,
        "volume": 13248000,
        "layer_ratio": [
            0.0,
            0.0,
            1.0,
            0.0,
            0.0,
            0.0,
            0.0,
            0.0,
            0.0,
            0.0,
            0.0
        ],
        "place_feature": {
            "pin_num": 2,
            "aspect_ratio": 64,
            "width": 10475,
            "height": 164,
            "area": 1717900,
            "l_ness": 1.0,
            "hpwl": 10639,
            "rsmt": 10639
        }
    },
    "pin_num": 2,
    "pins": [
        {
            "id": 805,
            "i": "dpath/a_mux/_133_",
            "p": "Y",
            "driver": 1
        },
        {
            "id": 806,
            "i": "dpath/a_mux/_191_",
            "p": "A",
            "driver": 0
        }
    ],
    "wire_num": 3,
    "wires": [
        {
            "id": 3302,
            "feature": {
                "wire_width": 0,
                "wire_len": 0,
                "wire_density": 0.0,
                "drc_num": 0,
                "R": 0.0,
                "C": 0.0,
                "power": 0.0,
                "delay": 0.0,
                "slew": 0.0,
                "congestion": 0.0,
                "drc_type": []
            },
            "wire": {
                "id1": 155177,
                "x1": 65520,
                "y1": 69360,
                "real_x1": 65560,
                "real_y1": 69415,
                "r1": 289,
                "c1": 273,
                "l1": 0,
                "p1": 805,
                "id2": 729769,
                "x2": 65520,
                "y2": 69360,
                "real_x2": 65560,
                "real_y2": 69415,
                "r2": 289,
                "c2": 273,
                "l2": 2,
                "p2": -1,
                "via": 0
            },
            "path_num": 1,
            "paths": [
                {
                    "id1": 155177,
                    "x1": 65520,
                    "y1": 69360,
                    "real_x1": 65560,
                    "real_y1": 69415,
                    "r1": 289,
                    "c1": 273,
                    "l1": 0,
                    "p1": 805,
                    "id2": 729769,
                    "x2": 65520,
                    "y2": 69360,
                    "real_x2": 65560,
                    "real_y2": 69415,
                    "r2": 289,
                    "c2": 273,
                    "l2": 2,
                    "p2": -1,
                    "via": 0
                }
            ],
            "patch_num": 1,
            "patchs": [
                495
            ]
        },
        {
            "id": 3303,
            "feature": {
                "wire_width": 0,
                "wire_len": 0,
                "wire_density": 0.0,
                "drc_num": 0,
                "R": 0.0,
                "C": 0.0005243063931200001,
                "power": 2.100308776241367e-05,
                "delay": 0.0,
                "slew": 0.0,
                "congestion": 0.0,
                "drc_type": []
            },
            "wire": {
                "id1": 152451,
                "x1": 54480,
                "y1": 68160,
                "real_x1": 54480,
                "real_y1": 68395,
                "r1": 284,
                "c1": 227,
                "l1": 0,
                "p1": 806,
                "id2": 727043,
                "x2": 54480,
                "y2": 68160,
                "real_x2": 54480,
                "real_y2": 68395,
                "r2": 284,
                "c2": 227,
                "l2": 2,
                "p2": -1,
                "via": 0
            },
            "path_num": 1,
            "paths": [
                {
                    "id1": 152451,
                    "x1": 54480,
                    "y1": 68160,
                    "real_x1": 54480,
                    "real_y1": 68395,
                    "r1": 284,
                    "c1": 227,
                    "l1": 0,
                    "p1": 806,
                    "id2": 727043,
                    "x2": 54480,
                    "y2": 68160,
                    "real_x2": 54480,
                    "real_y2": 68395,
                    "r2": 284,
                    "c2": 227,
                    "l2": 2,
                    "p2": -1,
                    "via": 0
                }
            ],
            "patch_num": 1,
            "patchs": [
                462
            ]
        },
        {
            "id": 3304,
            "feature": {
                "wire_width": 140,
                "wire_len": 12240,
                "wire_density": 0.00010325774492023538,
                "drc_num": 0,
                "R": 10.928571428571427,
                "C": 0.0005243063931200001,
                "power": 2.10030877624137e-05,
                "delay": 0.033379205581954285,
                "slew": 1.0674387818099262e-08,
                "congestion": 11.833333333333332,
                "drc_type": []
            },
            "wire": {
                "id1": 729769,
                "x1": 65520,
                "y1": 69360,
                "real_x1": 65560,
                "real_y1": 69415,
                "r1": 289,
                "c1": 273,
                "l1": 2,
                "p1": -1,
                "id2": 727043,
                "x2": 54480,
                "y2": 68160,
                "real_x2": 54480,
                "real_y2": 68395,
                "r2": 284,
                "c2": 227,
                "l2": 2,
                "p2": -1
            },
            "path_num": 3,
            "paths": [
                {
                    "id1": 729769,
                    "x1": 65520,
                    "y1": 69360,
                    "real_x1": 65560,
                    "real_y1": 69415,
                    "r1": 289,
                    "c1": 273,
                    "l1": 2,
                    "p1": -1,
                    "id2": 729750,
                    "x2": 60960,
                    "y2": 69360,
                    "real_x2": 60960,
                    "real_y2": 69415,
                    "r2": 289,
                    "c2": 254,
                    "l2": 2,
                    "p2": -1
                },
                {
                    "id1": 729750,
                    "x1": 60960,
                    "y1": 69360,
                    "real_x1": 60960,
                    "real_y1": 69415,
                    "r1": 289,
                    "c1": 254,
                    "l1": 2,
                    "p1": -1,
                    "id2": 727070,
                    "x2": 60960,
                    "y2": 68160,
                    "real_x2": 60960,
                    "real_y2": 68395,
                    "r2": 284,
                    "c2": 254,
                    "l2": 2,
                    "p2": -1
                },
                {
                    "id1": 727070,
                    "x1": 60960,
                    "y1": 68160,
                    "real_x1": 60960,
                    "real_y1": 68395,
                    "r1": 284,