{
    "id": 93,
    "name": "dpath/b_mux$out[4]",
    "feature": {
        "llx": 9360,
        "lly": 34560,
        "urx": 12240,
        "ury": 34800,
        "wire_len": 3120,
        "via_num": 2,
        "drc_num": 0,
        "drc_type": [],
        "R": 5.571428571428571,
        "C": 0.0028057568451200004,
        "power": 1.9769586953361877e-07,
        "delay": 0.007431947034274286,
        "slew": 0.000894125753246388,
        "aspect_ratio": 12,
        "width": 2880,
        "height": 240,
        "area": 691200,
        "volume": 691200,
        "layer_ratio": [
            0.0,
            0.0,
            1.0,
            0.0,
            0.0,
            0.0,
            0.0,
            0.0,
            0.0,
            0.0,
            0.0
        ],
        "place_feature": {
            "pin_num": 2,
            "aspect_ratio": 35,
            "width": 2675,
            "height": 77,
            "area": 205975,
            "l_ness": 1.0,
            "hpwl": 2752,
            "rsmt": 2752
        }
    },
    "pin_num": 2,
    "pins": [
        {
            "id": 320,
            "i": "dpath/b_mux/_082_",
            "p": "X",
            "driver": 1
        },
        {
            "id": 321,
            "i": "dpath/b_reg/_097_",
            "p": "A",
            "driver": 0
        }
    ],
    "wire_num": 3,
    "wires": [
        {
            "id": 1334,
            "feature": {
                "wire_width": 0,
                "wire_len": 0,
                "wire_density": 0.0,
                "drc_num": 0,
                "R": 0.0,
                "C": 0.00013787842256000014,
                "power": 5.397235466337769e-06,
                "delay": 0.0,
                "slew": 0.0,
                "congestion": 0.0,
                "drc_type": []
            },
            "wire": {
                "id1": 77771,
                "x1": 12240,
                "y1": 34800,
                "real_x1": 12240,
                "real_y1": 34935,
                "r1": 145,
                "c1": 51,
                "l1": 0,
                "p1": 321,
                "id2": 652363,
                "x2": 12240,
                "y2": 34800,
                "real_x2": 12240,
                "real_y2": 34935,
                "r2": 145,
                "c2": 51,
                "l2": 2,
                "p2": -1,
                "via": 0
            },
            "path_num": 1,
            "paths": [
                {
                    "id1": 77771,
                    "x1": 12240,
                    "y1": 34800,
                    "real_x1": 12240,
                    "real_y1": 34935,
                    "r1": 145,
                    "c1": 51,
                    "l1": 0,
                    "p1": 321,
                    "id2": 652363,
                    "x2": 12240,
                    "y2": 34800,
                    "real_x2": 12240,
                    "real_y2": 34935,
                    "r2": 145,
                    "c2": 51,
                    "l2": 2,
                    "p2": -1,
                    "via": 0
                }
            ],
            "patch_num": 1,
            "patchs": [
                242
            ]
        },
        {
            "id": 1335,
            "feature": {
                "wire_width": 0,
                "wire_len": 0,
                "wire_density": 0.0,
                "drc_num": 0,
                "R": 0.0,
                "C": 0.0,
                "power": 0.0,
                "delay": 0.0,
                "slew": 0.0,
                "congestion": 0.0,
                "drc_type": []
            },
            "wire": {
                "id1": 77223,
                "x1": 9360,
                "y1": 34560,
                "real_x1": 9365,
                "real_y1": 34725,
                "r1": 144,
                "c1": 39,
                "l1": 0,
                "p1": 320,
                "id2": 651815,
                "x2": 9360,
                "y2": 34560,
                "real_x2": 9365,
                "real_y2": 34725,
                "r2": 144,
                "c2": 39,
                "l2": 2,
                "p2": -1,
                "via": 0
            },
            "path_num": 1,
            "paths": [
                {
                    "id1": 77223,
                    "x1": 9360,
                    "y1": 34560,
                    "real_x1": 9365,
                    "real_y1": 34725,
                    "r1": 144,
                    "c1": 39,
                    "l1": 0,
                    "p1": 320,
                    "id2": 651815,
                    "x2": 9360,
                    "y2": 34560,
                    "real_x2": 9365,
                    "real_y2": 34725,
                    "r2": 144,
                    "c2": 39,
                    "l2": 2,
                    "p2": -1,
                    "via": 0
                }
            ],
            "patch_num": 1,
            "patchs": [
                242
            ]
        },
        {
            "id": 1336,
            "feature": {
                "wire_width": 140,
                "wire_len": 3120,
                "wire_density": 2.6320601646334507e-05,
                "drc_num": 0,
                "R": 2.7857142857142856,
                "C": 0.00013787842256000014,
                "power": 5.397235466337769e-06,
                "delay": 0.007431947034274286,
                "slew": 9.072574878865591e-10,
                "congestion": -12.5,
                "drc_type": []
            },
            "wire": {
                "id1": 652363,
                "x1": 12240,
                "y1": 34800,
                "real_x1": 12240,
                "real_y1": 34935,
                "r1": 145,
                "c1": 51,
                "l1": 2,
                "p1": -1,
                "id2": 651815,
                "x2": 9360,
                "y2": 34560,
                "real_x2": 9365,
                "real_y2": 34725,
                "r2": 144,
                "c2": 39,
                "l2": 2,
                "p2": -1
            },
            "path_num": 3,
            "paths": [
                {
                    "id1": 652363,
                    "x1": 12240,
                    "y1": 34800,
                    "real_x1": 12240,
                    "real_y1": 34935,
                    "r1": 145,
                    "c1": 51,
                    "l1": 2,
                    "p1": -1,
                    "id2": 652356,
                    "x2": 10560,
                    "y2": 34800,
                    "real_x2": 10560,
                    "real_y2": 34935,
                    "r2": 145,
                    "c2": 44,
                    "l2": 2,
                    "p2": -1
                },
                {
                    "id1": 652356,
                    "x1": 10560,
                    "y1": 34800,
                    "real_x1": 10560,
                    "real_y1": 34935,
                    "r1": 145,
                    "c1": 44,
                    "l1": 2,
                    "p1": -1,
                    "id2": 651820,
                    "x2": 10560,
                    "y2": 34560,
                    "real_x2": 10560,
                    "real_y2": 34725,
                    "r2": 144,
                    "c2": 44,
                    "l2": 2,
                    "p2": -1
                },
                {
                    "id1": 651820,
                    "x1": 10560,
                    "y1": 34560,
                    "real_x1": 10560,
                    "real_y1": 34725,
                    "r1": 144,
                    "c1": 44,
                    "l1": 2,