{
    "id": 384,
    "name": "dpath/b_mux/_025_",
    "feature": {
        "llx": 2400,
        "lly": 30720,
        "urx": 4080,
        "ury": 33600,
        "wire_len": 4560,
        "via_num": 4,
        "drc_num": 0,
        "drc_type": [],
        "R": 8.142857142857142,
        "C": 0.0031099812150400005,
        "power": 1.0076339136729603e-07,
        "delay": 0.01184664328536,
        "slew": 0.011663680754255492,
        "aspect_ratio": 2,
        "width": 1680,
        "height": 2880,
        "area": 4838400,
        "volume": 9676800,
        "layer_ratio": [
            0.0,
            0.0,
            0.3700000047683716,
            0.0,
            0.6299999952316284,
            0.0,
            0.0,
            0.0,
            0.0,
            0.0,
            0.0
        ],
        "place_feature": {
            "pin_num": 2,
            "aspect_ratio": 5,
            "width": 769,
            "height": 3961,
            "area": 3046009,
            "l_ness": 1.0,
            "hpwl": 4730,
            "rsmt": 4730
        }
    },
    "pin_num": 2,
    "pins": [
        {
            "id": 1016,
            "i": "dpath/b_mux/_078_",
            "p": "X",
            "driver": 1
        },
        {
            "id": 1017,
            "i": "dpath/b_mux/_054_",
            "p": "A1",
            "driver": 0
        }
    ],
    "wire_num": 7,
    "wires": [
        {
            "id": 4108,
            "feature": {
                "wire_width": 0,
                "wire_len": 0,
                "wire_density": 0.0,
                "drc_num": 0,
                "R": 0.0,
                "C": 1.5848537120000117e-05,
                "power": 2.8527366816000053e-07,
                "delay": 0.0,
                "slew": 0.0,
                "congestion": 0.0,
                "drc_type": []
            },
            "wire": {
                "id1": 649643,
                "x1": 2640,
                "y1": 33600,
                "real_x1": 2640,
                "real_y1": 33815,
                "r1": 140,
                "c1": 11,
                "l1": 2,
                "p1": -1,
                "id2": 1224235,
                "x2": 2640,
                "y2": 33600,
                "real_x2": 2640,
                "real_y2": 33815,
                "r2": 140,
                "c2": 11,
                "l2": 4,
                "p2": -1,
                "via": 5
            },
            "path_num": 1,
            "paths": [
                {
                    "id1": 649643,
                    "x1": 2640,
                    "y1": 33600,
                    "real_x1": 2640,
                    "real_y1": 33815,
                    "r1": 140,
                    "c1": 11,
                    "l1": 2,
                    "p1": -1,
                    "id2": 1224235,
                    "x2": 2640,
                    "y2": 33600,
                    "real_x2": 2640,
                    "real_y2": 33815,
                    "r2": 140,
                    "c2": 11,
                    "l2": 4,
                    "p2": -1,
                    "via": 5
                }
            ],
            "patch_num": 1,
            "patchs": [
                210
            ]
        },
        {
            "id": 4109,
            "feature": {
                "wire_width": 140,
                "wire_len": 2880,
                "wire_density": 2.4295939981231852e-05,
                "drc_num": 0,
                "R": 2.571428571428571,
                "C": 0.00011744774768000007,
                "power": 2.1140594582400016e-06,
                "delay": 0.007613579296594285,
                "slew": 7.315867254980158e-06,
                "congestion": -3.0,
                "drc_type": []
            },
            "wire": {
                "id1": 1217803,
                "x1": 2640,
                "y1": 30720,
                "real_x1": 2640,
                "real_y1": 30865,
                "r1": 128,
                "c1": 11,
                "l1": 4,
                "p1": -1,
                "id2": 1224235,
                "x2": 2640,
                "y2": 33600,
                "real_x2": 2640,
                "real_y2": 33815,
                "r2": 140,
                "c2": 11,
                "l2": 4,
                "p2": -1
            },
            "path_num": 1,
            "paths": [
                {
                    "id1": 1217803,
                    "x1": 2640,
                    "y1": 30720,
                    "real_x1": 2640,
                    "real_y1": 30865,
                    "r1": 128,
                    "c1": 11,
                    "l1": 4,
                    "p1": -1,
                    "id2": 1224235,
                    "x2": 2640,
                    "y2": 33600,
                    "real_x2": 2640,
                    "real_y2": 33815,
                    "r2": 140,
                    "c2": 11,
                    "l2": 4,
                    "p2": -1
                }
            ],
            "patch_num": 1,
            "patchs": [
                210
            ]
        },
        {
            "id": 4110,
            "feature": {
                "wire_width": 0,
                "wire_len": 0,
                "wire_density": 0.0,
                "drc_num": 0,
                "R": 0.0,
                "C": 6.669432271999998e-05,
                "power": 1.200497808959997e-06,
                "delay": 0.0,
                "slew": 0.0,
                "congestion": 0.0,
                "drc_type": []
            },
            "wire": {
                "id1": 68625,
                "x1": 4080,
                "y1": 30720,
                "real_x1": 4140,
                "real_y1": 30865,
                "r1": 128,
                "c1": 17,
                "l1": 0,
                "p1": 1017,
                "id2": 643217,
                "x2": 4080,
                "y2": 30720,
                "real_x2": 4140,
                "real_y2": 30865,
                "r2": 128,
                "c2": 17,
                "l2": 2,
                "p2": -1,
                "via": 0
            },
            "path_num": 1,
            "paths": [
                {
                    "id1": 68625,
                    "x1": 4080,
                    "y1": 30720,
                    "real_x1": 4140,
                    "real_y1": 30865,
                    "r1": 128,
                    "c1": 17,
                    "l1": 0,
                    "p1": 1017,
                    "id2": 643217,
                    "x2": 4080,
                    "y2": 30720,
                    "real_x2": 4140,
                    "real_y2": 30865,
                    "r2": 128,
                    "c2": 17,
                    "l2": 2,
                    "p2": -1,
                    "via": 0
                }
            ],
            "patch_num": 1,
            "patchs": [
                210
            ]
        },
        {
            "id": 4111,
            "feature": {
                "wire_width": 140,
                "wire_len": 1440,
                "wire_density": null,
                "drc_num": 0,
                "R": 1.2857142857142856,
                "C": 6.669432271999998e-05,
                "power": 1.2004978089600037e-06,
                "delay": 0.0035700355577828573,
                "slew": 5.597942790903185e-07,
                "congestion": 1.5,
                "drc_type": []
            },
            "wire": {
                "id1": 643211,
                "x1": 2640,
                "y1": 30720,
                "real_x1": 2640,
                "real_y1": 30865,
                "r1": 128,
                "c1": 11,