{
    "id": 225,
    "name": "dpath/a_mux/_036_",
    "feature": {
        "llx": 81360,
        "lly": 97920,
        "urx": 86400,
        "ury": 98640,
        "wire_len": 5760,
        "via_num": 2,
        "drc_num": 0,
        "drc_type": [],
        "R": 10.285714285714285,
        "C": 0.00342947830176,
        "power": 1.1111509697702401e-07,
        "delay": 0.016352944204525714,
        "slew": 0.003441272521035897,
        "aspect_ratio": 7,
        "width": 5040,
        "height": 720,
        "area": 3628800,
        "volume": 3628800,
        "layer_ratio": [
            0.0,
            0.0,
            1.0,
            0.0,
            0.0,
            0.0,
            0.0,
            0.0,
            0.0,
            0.0,
            0.0
        ],
        "place_feature": {
            "pin_num": 2,
            "aspect_ratio": 197,
            "width": 5312,
            "height": 27,
            "area": 143424,
            "l_ness": 1.0,
            "hpwl": 5339,
            "rsmt": 5339
        }
    },
    "pin_num": 2,
    "pins": [
        {
            "id": 634,
            "i": "dpath/a_mux/_212_",
            "p": "X",
            "driver": 1
        },
        {
            "id": 635,
            "i": "dpath/a_mux/_150_",
            "p": "B1",
            "driver": 0
        }
    ],
    "wire_num": 3,
    "wires": [
        {
            "id": 2495,
            "feature": {
                "wire_width": 0,
                "wire_len": 0,
                "wire_density": 0.0,
                "drc_num": 0,
                "R": 0.0,
                "C": 0.00024973915088,
                "power": 4.49530471584e-06,
                "delay": 0.0,
                "slew": 0.0,
                "congestion": 0.0,
                "drc_type": []
            },
            "wire": {
                "id1": 219027,
                "x1": 81360,
                "y1": 97920,
                "real_x1": 81360,
                "real_y1": 98135,
                "r1": 408,
                "c1": 339,
                "l1": 0,
                "p1": 635,
                "id2": 793619,
                "x2": 81360,
                "y2": 97920,
                "real_x2": 81360,
                "real_y2": 98135,
                "r2": 408,
                "c2": 339,
                "l2": 2,
                "p2": -1,
                "via": 0
            },
            "path_num": 1,
            "paths": [
                {
                    "id1": 219027,
                    "x1": 81360,
                    "y1": 97920,
                    "real_x1": 81360,
                    "real_y1": 98135,
                    "r1": 408,
                    "c1": 339,
                    "l1": 0,
                    "p1": 635,
                    "id2": 793619,
                    "x2": 81360,
                    "y2": 97920,
                    "real_x2": 81360,
                    "real_y2": 98135,
                    "r2": 408,
                    "c2": 339,
                    "l2": 2,
                    "p2": -1,
                    "via": 0
                }
            ],
            "patch_num": 1,
            "patchs": [
                678
            ]
        },
        {
            "id": 2496,
            "feature": {
                "wire_width": 0,
                "wire_len": 0,
                "wire_density": 0.0,
                "drc_num": 0,
                "R": 0.0,
                "C": 0.0,
                "power": 0.0,
                "delay": 0.0,
                "slew": 0.0,
                "congestion": 0.0,
                "drc_type": []
            },
            "wire": {
                "id1": 220656,
                "x1": 86400,
                "y1": 98640,
                "real_x1": 86610,
                "real_y1": 98640,
                "r1": 411,
                "c1": 360,
                "l1": 0,
                "p1": 634,
                "id2": 795248,
                "x2": 86400,
                "y2": 98640,
                "real_x2": 86610,
                "real_y2": 98640,
                "r2": 411,
                "c2": 360,
                "l2": 2,
                "p2": -1,
                "via": 0
            },
            "path_num": 1,
            "paths": [
                {
                    "id1": 220656,
                    "x1": 86400,
                    "y1": 98640,
                    "real_x1": 86610,
                    "real_y1": 98640,
                    "r1": 411,
                    "c1": 360,
                    "l1": 0,
                    "p1": 634,
                    "id2": 795248,
                    "x2": 86400,
                    "y2": 98640,
                    "real_x2": 86610,
                    "real_y2": 98640,
                    "r2": 411,
                    "c2": 360,
                    "l2": 2,
                    "p2": -1,
                    "via": 0
                }
            ],
            "patch_num": 1,
            "patchs": [
                680
            ]
        },
        {
            "id": 2497,
            "feature": {
                "wire_width": 140,
                "wire_len": 5760,
                "wire_density": 4.8591879962463704e-05,
                "drc_num": 0,
                "R": 5.142857142857142,
                "C": 0.00024973915088,
                "power": 4.4953047158399935e-06,
                "delay": 0.016352944204525714,
                "slew": 3.600726709851454e-09,
                "congestion": -4.833333333333333,
                "drc_type": []
            },
            "wire": {
                "id1": 793619,
                "x1": 81360,
                "y1": 97920,
                "real_x1": 81360,
                "real_y1": 98135,
                "r1": 408,
                "c1": 339,
                "l1": 2,
                "p1": -1,
                "id2": 795248,
                "x2": 86400,
                "y2": 98640,
                "real_x2": 86610,
                "real_y2": 98640,
                "r2": 411,
                "c2": 360,
                "l2": 2,
                "p2": -1
            },
            "path_num": 2,
            "paths": [
                {
                    "id1": 793619,
                    "x1": 81360,
                    "y1": 97920,
                    "real_x1": 81360,
                    "real_y1": 98135,
                    "r1": 408,
                    "c1": 339,
                    "l1": 2,
                    "p1": -1,
                    "id2": 795227,
                    "x2": 81360,
                    "y2": 98640,
                    "real_x2": 81360,
                    "real_y2": 98640,
                    "r2": 411,
                    "c2": 339,
                    "l2": 2,
                    "p2": -1
                },
                {
                    "id1": 795227,
                    "x1": 81360,
                    "y1": 98640,
                    "real_x1": 81360,
                    "real_y1": 98640,
                    "r1": 411,
                    "c1": 339,
                    "l1": 2,
                    "p1": -1,
                    "id2": 795248,
                    "x2": 86400,
                    "y2": 98640,
                    "real_x2": 86610,
                    "real_y2": 98640,
                    "r2": 411,
                    "c2": 360,
                    "l2": 2,
                    "p2": -1
                }
            ],
            "patch_num": 3,
            "patchs": [
                678,
                679,
                680
            ]
        }
    ],
    "routing_graph": {
        "vertices": [
            {
                "id": 0,