{
    "id": 8,
    "name": "ctrl/_01_",
    "feature": {
        "llx": 89040,
        "lly": 67920,
        "urx": 94080,
        "ury": 68160,
        "wire_len": 5520,
        "via_num": 3,
        "drc_num": 0,
        "drc_type": [],
        "R": 9.857142857142856,
        "C": 0.00546185750752,
        "power": 2.1111054136831033e-07,
        "delay": 0.013353826348028567,
        "slew": 0.0016469960117975954,
        "aspect_ratio": 21,
        "width": 5040,
        "height": 240,
        "area": 1209600,
        "volume": 1209600,
        "layer_ratio": [
            0.0,
            0.0,
            1.0,
            0.0,
            0.0,
            0.0,
            0.0,
            0.0,
            0.0,
            0.0,
            0.0
        ],
        "place_feature": {
            "pin_num": 3,
            "aspect_ratio": 70,
            "width": 5389,
            "height": 77,
            "area": 414953,
            "l_ness": 1.0,
            "hpwl": 5466,
            "rsmt": 5466
        }
    },
    "pin_num": 3,
    "pins": [
        {
            "id": 17,
            "i": "ctrl/_20_",
            "p": "X",
            "driver": 1
        },
        {
            "id": 18,
            "i": "ctrl/_27_",
            "p": "B1_N",
            "driver": 0
        },
        {
            "id": 19,
            "i": "ctrl/_35_",
            "p": "A",
            "driver": 0
        }
    ],
    "wire_num": 6,
    "wires": [
        {
            "id": 60,
            "feature": {
                "wire_width": 0,
                "wire_len": 0,
                "wire_density": 0.0,
                "drc_num": 0,
                "R": 0.0,
                "C": 0.0,
                "power": 0.0,
                "delay": 0.0,
                "slew": 0.0,
                "congestion": 0.0,
                "drc_type": []
            },
            "wire": {
                "id1": 152059,
                "x1": 89040,
                "y1": 67920,
                "real_x1": 89040,
                "real_y1": 67920,
                "r1": 283,
                "c1": 371,
                "l1": 0,
                "p1": 17,
                "id2": 726651,
                "x2": 89040,
                "y2": 67920,
                "real_x2": 89040,
                "real_y2": 67920,
                "r2": 283,
                "c2": 371,
                "l2": 2,
                "p2": -1,
                "via": 0
            },
            "path_num": 1,
            "paths": [
                {
                    "id1": 152059,
                    "x1": 89040,
                    "y1": 67920,
                    "real_x1": 89040,
                    "real_y1": 67920,
                    "r1": 283,
                    "c1": 371,
                    "l1": 0,
                    "p1": 17,
                    "id2": 726651,
                    "x2": 89040,
                    "y2": 67920,
                    "real_x2": 89040,
                    "real_y2": 67920,
                    "r2": 283,
                    "c2": 371,
                    "l2": 2,
                    "p2": -1,
                    "via": 0
                }
            ],
            "patch_num": 1,
            "patchs": [
                470
            ]
        },
        {
            "id": 61,
            "feature": {
                "wire_width": 0,
                "wire_len": 0,
                "wire_density": 0.0,
                "drc_num": 0,
                "R": 0.0,
                "C": 0.00014804757967999986,
                "power": 3.1790573334642544e-06,
                "delay": 0.0,
                "slew": 0.0,
                "congestion": 0.0,
                "drc_type": []
            },
            "wire": {
                "id1": 152616,
                "x1": 94080,
                "y1": 68160,
                "real_x1": 94290,
                "real_y1": 68395,
                "r1": 284,
                "c1": 392,
                "l1": 0,
                "p1": 18,
                "id2": 727208,
                "x2": 94080,
                "y2": 68160,
                "real_x2": 94290,
                "real_y2": 68395,
                "r2": 284,
                "c2": 392,
                "l2": 2,
                "p2": -1,
                "via": 0
            },
            "path_num": 1,
            "paths": [
                {
                    "id1": 152616,
                    "x1": 94080,
                    "y1": 68160,
                    "real_x1": 94290,
                    "real_y1": 68395,
                    "r1": 284,
                    "c1": 392,
                    "l1": 0,
                    "p1": 18,
                    "id2": 727208,
                    "x2": 94080,
                    "y2": 68160,
                    "real_x2": 94290,
                    "real_y2": 68395,
                    "r2": 284,
                    "c2": 392,
                    "l2": 2,
                    "p2": -1,
                    "via": 0
                }
            ],
            "patch_num": 1,
            "patchs": [
                471
            ]
        },
        {
            "id": 62,
            "feature": {
                "wire_width": 140,
                "wire_len": 1920,
                "wire_density": 1.6197293320821236e-05,
                "drc_num": 0,
                "R": 1.714285714285714,
                "C": 8.703263696000028e-05,
                "power": 1.8688704224443159e-06,
                "delay": 0.009213985492388568,
                "slew": 2.358882991715383e-09,
                "congestion": 7.0,
                "drc_type": []
            },
            "wire": {
                "id1": 726651,
                "x1": 89040,
                "y1": 67920,
                "real_x1": 89040,
                "real_y1": 67920,
                "r1": 283,
                "c1": 371,
                "l1": 2,
                "p1": -1,
                "id2": 726659,
                "x2": 90960,
                "y2": 67920,
                "real_x2": 90960,
                "real_y2": 67920,
                "r2": 283,
                "c2": 379,
                "l2": 2,
                "p2": -1
            },
            "path_num": 1,
            "paths": [
                {
                    "id1": 726651,
                    "x1": 89040,
                    "y1": 67920,
                    "real_x1": 89040,
                    "real_y1": 67920,
                    "r1": 283,
                    "c1": 371,
                    "l1": 2,
                    "p1": -1,
                    "id2": 726659,
                    "x2": 90960,
                    "y2": 67920,
                    "real_x2": 90960,
                    "real_y2": 67920,
                    "r2": 283,
                    "c2": 379,
                    "l2": 2,
                    "p2": -1
                }
            ],
            "patch_num": 2,
            "patchs": [
                470,
                471
            ]
        },
        {
            "id": 63,
            "feature": {
                "wire_width": 0,
                "wire_len": 0,
                "wire_density": 0.0,
                "drc_num": 0,
                "R": 0.0,
                "C": 1.5848537120000117e-05,
                "power": 3.403190262543887e-07,
                "delay": 0.0,
                "slew": 0.0,
                "congestion": 0.0,
                "drc_type": []
            },
            "wire": {
                "id1": 152603,
                "x1": 90960,
                "y1": 68160,
                "real_x1": 90960,
                "real_y1": 68395,
                "r1": 284,
                "c1": 379,