{
    "id": 445,
    "name": "dpath/b_reg/_036_",
    "feature": {
        "llx": 45600,
        "lly": 117360,
        "urx": 50640,
        "ury": 118800,
        "wire_len": 6480,
        "via_num": 2,
        "drc_num": 0,
        "drc_type": [],
        "R": 11.571428571428571,
        "C": 0.0032704932444800002,
        "power": 2.3001582799855663e-07,
        "delay": 0.01730071260010286,
        "slew": 0.004221552902820162,
        "aspect_ratio": 4,
        "width": 5040,
        "height": 1440,
        "area": 7257600,
        "volume": 7257600,
        "layer_ratio": [
            0.0,
            0.0,
            1.0,
            0.0,
            0.0,
            0.0,
            0.0,
            0.0,
            0.0,
            0.0,
            0.0
        ],
        "place_feature": {
            "pin_num": 2,
            "aspect_ratio": 11,
            "width": 4129,
            "height": 377,
            "area": 1556633,
            "l_ness": 1.0,
            "hpwl": 4506,
            "rsmt": 4506
        }
    },
    "pin_num": 2,
    "pins": [
        {
            "id": 1159,
            "i": "dpath/b_reg/_121_",
            "p": "X",
            "driver": 1
        },
        {
            "id": 1160,
            "i": "dpath/b_reg/_079_",
            "p": "A1",
            "driver": 0
        }
    ],
    "wire_num": 3,
    "wires": [
        {
            "id": 4607,
            "feature": {
                "wire_width": 0,
                "wire_len": 0,
                "wire_density": 0.0,
                "drc_num": 0,
                "R": 0.0,
                "C": 0.0,
                "power": 0.0,
                "delay": 0.0,
                "slew": 0.0,
                "congestion": 0.0,
                "drc_type": []
            },
            "wire": {
                "id1": 265510,
                "x1": 45600,
                "y1": 118800,
                "real_x1": 45810,
                "real_y1": 118800,
                "r1": 495,
                "c1": 190,
                "l1": 0,
                "p1": 1159,
                "id2": 840102,
                "x2": 45600,
                "y2": 118800,
                "real_x2": 45810,
                "real_y2": 118800,
                "r2": 495,
                "c2": 190,
                "l2": 2,
                "p2": -1,
                "via": 0
            },
            "path_num": 1,
            "paths": [
                {
                    "id1": 265510,
                    "x1": 45600,
                    "y1": 118800,
                    "real_x1": 45810,
                    "real_y1": 118800,
                    "r1": 495,
                    "c1": 190,
                    "l1": 0,
                    "p1": 1159,
                    "id2": 840102,
                    "x2": 45600,
                    "y2": 118800,
                    "real_x2": 45810,
                    "real_y2": 118800,
                    "r2": 495,
                    "c2": 190,
                    "l2": 2,
                    "p2": -1,
                    "via": 0
                }
            ],
            "patch_num": 1,
            "patchs": [
                820
            ]
        },
        {
            "id": 4608,
            "feature": {
                "wire_width": 0,
                "wire_len": 0,
                "wire_density": 0.0,
                "drc_num": 0,
                "R": 0.0,
                "C": 0.00028024662224000003,
                "power": 1.094995532607795e-05,
                "delay": 0.0,
                "slew": 0.0,
                "congestion": 0.0,
                "drc_type": []
            },
            "wire": {
                "id1": 262315,
                "x1": 50640,
                "y1": 117360,
                "real_x1": 50700,
                "real_y1": 117445,
                "r1": 489,
                "c1": 211,
                "l1": 0,
                "p1": 1160,
                "id2": 836907,
                "x2": 50640,
                "y2": 117360,
                "real_x2": 50700,
                "real_y2": 117445,
                "r2": 489,
                "c2": 211,
                "l2": 2,
                "p2": -1,
                "via": 0
            },
            "path_num": 1,
            "paths": [
                {
                    "id1": 262315,
                    "x1": 50640,
                    "y1": 117360,
                    "real_x1": 50700,
                    "real_y1": 117445,
                    "r1": 489,
                    "c1": 211,
                    "l1": 0,
                    "p1": 1160,
                    "id2": 836907,
                    "x2": 50640,
                    "y2": 117360,
                    "real_x2": 50700,
                    "real_y2": 117445,
                    "r2": 489,
                    "c2": 211,
                    "l2": 2,
                    "p2": -1,
                    "via": 0
                }
            ],
            "patch_num": 1,
            "patchs": [
                821
            ]
        },
        {
            "id": 4609,
            "feature": {
                "wire_width": 140,
                "wire_len": 6480,
                "wire_density": 5.4665864957771666e-05,
                "drc_num": 0,
                "R": 5.785714285714286,
                "C": 0.00028024662224000003,
                "power": 1.094995532607795e-05,
                "delay": 0.01730071260010286,
                "slew": 4.4888217795580054e-09,
                "congestion": 18.5,
                "drc_type": []
            },
            "wire": {
                "id1": 840102,
                "x1": 45600,
                "y1": 118800,
                "real_x1": 45810,
                "real_y1": 118800,
                "r1": 495,
                "c1": 190,
                "l1": 2,
                "p1": -1,
                "id2": 836907,
                "x2": 50640,
                "y2": 117360,
                "real_x2": 50700,
                "real_y2": 117445,
                "r2": 489,
                "c2": 211,
                "l2": 2,
                "p2": -1
            },
            "path_num": 5,
            "paths": [
                {
                    "id1": 840102,
                    "x1": 45600,
                    "y1": 118800,
                    "real_x1": 45810,
                    "real_y1": 118800,
                    "r1": 495,
                    "c1": 190,
                    "l1": 2,
                    "p1": -1,
                    "id2": 840103,
                    "x2": 45840,
                    "y2": 118800,
                    "real_x2": 45840,
                    "real_y2": 118800,
                    "r2": 495,
                    "c2": 191,
                    "l2": 2,
                    "p2": -1
                },
                {
                    "id1": 840103,
                    "x1": 45840,
                    "y1": 118800,
                    "real_x1": 45840,
                    "real_y1": 118800,
                    "r1": 495,
                    "c1": 191,
                    "l1": 2,
                    "p1": -1,
                    "id2": 837423,
                    "x2": 45840,
                    "y2": 117600,
                    "real_x2": 45840,
                    "real_y2": 117815,
                    "r2": 490,
                    "c2": 191,
                    "l2": 2,
                    "p2": -1
                },
                {
                    "id1": 837423,
                    "x1": 45840,
                    "y1": 117600,
                    "real_x1": 45840,
                    "real_y1": 117815,
                    "r1": 490,