{
    "id": 488,
    "name": "dpath/b_zero/_13_",
    "feature": {
        "llx": 51360,
        "lly": 35040,
        "urx": 51600,
        "ury": 38640,
        "wire_len": 4080,
        "via_num": 4,
        "drc_num": 0,
        "drc_type": [],
        "R": 7.285714285714285,
        "C": 0.0046143703876800005,
        "power": 1.4950560056083202e-07,
        "delay": 0.016164031777559998,
        "slew": 0.002851819306905125,
        "aspect_ratio": 15,
        "width": 240,
        "height": 3600,
        "area": 864000,
        "volume": 1728000,
        "layer_ratio": [
            0.0,
            0.0,
            0.11999999731779099,
            0.0,
            0.8799999952316284,
            0.0,
            0.0,
            0.0,
            0.0,
            0.0,
            0.0
        ],
        "place_feature": {
            "pin_num": 2,
            "aspect_ratio": 76,
            "width": 38,
            "height": 2903,
            "area": 110314,
            "l_ness": 1.0,
            "hpwl": 2941,
            "rsmt": 2941
        }
    },
    "pin_num": 2,
    "pins": [
        {
            "id": 1254,
            "i": "dpath/b_zero/_40_",
            "p": "X",
            "driver": 1
        },
        {
            "id": 1255,
            "i": "dpath/b_zero/_25_",
            "p": "B",
            "driver": 0
        }
    ],
    "wire_num": 7,
    "wires": [
        {
            "id": 4916,
            "feature": {
                "wire_width": 140,
                "wire_len": 240,
                "wire_density": null,
                "drc_num": 0,
                "R": 0.2142857142857144,
                "C": 1.5848537120000117e-05,
                "power": 2.8527366815999375e-07,
                "delay": 0.0009162532579542852,
                "slew": 9.535448819431025e-12,
                "congestion": 6.0,
                "drc_type": []
            },
            "wire": {
                "id1": 653062,
                "x1": 51360,
                "y1": 35040,
                "real_x1": 51560,
                "real_y1": 35265,
                "r1": 146,
                "c1": 214,
                "l1": 2,
                "p1": -1,
                "id2": 653063,
                "x2": 51600,
                "y2": 35040,
                "real_x2": 51600,
                "real_y2": 35265,
                "r2": 146,
                "c2": 215,
                "l2": 2,
                "p2": -1
            },
            "path_num": 1,
            "paths": [
                {
                    "id1": 653062,
                    "x1": 51360,
                    "y1": 35040,
                    "real_x1": 51560,
                    "real_y1": 35265,
                    "r1": 146,
                    "c1": 214,
                    "l1": 2,
                    "p1": -1,
                    "id2": 653063,
                    "x2": 51600,
                    "y2": 35040,
                    "real_x2": 51600,
                    "real_y2": 35265,
                    "r2": 146,
                    "c2": 215,
                    "l2": 2,
                    "p2": -1
                }
            ],
            "patch_num": 1,
            "patchs": [
                251
            ]
        },
        {
            "id": 4917,
            "feature": {
                "wire_width": 0,
                "wire_len": 0,
                "wire_density": 0.0,
                "drc_num": 0,
                "R": 0.0,
                "C": 0.00014548811960000008,
                "power": 2.6187861528000116e-06,
                "delay": 0.0,
                "slew": 0.0,
                "congestion": 0.0,
                "drc_type": []
            },
            "wire": {
                "id1": 653063,
                "x1": 51600,
                "y1": 35040,
                "real_x1": 51600,
                "real_y1": 35265,
                "r1": 146,
                "c1": 215,
                "l1": 2,
                "p1": -1,
                "id2": 1227655,
                "x2": 51600,
                "y2": 35040,
                "real_x2": 51600,
                "real_y2": 35265,
                "r2": 146,
                "c2": 215,
                "l2": 4,
                "p2": -1,
                "via": 5
            },
            "path_num": 1,
            "paths": [
                {
                    "id1": 653063,
                    "x1": 51600,
                    "y1": 35040,
                    "real_x1": 51600,
                    "real_y1": 35265,
                    "r1": 146,
                    "c1": 215,
                    "l1": 2,
                    "p1": -1,
                    "id2": 1227655,
                    "x2": 51600,
                    "y2": 35040,
                    "real_x2": 51600,
                    "real_y2": 35265,
                    "r2": 146,
                    "c2": 215,
                    "l2": 4,
                    "p2": -1,
                    "via": 5
                }
            ],
            "patch_num": 1,
            "patchs": [
                251
            ]
        },
        {
            "id": 4918,
            "feature": {
                "wire_width": 140,
                "wire_len": 3600,
                "wire_density": null,
                "drc_num": 0,
                "R": 3.214285714285714,
                "C": 0.00014548811960000008,
                "power": 2.618786152799998e-06,
                "delay": 0.0142623809802,
                "slew": 2.596500577045635e-09,
                "congestion": 5.0,
                "drc_type": []
            },
            "wire": {
                "id1": 1227655,
                "x1": 51600,
                "y1": 35040,
                "real_x1": 51600,
                "real_y1": 35265,
                "r1": 146,
                "c1": 215,
                "l1": 4,
                "p1": -1,
                "id2": 1235695,
                "x2": 51600,
                "y2": 38640,
                "real_x2": 51600,
                "real_y2": 38640,
                "r2": 161,
                "c2": 215,
                "l2": 4,
                "p2": -1
            },
            "path_num": 1,
            "paths": [
                {
                    "id1": 1227655,
                    "x1": 51600,
                    "y1": 35040,
                    "real_x1": 51600,
                    "real_y1": 35265,
                    "r1": 146,
                    "c1": 215,
                    "l1": 4,
                    "p1": -1,
                    "id2": 1235695,
                    "x2": 51600,
                    "y2": 38640,
                    "real_x2": 51600,
                    "real_y2": 38640,
                    "r2": 161,
                    "c2": 215,
                    "l2": 4,
                    "p2": -1
                }
            ],
            "patch_num": 1,
            "patchs": [
                251
            ]
        },
        {
            "id": 4919,
            "feature": {
                "wire_width": 0,
                "wire_len": 0,
                "wire_density": 0.0,
                "drc_num": 0,
                "R": 0.0,
                "C": 0.0,
                "power": 0.0,
                "delay": 0.0,
                "slew": 0.0,
                "congestion": 0.0,
                "drc_type": []
            },
            "wire": {
                "id1": 86510,
                "x1": 51360,
                "y1": 38640,
                "real_x1": 51570,
                "real_y1": 38640,
                "r1": 161,
                "c1": 214,
                "l1": 0,
                "p1": 1254,
                "id2": 661102,