{
    "id": 369,
    "name": "dpath/b_mux/_010_",
    "feature": {
        "llx": 6480,
        "lly": 36960,
        "urx": 11520,
        "ury": 37920,
        "wire_len": 6000,
        "via_num": 2,
        "drc_num": 0,
        "drc_type": [],
        "R": 10.714285714285714,
        "C": 0.003579816616,
        "power": 2.2914716478916794e-07,
        "delay": 0.017785223078571426,
        "slew": 0.003957795945552116,
        "aspect_ratio": 5,
        "width": 5040,
        "height": 960,
        "area": 4838400,
        "volume": 4838400,
        "layer_ratio": [
            0.0,
            0.0,
            1.0,
            0.0,
            0.0,
            0.0,
            0.0,
            0.0,
            0.0,
            0.0,
            0.0
        ],
        "place_feature": {
            "pin_num": 2,
            "aspect_ratio": 31,
            "width": 5362,
            "height": 173,
            "area": 927626,
            "l_ness": 1.0,
            "hpwl": 5535,
            "rsmt": 5535
        }
    },
    "pin_num": 2,
    "pins": [
        {
            "id": 986,
            "i": "dpath/b_mux/_080_",
            "p": "X",
            "driver": 1
        },
        {
            "id": 987,
            "i": "dpath/b_mux/_055_",
            "p": "A0",
            "driver": 0
        }
    ],
    "wire_num": 3,
    "wires": [
        {
            "id": 3978,
            "feature": {
                "wire_width": 0,
                "wire_len": 0,
                "wire_density": 0.0,
                "drc_num": 0,
                "R": 0.0,
                "C": 0.0,
                "power": 0.0,
                "delay": 0.0,
                "slew": 0.0,
                "congestion": 0.0,
                "drc_type": []
            },
            "wire": {
                "id1": 82592,
                "x1": 11520,
                "y1": 36960,
                "real_x1": 11730,
                "real_y1": 37145,
                "r1": 154,
                "c1": 48,
                "l1": 0,
                "p1": 986,
                "id2": 657184,
                "x2": 11520,
                "y2": 36960,
                "real_x2": 11730,
                "real_y2": 37145,
                "r2": 154,
                "c2": 48,
                "l2": 2,
                "p2": -1,
                "via": 0
            },
            "path_num": 1,
            "paths": [
                {
                    "id1": 82592,
                    "x1": 11520,
                    "y1": 36960,
                    "real_x1": 11730,
                    "real_y1": 37145,
                    "r1": 154,
                    "c1": 48,
                    "l1": 0,
                    "p1": 986,
                    "id2": 657184,
                    "x2": 11520,
                    "y2": 36960,
                    "real_x2": 11730,
                    "real_y2": 37145,
                    "r2": 154,
                    "c2": 48,
                    "l2": 2,
                    "p2": -1,
                    "via": 0
                }
            ],
            "patch_num": 1,
            "patchs": [
                242
            ]
        },
        {
            "id": 3979,
            "feature": {
                "wire_width": 0,
                "wire_len": 0,
                "wire_density": 0.0,
                "drc_num": 0,
                "R": 0.0,
                "C": 0.00025990830800000017,
                "power": 9.242753388408927e-06,
                "delay": 0.0,
                "slew": 0.0,
                "congestion": 0.0,
                "drc_type": []
            },
            "wire": {
                "id1": 84715,
                "x1": 6480,
                "y1": 37920,
                "real_x1": 6480,
                "real_y1": 38095,
                "r1": 158,
                "c1": 27,
                "l1": 0,
                "p1": 987,
                "id2": 659307,
                "x2": 6480,
                "y2": 37920,
                "real_x2": 6480,
                "real_y2": 38095,
                "r2": 158,
                "c2": 27,
                "l2": 2,
                "p2": -1,
                "via": 0
            },
            "path_num": 1,
            "paths": [
                {
                    "id1": 84715,
                    "x1": 6480,
                    "y1": 37920,
                    "real_x1": 6480,
                    "real_y1": 38095,
                    "r1": 158,
                    "c1": 27,
                    "l1": 0,
                    "p1": 987,
                    "id2": 659307,
                    "x2": 6480,
                    "y2": 37920,
                    "real_x2": 6480,
                    "real_y2": 38095,
                    "r2": 158,
                    "c2": 27,
                    "l2": 2,
                    "p2": -1,
                    "via": 0
                }
            ],
            "patch_num": 1,
            "patchs": [
                241
            ]
        },
        {
            "id": 3980,
            "feature": {
                "wire_width": 140,
                "wire_len": 6000,
                "wire_density": 5.061654162756636e-05,
                "drc_num": 0,
                "R": 5.357142857142857,
                "C": 0.00025990830800000017,
                "power": 9.242753388408927e-06,
                "delay": 0.017785223078571426,
                "slew": 4.164000609596652e-09,
                "congestion": -1.5,
                "drc_type": []
            },
            "wire": {
                "id1": 657184,
                "x1": 11520,
                "y1": 36960,
                "real_x1": 11730,
                "real_y1": 37145,
                "r1": 154,
                "c1": 48,
                "l1": 2,
                "p1": -1,
                "id2": 659307,
                "x2": 6480,
                "y2": 37920,
                "real_x2": 6480,
                "real_y2": 38095,
                "r2": 158,
                "c2": 27,
                "l2": 2,
                "p2": -1
            },
            "path_num": 5,
            "paths": [
                {
                    "id1": 657184,
                    "x1": 11520,
                    "y1": 36960,
                    "real_x1": 11730,
                    "real_y1": 37145,
                    "r1": 154,
                    "c1": 48,
                    "l1": 2,
                    "p1": -1,
                    "id2": 657180,
                    "x2": 10560,
                    "y2": 36960,
                    "real_x2": 10560,
                    "real_y2": 37145,
                    "r2": 154,
                    "c2": 44,
                    "l2": 2,
                    "p2": -1
                },
                {
                    "id1": 657180,
                    "x1": 10560,
                    "y1": 36960,
                    "real_x1": 10560,
                    "real_y1": 37145,
                    "r1": 154,
                    "c1": 44,
                    "l1": 2,
                    "p1": -1,
                    "id2": 658788,
                    "x2": 10560,
                    "y2": 37680,
                    "real_x2": 10560,
                    "real_y2": 37730,
                    "r2": 157,
                    "c2": 44,
                    "l2": 2,
                    "p2": -1
                },
                {
                    "id1": 658788,
                    "x1": 10560,
                    "y1": 37680,
                    "real_x1": 10560,
                    "real_y1": 37730,
                    "r1": 157,
                    "c1": 44,
                    "l1": 2,