{
    "id": 400,
    "name": "dpath/b_mux/_041_",
    "feature": {
        "llx": 5520,
        "lly": 20400,
        "urx": 6960,
        "ury": 28320,
        "wire_len": 10320,
        "via_num": 4,
        "drc_num": 0,
        "drc_type": [],
        "R": 18.42857142857143,
        "C": 0.0033656236728000005,
        "power": 2.3420113634486482e-07,
        "delay": 0.027084626594280004,
        "slew": 0.007627515911872572,
        "aspect_ratio": 6,
        "width": 1440,
        "height": 7920,
        "area": 11404800,
        "volume": 22809600,
        "layer_ratio": [
            0.0,
            0.0,
            0.14000000059604645,
            0.0,
            0.8600000143051147,
            0.0,
            0.0,
            0.0,
            0.0,
            0.0,
            0.0
        ],
        "place_feature": {
            "pin_num": 2,
            "aspect_ratio": 23,
            "width": 286,
            "height": 6583,
            "area": 1882738,
            "l_ness": 1.0,
            "hpwl": 6869,
            "rsmt": 6869
        }
    },
    "pin_num": 2,
    "pins": [
        {
            "id": 1057,
            "i": "dpath/b_mux/_053_",
            "p": "X",
            "driver": 1
        },
        {
            "id": 1058,
            "i": "dpath/b_mux/_076_",
            "p": "A",
            "driver": 0
        }
    ],
    "wire_num": 6,
    "wires": [
        {
            "id": 4244,
            "feature": {
                "wire_width": 0,
                "wire_len": 0,
                "wire_density": 0.0,
                "drc_num": 0,
                "R": 0.0,
                "C": 6.669432271999998e-05,
                "power": 2.578337741185755e-06,
                "delay": 0.0,
                "slew": 0.0,
                "congestion": 0.0,
                "drc_type": []
            },
            "wire": {
                "id1": 620181,
                "x1": 6960,
                "y1": 20400,
                "real_x1": 6960,
                "real_y1": 20495,
                "r1": 85,
                "c1": 29,
                "l1": 2,
                "p1": -1,
                "id2": 1194773,
                "x2": 6960,
                "y2": 20400,
                "real_x2": 6960,
                "real_y2": 20495,
                "r2": 85,
                "c2": 29,
                "l2": 4,
                "p2": -1,
                "via": 5
            },
            "path_num": 1,
            "paths": [
                {
                    "id1": 620181,
                    "x1": 6960,
                    "y1": 20400,
                    "real_x1": 6960,
                    "real_y1": 20495,
                    "r1": 85,
                    "c1": 29,
                    "l1": 2,
                    "p1": -1,
                    "id2": 1194773,
                    "x2": 6960,
                    "y2": 20400,
                    "real_x2": 6960,
                    "real_y2": 20495,
                    "r2": 85,
                    "c2": 29,
                    "l2": 4,
                    "p2": -1,
                    "via": 5
                }
            ],
            "patch_num": 1,
            "patchs": [
                121
            ]
        },
        {
            "id": 4245,
            "feature": {
                "wire_width": 140,
                "wire_len": 1440,
                "wire_density": 1.2147969990615926e-05,
                "drc_num": 0,
                "R": 1.2857142857142856,
                "C": 6.669432271999998e-05,
                "power": 2.578337741185728e-06,
                "delay": 0.00424148059296,
                "slew": 2.1941357966626107e-09,
                "congestion": -1.0,
                "drc_type": []
            },
            "wire": {
                "id1": 620175,
                "x1": 5520,
                "y1": 20400,
                "real_x1": 5520,
                "real_y1": 20495,
                "r1": 85,
                "c1": 23,
                "l1": 2,
                "p1": -1,
                "id2": 620181,
                "x2": 6960,
                "y2": 20400,
                "real_x2": 6960,
                "real_y2": 20495,
                "r2": 85,
                "c2": 29,
                "l2": 2,
                "p2": -1
            },
            "path_num": 1,
            "paths": [
                {
                    "id1": 620175,
                    "x1": 5520,
                    "y1": 20400,
                    "real_x1": 5520,
                    "real_y1": 20495,
                    "r1": 85,
                    "c1": 23,
                    "l1": 2,
                    "p1": -1,
                    "id2": 620181,
                    "x2": 6960,
                    "y2": 20400,
                    "real_x2": 6960,
                    "real_y2": 20495,
                    "r2": 85,
                    "c2": 29,
                    "l2": 2,
                    "p2": -1
                }
            ],
            "patch_num": 1,
            "patchs": [
                121
            ]
        },
        {
            "id": 4246,
            "feature": {
                "wire_width": 0,
                "wire_len": 0,
                "wire_density": 0.0,
                "drc_num": 0,
                "R": 0.0,
                "C": 0.0003511175136800002,
                "power": 1.357386206488859e-05,
                "delay": 0.0,
                "slew": 0.0,
                "congestion": 0.0,
                "drc_type": []
            },
            "wire": {
                "id1": 637865,
                "x1": 6000,
                "y1": 28320,
                "real_x1": 6000,
                "real_y1": 28435,
                "r1": 118,
                "c1": 25,
                "l1": 2,
                "p1": -1,
                "id2": 1212457,
                "x2": 6000,
                "y2": 28320,
                "real_x2": 6000,
                "real_y2": 28435,
                "r2": 118,
                "c2": 25,
                "l2": 4,
                "p2": -1,
                "via": 5
            },
            "path_num": 1,
            "paths": [
                {
                    "id1": 637865,
                    "x1": 6000,
                    "y1": 28320,
                    "real_x1": 6000,
                    "real_y1": 28435,
                    "r1": 118,
                    "c1": 25,
                    "l1": 2,
                    "p1": -1,
                    "id2": 1212457,
                    "x2": 6000,
                    "y2": 28320,
                    "real_x2": 6000,
                    "real_y2": 28435,
                    "r2": 118,
                    "c2": 25,
                    "l2": 4,
                    "p2": -1,
                    "via": 5
                }
            ],
            "patch_num": 1,
            "patchs": [
                181
            ]
        },
        {
            "id": 4247,
            "feature": {
                "wire_width": 0,
                "wire_len": 0,
                "wire_density": 0.0,
                "drc_num": 0,
                "R": 0.0,
                "C": 0.0,
                "power": 0.0,
                "delay": 0.0,
                "slew": 0.0,
                "congestion": 0.0,
                "drc_type": []
            },
            "wire": {
                "id1": 45583,
                "x1": 5520,
                "y1": 20400,
                "real_x1": 5520,
                "real_y1": 20495,
                "r1": 85,
                "c1": 23,
                "l1": 0,
                "p1": 1057,
                "id2": 620175,
                "x2": 5520,