{
    "id": 70,
    "name": "dpath/a_mux$out[12]",
    "feature": {
        "llx": 50880,
        "lly": 101520,
        "urx": 53520,
        "ury": 105360,
        "wire_len": 6480,
        "via_num": 4,
        "drc_num": 0,
        "drc_type": [],
        "R": 11.57142857142857,
        "C": 0.00307475003712,
        "power": 2.2926494821277696e-07,
        "delay": 0.016175714524422857,
        "slew": 0.003529736724497086,
        "aspect_ratio": 1,
        "width": 2640,
        "height": 3840,
        "area": 10137600,
        "volume": 20275200,
        "layer_ratio": [
            0.0,
            0.0,
            0.4099999964237213,
            0.0,
            0.5899999737739563,
            0.0,
            0.0,
            0.0,
            0.0,
            0.0,
            0.0
        ],
        "place_feature": {
            "pin_num": 2,
            "aspect_ratio": 1,
            "width": 2195,
            "height": 3153,
            "area": 6920835,
            "l_ness": 1.0,
            "hpwl": 5348,
            "rsmt": 5348
        }
    },
    "pin_num": 2,
    "pins": [
        {
            "id": 274,
            "i": "dpath/a_mux/_211_",
            "p": "X",
            "driver": 1
        },
        {
            "id": 275,
            "i": "dpath/a_reg/_121_",
            "p": "A",
            "driver": 0
        }
    ],
    "wire_num": 6,
    "wires": [
        {
            "id": 1184,
            "feature": {
                "wire_width": 0,
                "wire_len": 0,
                "wire_density": 0.0,
                "drc_num": 0,
                "R": 0.0,
                "C": 0.00011754010831999985,
                "power": 4.869018532957623e-06,
                "delay": 0.0,
                "slew": 0.0,
                "congestion": 0.0,
                "drc_type": []
            },
            "wire": {
                "id1": 810119,
                "x1": 53520,
                "y1": 105360,
                "real_x1": 53520,
                "real_y1": 105360,
                "r1": 439,
                "c1": 223,
                "l1": 2,
                "p1": -1,
                "id2": 1384711,
                "x2": 53520,
                "y2": 105360,
                "real_x2": 53520,
                "real_y2": 105360,
                "r2": 439,
                "c2": 223,
                "l2": 4,
                "p2": -1,
                "via": 5
            },
            "path_num": 1,
            "paths": [
                {
                    "id1": 810119,
                    "x1": 53520,
                    "y1": 105360,
                    "real_x1": 53520,
                    "real_y1": 105360,
                    "r1": 439,
                    "c1": 223,
                    "l1": 2,
                    "p1": -1,
                    "id2": 1384711,
                    "x2": 53520,
                    "y2": 105360,
                    "real_x2": 53520,
                    "real_y2": 105360,
                    "r2": 439,
                    "c2": 223,
                    "l2": 4,
                    "p2": -1,
                    "via": 5
                }
            ],
            "patch_num": 1,
            "patchs": [
                732
            ]
        },
        {
            "id": 1185,
            "feature": {
                "wire_width": 0,
                "wire_len": 0,
                "wire_density": 0.0,
                "drc_num": 0,
                "R": 0.0,
                "C": 0.0,
                "power": 0.0,
                "delay": 0.0,
                "slew": 3.469446951953614e-18,
                "congestion": 0.0,
                "drc_type": []
            },
            "wire": {
                "id1": 235516,
                "x1": 50880,
                "y1": 105360,
                "real_x1": 51090,
                "real_y1": 105360,
                "r1": 439,
                "c1": 212,
                "l1": 0,
                "p1": 274,
                "id2": 810108,
                "x2": 50880,
                "y2": 105360,
                "real_x2": 51090,
                "real_y2": 105360,
                "r2": 439,
                "c2": 212,
                "l2": 2,
                "p2": -1,
                "via": 0
            },
            "path_num": 1,
            "paths": [
                {
                    "id1": 235516,
                    "x1": 50880,
                    "y1": 105360,
                    "real_x1": 51090,
                    "real_y1": 105360,
                    "r1": 439,
                    "c1": 212,
                    "l1": 0,
                    "p1": 274,
                    "id2": 810108,
                    "x2": 50880,
                    "y2": 105360,
                    "real_x2": 51090,
                    "real_y2": 105360,
                    "r2": 439,
                    "c2": 212,
                    "l2": 2,
                    "p2": -1,
                    "via": 0
                }
            ],
            "patch_num": 1,
            "patchs": [
                731
            ]
        },
        {
            "id": 1186,
            "feature": {
                "wire_width": 140,
                "wire_len": 2640,
                "wire_density": 2.2271278316129197e-05,
                "drc_num": 0,
                "R": 2.357142857142857,
                "C": 0.00011754010831999985,
                "power": 4.869018532957623e-06,
                "delay": 0.006970566260742858,
                "slew": 3.833094973371143e-09,
                "congestion": 2.0,
                "drc_type": []
            },
            "wire": {
                "id1": 810108,
                "x1": 50880,
                "y1": 105360,
                "real_x1": 51090,
                "real_y1": 105360,
                "r1": 439,
                "c1": 212,
                "l1": 2,
                "p1": -1,
                "id2": 810119,
                "x2": 53520,
                "y2": 105360,
                "real_x2": 53520,
                "real_y2": 105360,
                "r2": 439,
                "c2": 223,
                "l2": 2,
                "p2": -1
            },
            "path_num": 1,
            "paths": [
                {
                    "id1": 810108,
                    "x1": 50880,
                    "y1": 105360,
                    "real_x1": 51090,
                    "real_y1": 105360,
                    "r1": 439,
                    "c1": 212,
                    "l1": 2,
                    "p1": -1,
                    "id2": 810119,
                    "x2": 53520,
                    "y2": 105360,
                    "real_x2": 53520,
                    "real_y2": 105360,
                    "r2": 439,
                    "c2": 223,
                    "l2": 2,
                    "p2": -1
                }
            ],
            "patch_num": 2,
            "patchs": [
                731,
                732
            ]
        },
        {
            "id": 1187,
            "feature": {
                "wire_width": 0,
                "wire_len": 0,
                "wire_density": 0.0,
                "drc_num": 0,
                "R": 0.0,
                "C": 0.0,
                "power": 0.0,
                "delay": 0.0,
                "slew": 0.0,
                "congestion": 0.0,
                "drc_type": []
            },
            "wire": {
                "id1": 226951,
                "x1": 53520,
                "y1": 101520,
                "real_x1": 53520,
                "real_y1": 101535,
                "r1": 423,
                "c1": 223,
                "l1": 0,