{
    "id": 426,
    "name": "dpath/b_reg/_017_",
    "feature": {
        "llx": 12000,
        "lly": 104880,
        "urx": 23040,
        "ury": 105360,
        "wire_len": 11520,
        "via_num": 2,
        "drc_num": 0,
        "drc_type": [],
        "R": 20.57142857142857,
        "C": 0.0035175978435200003,
        "power": 2.6206855571987527e-07,
        "delay": 0.031101931766674286,
        "slew": 0.009258151989553216,
        "aspect_ratio": 23,
        "width": 11040,
        "height": 480,
        "area": 5299200,
        "volume": 5299200,
        "layer_ratio": [
            0.0,
            0.0,
            1.0,
            0.0,
            0.0,
            0.0,
            0.0,
            0.0,
            0.0,
            0.0,
            0.0
        ],
        "place_feature": {
            "pin_num": 2,
            "aspect_ratio": 140,
            "width": 10754,
            "height": 77,
            "area": 828058,
            "l_ness": 1.0,
            "hpwl": 10831,
            "rsmt": 10831
        }
    },
    "pin_num": 2,
    "pins": [
        {
            "id": 1115,
            "i": "dpath/b_reg/_077_",
            "p": "X",
            "driver": 1
        },
        {
            "id": 1116,
            "i": "dpath/b_reg/_116_",
            "p": "A",
            "driver": 0
        }
    ],
    "wire_num": 3,
    "wires": [
        {
            "id": 4427,
            "feature": {
                "wire_width": 0,
                "wire_len": 0,
                "wire_density": 0.0,
                "drc_num": 0,
                "R": 0.0,
                "C": 0.0,
                "power": 0.0,
                "delay": 0.0,
                "slew": 0.0,
                "congestion": 0.0,
                "drc_type": []
            },
            "wire": {
                "id1": 235400,
                "x1": 23040,
                "y1": 105360,
                "real_x1": 23215,
                "real_y1": 105360,
                "r1": 439,
                "c1": 96,
                "l1": 0,
                "p1": 1115,
                "id2": 809992,
                "x2": 23040,
                "y2": 105360,
                "real_x2": 23215,
                "real_y2": 105360,
                "r2": 439,
                "c2": 96,
                "l2": 2,
                "p2": -1,
                "via": 0
            },
            "path_num": 1,
            "paths": [
                {
                    "id1": 235400,
                    "x1": 23040,
                    "y1": 105360,
                    "real_x1": 23215,
                    "real_y1": 105360,
                    "r1": 439,
                    "c1": 96,
                    "l1": 0,
                    "p1": 1115,
                    "id2": 809992,
                    "x2": 23040,
                    "y2": 105360,
                    "real_x2": 23215,
                    "real_y2": 105360,
                    "r2": 439,
                    "c2": 96,
                    "l2": 2,
                    "p2": -1,
                    "via": 0
                }
            ],
            "patch_num": 1,
            "patchs": [
                725
            ]
        },
        {
            "id": 4428,
            "feature": {
                "wire_width": 0,
                "wire_len": 0,
                "wire_density": 0.0,
                "drc_num": 0,
                "R": 0.0,
                "C": 0.0004937989217600001,
                "power": 2.0438374898380674e-05,
                "delay": 0.0,
                "slew": 0.0,
                "congestion": 0.0,
                "drc_type": []
            },
            "wire": {
                "id1": 234282,
                "x1": 12000,
                "y1": 104880,
                "real_x1": 12210,
                "real_y1": 104880,
                "r1": 437,
                "c1": 50,
                "l1": 0,
                "p1": 1116,
                "id2": 808874,
                "x2": 12000,
                "y2": 104880,
                "real_x2": 12210,
                "real_y2": 104880,
                "r2": 437,
                "c2": 50,
                "l2": 2,
                "p2": -1,
                "via": 0
            },
            "path_num": 1,
            "paths": [
                {
                    "id1": 234282,
                    "x1": 12000,
                    "y1": 104880,
                    "real_x1": 12210,
                    "real_y1": 104880,
                    "r1": 437,
                    "c1": 50,
                    "l1": 0,
                    "p1": 1116,
                    "id2": 808874,
                    "x2": 12000,
                    "y2": 104880,
                    "real_x2": 12210,
                    "real_y2": 104880,
                    "r2": 437,
                    "c2": 50,
                    "l2": 2,
                    "p2": -1,
                    "via": 0
                }
            ],
            "patch_num": 1,
            "patchs": [
                722
            ]
        },
        {
            "id": 4429,
            "feature": {
                "wire_width": 140,
                "wire_len": 11520,
                "wire_density": 9.718375992492741e-05,
                "drc_num": 0,
                "R": 10.285714285714285,
                "C": 0.0004937989217600001,
                "power": 2.0438374898380687e-05,
                "delay": 0.031101931766674286,
                "slew": 1.2777117301687735e-08,
                "congestion": -6.0,
                "drc_type": []
            },
            "wire": {
                "id1": 809992,
                "x1": 23040,
                "y1": 105360,
                "real_x1": 23215,
                "real_y1": 105360,
                "r1": 439,
                "c1": 96,
                "l1": 2,
                "p1": -1,
                "id2": 808874,
                "x2": 12000,
                "y2": 104880,
                "real_x2": 12210,
                "real_y2": 104880,
                "r2": 437,
                "c2": 50,
                "l2": 2,
                "p2": -1
            },
            "path_num": 3,
            "paths": [
                {
                    "id1": 809992,
                    "x1": 23040,
                    "y1": 105360,
                    "real_x1": 23215,
                    "real_y1": 105360,
                    "r1": 439,
                    "c1": 96,
                    "l1": 2,
                    "p1": -1,
                    "id2": 809977,
                    "x2": 19440,
                    "y2": 105360,
                    "real_x2": 19440,
                    "real_y2": 105360,
                    "r2": 439,
                    "c2": 81,
                    "l2": 2,
                    "p2": -1
                },
                {
                    "id1": 809977,
                    "x1": 19440,
                    "y1": 105360,
                    "real_x1": 19440,
                    "real_y1": 105360,
                    "r1": 439,
                    "c1": 81,
                    "l1": 2,
                    "p1": -1,
                    "id2": 808905,
                    "x2": 19440,
                    "y2": 104880,
                    "real_x2": 19440,
                    "real_y2": 104880,
                    "r2": 437,
                    "c2": 81,
                    "l2": 2,
                    "p2": -1
                },
                {
                    "id1": 808905,
                    "x1": 19440,
                    "y1": 104880,
                    "real_x1": 19440,
                    "real_y1": 104880,
                    "r1": 437,