{
    "id": 6,
    "name": "ctrl$is_b_zero",
    "feature": {
        "llx": 68880,
        "lly": 68160,
        "urx": 71760,
        "ury": 68880,
        "wire_len": 3600,
        "via_num": 2,
        "drc_num": 0,
        "drc_type": [],
        "R": 6.428571428571428,
        "C": 0.0028464334736,
        "power": 4.50314670628125e-11,
        "delay": 0.008640696654,
        "slew": 0.0011879350176805005,
        "aspect_ratio": 4,
        "width": 2880,
        "height": 720,
        "area": 2073600,
        "volume": 2073600,
        "layer_ratio": [
            0.0,
            0.0,
            1.0,
            0.0,
            0.0,
            0.0,
            0.0,
            0.0,
            0.0,
            0.0,
            0.0
        ],
        "place_feature": {
            "pin_num": 2,
            "aspect_ratio": 35,
            "width": 2675,
            "height": 77,
            "area": 205975,
            "l_ness": 1.0,
            "hpwl": 2752,
            "rsmt": 2752
        }
    },
    "pin_num": 2,
    "pins": [
        {
            "id": 13,
            "i": "dpath/b_zero/_50_",
            "p": "X",
            "driver": 1
        },
        {
            "id": 14,
            "i": "ctrl/_37_",
            "p": "A",
            "driver": 0
        }
    ],
    "wire_num": 3,
    "wires": [
        {
            "id": 50,
            "feature": {
                "wire_width": 0,
                "wire_len": 0,
                "wire_density": 0.0,
                "drc_num": 0,
                "R": 0.0,
                "C": 0.0001582167368,
                "power": 1.3905767882812493e-09,
                "delay": 0.0,
                "slew": 0.0,
                "congestion": 0.0,
                "drc_type": []
            },
            "wire": {
                "id1": 152523,
                "x1": 71760,
                "y1": 68160,
                "real_x1": 71760,
                "real_y1": 68395,
                "r1": 284,
                "c1": 299,
                "l1": 0,
                "p1": 14,
                "id2": 727115,
                "x2": 71760,
                "y2": 68160,
                "real_x2": 71760,
                "real_y2": 68395,
                "r2": 284,
                "c2": 299,
                "l2": 2,
                "p2": -1,
                "via": 0
            },
            "path_num": 1,
            "paths": [
                {
                    "id1": 152523,
                    "x1": 71760,
                    "y1": 68160,
                    "real_x1": 71760,
                    "real_y1": 68395,
                    "r1": 284,
                    "c1": 299,
                    "l1": 0,
                    "p1": 14,
                    "id2": 727115,
                    "x2": 71760,
                    "y2": 68160,
                    "real_x2": 71760,
                    "real_y2": 68395,
                    "r2": 284,
                    "c2": 299,
                    "l2": 2,
                    "p2": -1,
                    "via": 0
                }
            ],
            "patch_num": 1,
            "patchs": [
                466
            ]
        },
        {
            "id": 51,
            "feature": {
                "wire_width": 0,
                "wire_len": 0,
                "wire_density": 0.0,
                "drc_num": 0,
                "R": 0.0,
                "C": 0.0,
                "power": 0.0,
                "delay": 0.0,
                "slew": 0.0,
                "congestion": 0.0,
                "drc_type": []
            },
            "wire": {
                "id1": 154119,
                "x1": 68880,
                "y1": 68880,
                "real_x1": 68900,
                "real_y1": 68885,
                "r1": 287,
                "c1": 287,
                "l1": 0,
                "p1": 13,
                "id2": 728711,
                "x2": 68880,
                "y2": 68880,
                "real_x2": 68900,
                "real_y2": 68885,
                "r2": 287,
                "c2": 287,
                "l2": 2,
                "p2": -1,
                "via": 0
            },
            "path_num": 1,
            "paths": [
                {
                    "id1": 154119,
                    "x1": 68880,
                    "y1": 68880,
                    "real_x1": 68900,
                    "real_y1": 68885,
                    "r1": 287,
                    "c1": 287,
                    "l1": 0,
                    "p1": 13,
                    "id2": 728711,
                    "x2": 68880,
                    "y2": 68880,
                    "real_x2": 68900,
                    "real_y2": 68885,
                    "r2": 287,
                    "c2": 287,
                    "l2": 2,
                    "p2": -1,
                    "via": 0
                }
            ],
            "patch_num": 1,
            "patchs": [
                465
            ]
        },
        {
            "id": 52,
            "feature": {
                "wire_width": 140,
                "wire_len": 3600,
                "wire_density": 3.0369924976539817e-05,
                "drc_num": 0,
                "R": 3.214285714285714,
                "C": 0.0001582167368,
                "power": 1.3905767882812526e-09,
                "delay": 0.008640696654,
                "slew": 1.2108208810590604e-09,
                "congestion": 11.5,
                "drc_type": []
            },
            "wire": {
                "id1": 727115,
                "x1": 71760,
                "y1": 68160,
                "real_x1": 71760,
                "real_y1": 68395,
                "r1": 284,
                "c1": 299,
                "l1": 2,
                "p1": -1,
                "id2": 728711,
                "x2": 68880,
                "y2": 68880,
                "real_x2": 68900,
                "real_y2": 68885,
                "r2": 287,
                "c2": 287,
                "l2": 2,
                "p2": -1
            },
            "path_num": 3,
            "paths": [
                {
                    "id1": 727115,
                    "x1": 71760,
                    "y1": 68160,
                    "real_x1": 71760,
                    "real_y1": 68395,
                    "r1": 284,
                    "c1": 299,
                    "l1": 2,
                    "p1": -1,
                    "id2": 727112,
                    "x2": 71040,
                    "y2": 68160,
                    "real_x2": 71040,
                    "real_y2": 68395,
                    "r2": 284,
                    "c2": 296,
                    "l2": 2,
                    "p2": -1
                },
                {
                    "id1": 727112,
                    "x1": 71040,
                    "y1": 68160,
                    "real_x1": 71040,
                    "real_y1": 68395,
                    "r1": 284,
                    "c1": 296,
                    "l1": 2,
                    "p1": -1,
                    "id2": 728720,
                    "x2": 71040,
                    "y2": 68880,
                    "real_x2": 71040,
                    "real_y2": 68885,
                    "r2": 287,
                    "c2": 296,
                    "l2": 2,
                    "p2": -1
                },
                {
                    "id1": 728720,
                    "x1": 71040,
                    "y1": 68880,
                    "real_x1": 71040,
                    "real_y1": 68885,
                    "r1": 287,
                    "c1": 296,
                    "l1": 2,
                    "p1": -1,