{
    "id": 432,
    "name": "dpath/b_reg/_023_",
    "feature": {
        "llx": 24720,
        "lly": 18240,
        "urx": 25680,
        "ury": 20400,
        "wire_len": 3120,
        "via_num": 4,
        "drc_num": 0,
        "drc_type": [],
        "R": 5.571428571428571,
        "C": 0.0028015267684800005,
        "power": 2.0797367462655518e-07,
        "delay": 0.007413289161822858,
        "slew": 0.0006854812740281629,
        "aspect_ratio": 2,
        "width": 960,
        "height": 2160,
        "area": 2073600,
        "volume": 4147200,
        "layer_ratio": [
            0.0,
            0.0,
            0.3100000023841858,
            0.0,
            0.6899999976158142,
            0.0,
            0.0,
            0.0,
            0.0,
            0.0,
            0.0
        ],
        "place_feature": {
            "pin_num": 2,
            "aspect_ratio": 5,
            "width": 766,
            "height": 3507,
            "area": 2686362,
            "l_ness": 1.0,
            "hpwl": 4273,
            "rsmt": 4273
        }
    },
    "pin_num": 2,
    "pins": [
        {
            "id": 1127,
            "i": "dpath/b_reg/_068_",
            "p": "X",
            "driver": 1
        },
        {
            "id": 1128,
            "i": "dpath/b_reg/_089_",
            "p": "A",
            "driver": 0
        }
    ],
    "wire_num": 6,
    "wires": [
        {
            "id": 4468,
            "feature": {
                "wire_width": 0,
                "wire_len": 0,
                "wire_density": 0.0,
                "drc_num": 0,
                "R": 0.0,
                "C": 8.940737576000005e-05,
                "power": 3.68735058737137e-06,
                "delay": 0.0,
                "slew": 0.0,
                "congestion": 0.0,
                "drc_type": []
            },
            "wire": {
                "id1": 615435,
                "x1": 25680,
                "y1": 18240,
                "real_x1": 25680,
                "real_y1": 18345,
                "r1": 76,
                "c1": 107,
                "l1": 2,
                "p1": -1,
                "id2": 1190027,
                "x2": 25680,
                "y2": 18240,
                "real_x2": 25680,
                "real_y2": 18345,
                "r2": 76,
                "c2": 107,
                "l2": 4,
                "p2": -1,
                "via": 5
            },
            "path_num": 1,
            "paths": [
                {
                    "id1": 615435,
                    "x1": 25680,
                    "y1": 18240,
                    "real_x1": 25680,
                    "real_y1": 18345,
                    "r1": 76,
                    "c1": 107,
                    "l1": 2,
                    "p1": -1,
                    "id2": 1190027,
                    "x2": 25680,
                    "y2": 18240,
                    "real_x2": 25680,
                    "real_y2": 18345,
                    "r2": 76,
                    "c2": 107,
                    "l2": 4,
                    "p2": -1,
                    "via": 5
                }
            ],
            "patch_num": 1,
            "patchs": [
                125
            ]
        },
        {
            "id": 4469,
            "feature": {
                "wire_width": 0,
                "wire_len": 0,
                "wire_density": 0.0,
                "drc_num": 0,
                "R": 0.0,
                "C": 0.0,
                "power": 0.0,
                "delay": 0.0,
                "slew": 0.0,
                "congestion": 0.0,
                "drc_type": []
            },
            "wire": {
                "id1": 40843,
                "x1": 25680,
                "y1": 18240,
                "real_x1": 25680,
                "real_y1": 18345,
                "r1": 76,
                "c1": 107,
                "l1": 0,
                "p1": 1128,
                "id2": 615435,
                "x2": 25680,
                "y2": 18240,
                "real_x2": 25680,
                "real_y2": 18345,
                "r2": 76,
                "c2": 107,
                "l2": 2,
                "p2": -1,
                "via": 0
            },
            "path_num": 1,
            "paths": [
                {
                    "id1": 40843,
                    "x1": 25680,
                    "y1": 18240,
                    "real_x1": 25680,
                    "real_y1": 18345,
                    "r1": 76,
                    "c1": 107,
                    "l1": 0,
                    "p1": 1128,
                    "id2": 615435,
                    "x2": 25680,
                    "y2": 18240,
                    "real_x2": 25680,
                    "real_y2": 18345,
                    "r2": 76,
                    "c2": 107,
                    "l2": 2,
                    "p2": -1,
                    "via": 0
                }
            ],
            "patch_num": 1,
            "patchs": [
                125
            ]
        },
        {
            "id": 4470,
            "feature": {
                "wire_width": 140,
                "wire_len": 960,
                "wire_density": 8.098646660410618e-06,
                "drc_num": 0,
                "R": 0.857142857142857,
                "C": 4.6356008480000124e-05,
                "power": 1.9118205141794708e-06,
                "delay": 0.002361574937142857,
                "slew": 4.1277885970414374e-10,
                "congestion": -1.0,
                "drc_type": []
            },
            "wire": {
                "id1": 620255,
                "x1": 24720,
                "y1": 20400,
                "real_x1": 24720,
                "real_y1": 20570,
                "r1": 85,
                "c1": 103,
                "l1": 2,
                "p1": -1,
                "id2": 620259,
                "x2": 25680,
                "y2": 20400,
                "real_x2": 25680,
                "real_y2": 20570,
                "r2": 85,
                "c2": 107,
                "l2": 2,
                "p2": -1
            },
            "path_num": 1,
            "paths": [
                {
                    "id1": 620255,
                    "x1": 24720,
                    "y1": 20400,
                    "real_x1": 24720,
                    "real_y1": 20570,
                    "r1": 85,
                    "c1": 103,
                    "l1": 2,
                    "p1": -1,
                    "id2": 620259,
                    "x2": 25680,
                    "y2": 20400,
                    "real_x2": 25680,
                    "real_y2": 20570,
                    "r2": 85,
                    "c2": 107,
                    "l2": 2,
                    "p2": -1
                }
            ],
            "patch_num": 1,
            "patchs": [
                125
            ]
        },
        {
            "id": 4471,
            "feature": {
                "wire_width": 140,
                "wire_len": 2160,
                "wire_density": null,
                "drc_num": 0,
                "R": 1.9285714285714286,
                "C": 8.940737576000005e-05,
                "power": 3.68735058737137e-06,
                "delay": 0.005051714224680001,
                "slew": 3.7273707037543957e-10,
                "congestion": -3.0,
                "drc_type": []
            },
            "wire": {
                "id1": 1190027,
                "x1": 25680,
                "y1": 18240,
                "real_x1": 25680,
                "real_y1": 18345,
                "r1": 76,
                "c1": 107,
                "l1": 4,