{
    "id": 97,
    "name": "dpath/b_mux$out[8]",
    "feature": {
        "llx": 6720,
        "lly": 64800,
        "urx": 9840,
        "ury": 65520,
        "wire_len": 3840,
        "via_num": 2,
        "drc_num": 0,
        "drc_type": [],
        "R": 6.857142857142856,
        "C": 0.0028667717878400004,
        "power": 2.0009897373197224e-07,
        "delay": 0.009251608779154284,
        "slew": 0.0013583834957658428,
        "aspect_ratio": 4,
        "width": 3120,
        "height": 720,
        "area": 2246400,
        "volume": 2246400,
        "layer_ratio": [
            0.0,
            0.0,
            1.0,
            0.0,
            0.0,
            0.0,
            0.0,
            0.0,
            0.0,
            0.0,
            0.0
        ],
        "place_feature": {
            "pin_num": 2,
            "aspect_ratio": 35,
            "width": 2675,
            "height": 77,
            "area": 205975,
            "l_ness": 1.0,
            "hpwl": 2752,
            "rsmt": 2752
        }
    },
    "pin_num": 2,
    "pins": [
        {
            "id": 328,
            "i": "dpath/b_mux/_094_",
            "p": "X",
            "driver": 1
        },
        {
            "id": 329,
            "i": "dpath/b_reg/_109_",
            "p": "A",
            "driver": 0
        }
    ],
    "wire_num": 3,
    "wires": [
        {
            "id": 1349,
            "feature": {
                "wire_width": 0,
                "wire_len": 0,
                "wire_density": 0.0,
                "drc_num": 0,
                "R": 0.0,
                "C": 0.00016838589392000015,
                "power": 6.529575397365108e-06,
                "delay": 0.0,
                "slew": 0.0,
                "congestion": 0.0,
                "drc_type": []
            },
            "wire": {
                "id1": 144761,
                "x1": 9840,
                "y1": 64800,
                "real_x1": 9840,
                "real_y1": 64965,
                "r1": 270,
                "c1": 41,
                "l1": 0,
                "p1": 329,
                "id2": 719353,
                "x2": 9840,
                "y2": 64800,
                "real_x2": 9840,
                "real_y2": 64965,
                "r2": 270,
                "c2": 41,
                "l2": 2,
                "p2": -1,
                "via": 0
            },
            "path_num": 1,
            "paths": [
                {
                    "id1": 144761,
                    "x1": 9840,
                    "y1": 64800,
                    "real_x1": 9840,
                    "real_y1": 64965,
                    "r1": 270,
                    "c1": 41,
                    "l1": 0,
                    "p1": 329,
                    "id2": 719353,
                    "x2": 9840,
                    "y2": 64800,
                    "real_x2": 9840,
                    "real_y2": 64965,
                    "r2": 270,
                    "c2": 41,
                    "l2": 2,
                    "p2": -1,
                    "via": 0
                }
            ],
            "patch_num": 1,
            "patchs": [
                452
            ]
        },
        {
            "id": 1350,
            "feature": {
                "wire_width": 0,
                "wire_len": 0,
                "wire_density": 0.0,
                "drc_num": 0,
                "R": 0.0,
                "C": 0.0,
                "power": 0.0,
                "delay": 0.0,
                "slew": 0.0,
                "congestion": 0.0,
                "drc_type": []
            },
            "wire": {
                "id1": 146356,
                "x1": 6720,
                "y1": 65520,
                "real_x1": 6930,
                "real_y1": 65520,
                "r1": 273,
                "c1": 28,
                "l1": 0,
                "p1": 328,
                "id2": 720948,
                "x2": 6720,
                "y2": 65520,
                "real_x2": 6930,
                "real_y2": 65520,
                "r2": 273,
                "c2": 28,
                "l2": 2,
                "p2": -1,
                "via": 0
            },
            "path_num": 1,
            "paths": [
                {
                    "id1": 146356,
                    "x1": 6720,
                    "y1": 65520,
                    "real_x1": 6930,
                    "real_y1": 65520,
                    "r1": 273,
                    "c1": 28,
                    "l1": 0,
                    "p1": 328,
                    "id2": 720948,
                    "x2": 6720,
                    "y2": 65520,
                    "real_x2": 6930,
                    "real_y2": 65520,
                    "r2": 273,
                    "c2": 28,
                    "l2": 2,
                    "p2": -1,
                    "via": 0
                }
            ],
            "patch_num": 1,
            "patchs": [
                451
            ]
        },
        {
            "id": 1351,
            "feature": {
                "wire_width": 140,
                "wire_len": 3840,
                "wire_density": 3.239458664164247e-05,
                "drc_num": 0,
                "R": 3.428571428571428,
                "C": 0.00016838589392000015,
                "power": 6.529575397365095e-06,
                "delay": 0.009251608779154284,
                "slew": 1.3883128396896538e-09,
                "congestion": 1.5,
                "drc_type": []
            },
            "wire": {
                "id1": 719353,
                "x1": 9840,
                "y1": 64800,
                "real_x1": 9840,
                "real_y1": 64965,
                "r1": 270,
                "c1": 41,
                "l1": 2,
                "p1": -1,
                "id2": 720948,
                "x2": 6720,
                "y2": 65520,
                "real_x2": 6930,
                "real_y2": 65520,
                "r2": 273,
                "c2": 28,
                "l2": 2,
                "p2": -1
            },
            "path_num": 2,
            "paths": [
                {
                    "id1": 719353,
                    "x1": 9840,
                    "y1": 64800,
                    "real_x1": 9840,
                    "real_y1": 64965,
                    "r1": 270,
                    "c1": 41,
                    "l1": 2,
                    "p1": -1,
                    "id2": 720961,
                    "x2": 9840,
                    "y2": 65520,
                    "real_x2": 9840,
                    "real_y2": 65520,
                    "r2": 273,
                    "c2": 41,
                    "l2": 2,
                    "p2": -1
                },
                {
                    "id1": 720961,
                    "x1": 9840,
                    "y1": 65520,
                    "real_x1": 9840,
                    "real_y1": 65520,
                    "r1": 273,
                    "c1": 41,
                    "l1": 2,
                    "p1": -1,
                    "id2": 720948,
                    "x2": 6720,
                    "y2": 65520,
                    "real_x2": 6930,
                    "real_y2": 65520,
                    "r2": 273,
                    "c2": 28,
                    "l2": 2,
                    "p2": -1
                }
            ],
            "patch_num": 2,
            "patchs": [
                451,
                452
            ]
        }
    ],
    "routing_graph": {
        "vertices": [
            {
                "id": 0,
                "is_pin": 0,
                "is_driver_pin": 0,