{
    "id": 606,
    "name": "dpath/sub/_106_",
    "feature": {
        "llx": 30000,
        "lly": 121440,
        "urx": 33360,
        "ury": 122640,
        "wire_len": 4800,
        "via_num": 2,
        "drc_num": 0,
        "drc_type": [],
        "R": 8.571428571428571,
        "C": 0.0029481250448,
        "power": 2.6256658691672613e-07,
        "delay": 0.011738839381714286,
        "slew": 0.0019669208205844654,
        "aspect_ratio": 3,
        "width": 3360,
        "height": 1200,
        "area": 4032000,
        "volume": 4032000,
        "layer_ratio": [
            0.0,
            0.0,
            1.0,
            0.0,
            0.0,
            0.0,
            0.0,
            0.0,
            0.0,
            0.0,
            0.0
        ],
        "place_feature": {
            "pin_num": 2,
            "aspect_ratio": 90,
            "width": 2696,
            "height": 30,
            "area": 80880,
            "l_ness": 1.0,
            "hpwl": 2726,
            "rsmt": 2726
        }
    },
    "pin_num": 2,
    "pins": [
        {
            "id": 1593,
            "i": "dpath/sub/_180_",
            "p": "X",
            "driver": 1
        },
        {
            "id": 1594,
            "i": "dpath/sub/_242_",
            "p": "A",
            "driver": 0
        }
    ],
    "wire_num": 3,
    "wires": [
        {
            "id": 6196,
            "feature": {
                "wire_width": 0,
                "wire_len": 0,
                "wire_density": 0.0,
                "drc_num": 0,
                "R": 0.0,
                "C": 0.0,
                "power": 0.0,
                "delay": 0.0,
                "slew": 0.0,
                "congestion": 0.0,
                "drc_type": []
            },
            "wire": {
                "id1": 274022,
                "x1": 30240,
                "y1": 122640,
                "real_x1": 30425,
                "real_y1": 122655,
                "r1": 511,
                "c1": 126,
                "l1": 0,
                "p1": 1593,
                "id2": 848614,
                "x2": 30240,
                "y2": 122640,
                "real_x2": 30425,
                "real_y2": 122655,
                "r2": 511,
                "c2": 126,
                "l2": 2,
                "p2": -1,
                "via": 0
            },
            "path_num": 1,
            "paths": [
                {
                    "id1": 274022,
                    "x1": 30240,
                    "y1": 122640,
                    "real_x1": 30425,
                    "real_y1": 122655,
                    "r1": 511,
                    "c1": 126,
                    "l1": 0,
                    "p1": 1593,
                    "id2": 848614,
                    "x2": 30240,
                    "y2": 122640,
                    "real_x2": 30425,
                    "real_y2": 122655,
                    "r2": 511,
                    "c2": 126,
                    "l2": 2,
                    "p2": -1,
                    "via": 0
                }
            ],
            "patch_num": 1,
            "patchs": [
                847
            ]
        },
        {
            "id": 6197,
            "feature": {
                "wire_width": 0,
                "wire_len": 0,
                "wire_density": 0.0,
                "drc_num": 0,
                "R": 0.0,
                "C": 0.00020906252239999987,
                "power": 1.0344207876873262e-05,
                "delay": 0.0,
                "slew": 0.0,
                "congestion": 0.0,
                "drc_type": []
            },
            "wire": {
                "id1": 271355,
                "x1": 33360,
                "y1": 121440,
                "real_x1": 33360,
                "real_y1": 121675,
                "r1": 506,
                "c1": 139,
                "l1": 0,
                "p1": 1594,
                "id2": 845947,
                "x2": 33360,
                "y2": 121440,
                "real_x2": 33360,
                "real_y2": 121675,
                "r2": 506,
                "c2": 139,
                "l2": 2,
                "p2": -1,
                "via": 0
            },
            "path_num": 1,
            "paths": [
                {
                    "id1": 271355,
                    "x1": 33360,
                    "y1": 121440,
                    "real_x1": 33360,
                    "real_y1": 121675,
                    "r1": 506,
                    "c1": 139,
                    "l1": 0,
                    "p1": 1594,
                    "id2": 845947,
                    "x2": 33360,
                    "y2": 121440,
                    "real_x2": 33360,
                    "real_y2": 121675,
                    "r2": 506,
                    "c2": 139,
                    "l2": 2,
                    "p2": -1,
                    "via": 0
                }
            ],
            "patch_num": 1,
            "patchs": [
                847
            ]
        },
        {
            "id": 6198,
            "feature": {
                "wire_width": 140,
                "wire_len": 4800,
                "wire_density": 4.0493233302053085e-05,
                "drc_num": 0,
                "R": 4.285714285714286,
                "C": 0.00020906252239999987,
                "power": 1.0344207876873289e-05,
                "delay": 0.011738839381714286,
                "slew": 2.0237376774367988e-09,
                "congestion": 21.5,
                "drc_type": []
            },
            "wire": {
                "id1": 848614,
                "x1": 30240,
                "y1": 122640,
                "real_x1": 30425,
                "real_y1": 122655,
                "r1": 511,
                "c1": 126,
                "l1": 2,
                "p1": -1,
                "id2": 845947,
                "x2": 33360,
                "y2": 121440,
                "real_x2": 33360,
                "real_y2": 121675,
                "r2": 506,
                "c2": 139,
                "l2": 2,
                "p2": -1
            },
            "path_num": 7,
            "paths": [
                {
                    "id1": 848614,
                    "x1": 30240,
                    "y1": 122640,
                    "real_x1": 30425,
                    "real_y1": 122655,
                    "r1": 511,
                    "c1": 126,
                    "l1": 2,
                    "p1": -1,
                    "id2": 848613,
                    "x2": 30000,
                    "y2": 122640,
                    "real_x2": 30000,
                    "real_y2": 122655,
                    "r2": 511,
                    "c2": 125,
                    "l2": 2,
                    "p2": -1
                },
                {
                    "id1": 848613,
                    "x1": 30000,
                    "y1": 122640,
                    "real_x1": 30000,
                    "real_y1": 122655,
                    "r1": 511,
                    "c1": 125,
                    "l1": 2,
                    "p1": -1,
                    "id2": 847541,
                    "x2": 30000,
                    "y2": 122160,
                    "real_x2": 30000,
                    "real_y2": 122160,
                    "r2": 509,
                    "c2": 125,
                    "l2": 2,
                    "p2": -1
                },
                {
                    "id1": 847541,
                    "x1": 30000,
                    "y1": 122160,
                    "real_x1": 30000,
                    "real_y1": 122160,
                    "r1": 509,