{
    "id": 605,
    "name": "dpath/sub/_105_",
    "feature": {
        "llx": 63120,
        "lly": 4800,
        "urx": 66960,
        "ury": 5520,
        "wire_len": 4560,
        "via_num": 2,
        "drc_num": 0,
        "drc_type": [],
        "R": 8.14285714285714,
        "C": 0.0029277867305600004,
        "power": 1.42290435105216e-07,
        "delay": 0.011110494415782855,
        "slew": 0.0006530376902485341,
        "aspect_ratio": 5,
        "width": 3840,
        "height": 720,
        "area": 2764800,
        "volume": 2764800,
        "layer_ratio": [
            0.0,
            0.0,
            1.0,
            0.0,
            0.0,
            0.0,
            0.0,
            0.0,
            0.0,
            0.0,
            0.0
        ],
        "place_feature": {
            "pin_num": 2,
            "aspect_ratio": 19,
            "width": 3958,
            "height": 204,
            "area": 807432,
            "l_ness": 1.0,
            "hpwl": 4162,
            "rsmt": 4162
        }
    },
    "pin_num": 2,
    "pins": [
        {
            "id": 1591,
            "i": "dpath/sub/_121_",
            "p": "X",
            "driver": 1
        },
        {
            "id": 1592,
            "i": "dpath/sub/_212_",
            "p": "A",
            "driver": 0
        }
    ],
    "wire_num": 3,
    "wires": [
        {
            "id": 6193,
            "feature": {
                "wire_width": 0,
                "wire_len": 0,
                "wire_density": 0.0,
                "drc_num": 0,
                "R": 0.0,
                "C": 0.00019889336528000016,
                "power": 5.370120862560002e-06,
                "delay": 0.0,
                "slew": 0.0,
                "congestion": 0.0,
                "drc_type": []
            },
            "wire": {
                "id1": 10999,
                "x1": 66960,
                "y1": 4800,
                "real_x1": 66960,
                "real_y1": 5025,
                "r1": 20,
                "c1": 279,
                "l1": 0,
                "p1": 1592,
                "id2": 585591,
                "x2": 66960,
                "y2": 4800,
                "real_x2": 66960,
                "real_y2": 5025,
                "r2": 20,
                "c2": 279,
                "l2": 2,
                "p2": -1,
                "via": 0
            },
            "path_num": 1,
            "paths": [
                {
                    "id1": 10999,
                    "x1": 66960,
                    "y1": 4800,
                    "real_x1": 66960,
                    "real_y1": 5025,
                    "r1": 20,
                    "c1": 279,
                    "l1": 0,
                    "p1": 1592,
                    "id2": 585591,
                    "x2": 66960,
                    "y2": 4800,
                    "real_x2": 66960,
                    "real_y2": 5025,
                    "r2": 20,
                    "c2": 279,
                    "l2": 2,
                    "p2": -1,
                    "via": 0
                }
            ],
            "patch_num": 1,
            "patchs": [
                45
            ]
        },
        {
            "id": 6194,
            "feature": {
                "wire_width": 0,
                "wire_len": 0,
                "wire_density": 0.0,
                "drc_num": 0,
                "R": 0.0,
                "C": 0.0,
                "power": 0.0,
                "delay": 0.0,
                "slew": 0.0,
                "congestion": 0.0,
                "drc_type": []
            },
            "wire": {
                "id1": 12591,
                "x1": 63120,
                "y1": 5520,
                "real_x1": 63190,
                "real_y1": 5520,
                "r1": 23,
                "c1": 263,
                "l1": 0,
                "p1": 1591,
                "id2": 587183,
                "x2": 63120,
                "y2": 5520,
                "real_x2": 63190,
                "real_y2": 5520,
                "r2": 23,
                "c2": 263,
                "l2": 2,
                "p2": -1,
                "via": 0
            },
            "path_num": 1,
            "paths": [
                {
                    "id1": 12591,
                    "x1": 63120,
                    "y1": 5520,
                    "real_x1": 63190,
                    "real_y1": 5520,
                    "r1": 23,
                    "c1": 263,
                    "l1": 0,
                    "p1": 1591,
                    "id2": 587183,
                    "x2": 63120,
                    "y2": 5520,
                    "real_x2": 63190,
                    "real_y2": 5520,
                    "r2": 23,
                    "c2": 263,
                    "l2": 2,
                    "p2": -1,
                    "via": 0
                }
            ],
            "patch_num": 1,
            "patchs": [
                44
            ]
        },
        {
            "id": 6195,
            "feature": {
                "wire_width": 140,
                "wire_len": 4560,
                "wire_density": 3.846857163695043e-05,
                "drc_num": 0,
                "R": 4.07142857142857,
                "C": 0.00019889336528000016,
                "power": 5.370120862560002e-06,
                "delay": 0.011110494415782855,
                "slew": 6.553015491350678e-10,
                "congestion": 1.5,
                "drc_type": []
            },
            "wire": {
                "id1": 585591,
                "x1": 66960,
                "y1": 4800,
                "real_x1": 66960,
                "real_y1": 5025,
                "r1": 20,
                "c1": 279,
                "l1": 2,
                "p1": -1,
                "id2": 587183,
                "x2": 63120,
                "y2": 5520,
                "real_x2": 63190,
                "real_y2": 5520,
                "r2": 23,
                "c2": 263,
                "l2": 2,
                "p2": -1
            },
            "path_num": 2,
            "paths": [
                {
                    "id1": 585591,
                    "x1": 66960,
                    "y1": 4800,
                    "real_x1": 66960,
                    "real_y1": 5025,
                    "r1": 20,
                    "c1": 279,
                    "l1": 2,
                    "p1": -1,
                    "id2": 587199,
                    "x2": 66960,
                    "y2": 5520,
                    "real_x2": 66960,
                    "real_y2": 5520,
                    "r2": 23,
                    "c2": 279,
                    "l2": 2,
                    "p2": -1
                },
                {
                    "id1": 587199,
                    "x1": 66960,
                    "y1": 5520,
                    "real_x1": 66960,
                    "real_y1": 5520,
                    "r1": 23,
                    "c1": 279,
                    "l1": 2,
                    "p1": -1,
                    "id2": 587183,
                    "x2": 63120,
                    "y2": 5520,
                    "real_x2": 63190,
                    "real_y2": 5520,
                    "r2": 23,
                    "c2": 263,
                    "l2": 2,
                    "p2": -1
                }
            ],
            "patch_num": 2,
            "patchs": [
                44,
                45
            ]
        }
    ],
    "routing_graph": {
        "vertices": [
            {
                "id": 0,
                "is_pin": 1,
                "is_driver_pin": 0,
                "x": 66960,