{
    "id": 165,
    "name": "dpath/a_lt_b/_066_",
    "feature": {
        "llx": 69120,
        "lly": 91200,
        "urx": 71040,
        "ury": 95040,
        "wire_len": 5760,
        "via_num": 4,
        "drc_num": 0,
        "drc_type": [],
        "R": 10.285714285714285,
        "C": 0.005915379827360001,
        "power": 1.91658306406464e-07,
        "delay": 0.029141983734325715,
        "slew": 0.013371895842302667,
        "aspect_ratio": 2,
        "width": 1920,
        "height": 3840,
        "area": 7372800,
        "volume": 14745600,
        "layer_ratio": [
            0.0,
            0.0,
            0.3799999952316284,
            0.0,
            0.6299999952316284,
            0.0,
            0.0,
            0.0,
            0.0,
            0.0,
            0.0
        ],
        "place_feature": {
            "pin_num": 2,
            "aspect_ratio": 3,
            "width": 1372,
            "height": 3824,
            "area": 5246528,
            "l_ness": 1.0,
            "hpwl": 5196,
            "rsmt": 5196
        }
    },
    "pin_num": 2,
    "pins": [
        {
            "id": 506,
            "i": "dpath/a_lt_b/_124_",
            "p": "X",
            "driver": 1
        },
        {
            "id": 507,
            "i": "dpath/a_lt_b/_125_",
            "p": "C",
            "driver": 0
        }
    ],
    "wire_num": 6,
    "wires": [
        {
            "id": 1993,
            "feature": {
                "wire_width": 0,
                "wire_len": 0,
                "wire_density": 0.0,
                "drc_num": 0,
                "R": 0.0,
                "C": 0.0,
                "power": 0.0,
                "delay": 0.0,
                "slew": 0.0,
                "congestion": 0.0,
                "drc_type": []
            },
            "wire": {
                "id1": 203976,
                "x1": 71040,
                "y1": 91200,
                "real_x1": 71250,
                "real_y1": 91375,
                "r1": 380,
                "c1": 296,
                "l1": 0,
                "p1": 507,
                "id2": 778568,
                "x2": 71040,
                "y2": 91200,
                "real_x2": 71250,
                "real_y2": 91375,
                "r2": 380,
                "c2": 296,
                "l2": 2,
                "p2": -1,
                "via": 0
            },
            "path_num": 1,
            "paths": [
                {
                    "id1": 203976,
                    "x1": 71040,
                    "y1": 91200,
                    "real_x1": 71250,
                    "real_y1": 91375,
                    "r1": 380,
                    "c1": 296,
                    "l1": 0,
                    "p1": 507,
                    "id2": 778568,
                    "x2": 71040,
                    "y2": 91200,
                    "real_x2": 71250,
                    "real_y2": 91375,
                    "r2": 380,
                    "c2": 296,
                    "l2": 2,
                    "p2": -1,
                    "via": 0
                }
            ],
            "patch_num": 1,
            "patchs": [
                646
            ]
        },
        {
            "id": 1994,
            "feature": {
                "wire_width": 0,
                "wire_len": 0,
                "wire_density": 0.0,
                "drc_num": 0,
                "R": 0.0,
                "C": 9.720179408000042e-05,
                "power": 1.7496322934400043e-06,
                "delay": 0.0,
                "slew": 0.0,
                "congestion": 0.0,
                "drc_type": []
            },
            "wire": {
                "id1": 786608,
                "x1": 71040,
                "y1": 94800,
                "real_x1": 71040,
                "real_y1": 94800,
                "r1": 395,
                "c1": 296,
                "l1": 2,
                "p1": -1,
                "id2": 1361200,
                "x2": 71040,
                "y2": 94800,
                "real_x2": 71040,
                "real_y2": 94800,
                "r2": 395,
                "c2": 296,
                "l2": 4,
                "p2": -1,
                "via": 5
            },
            "path_num": 1,
            "paths": [
                {
                    "id1": 786608,
                    "x1": 71040,
                    "y1": 94800,
                    "real_x1": 71040,
                    "real_y1": 94800,
                    "r1": 395,
                    "c1": 296,
                    "l1": 2,
                    "p1": -1,
                    "id2": 1361200,
                    "x2": 71040,
                    "y2": 94800,
                    "real_x2": 71040,
                    "real_y2": 94800,
                    "r2": 395,
                    "c2": 296,
                    "l2": 4,
                    "p2": -1,
                    "via": 5
                }
            ],
            "patch_num": 1,
            "patchs": [
                646
            ]
        },
        {
            "id": 1995,
            "feature": {
                "wire_width": 0,
                "wire_len": 0,
                "wire_density": 0.0,
                "drc_num": 0,
                "R": 0.0,
                "C": 0.00014548811960000008,
                "power": 2.618786152799998e-06,
                "delay": 0.0,
                "slew": 0.0,
                "congestion": 0.0,
                "drc_type": []
            },
            "wire": {
                "id1": 778568,
                "x1": 71040,
                "y1": 91200,
                "real_x1": 71250,
                "real_y1": 91375,
                "r1": 380,
                "c1": 296,
                "l1": 2,
                "p1": -1,
                "id2": 1353160,
                "x2": 71040,
                "y2": 91200,
                "real_x2": 71040,
                "real_y2": 91375,
                "r2": 380,
                "c2": 296,
                "l2": 4,
                "p2": -1,
                "via": 5
            },
            "path_num": 1,
            "paths": [
                {
                    "id1": 778568,
                    "x1": 71040,
                    "y1": 91200,
                    "real_x1": 71250,
                    "real_y1": 91375,
                    "r1": 380,
                    "c1": 296,
                    "l1": 2,
                    "p1": -1,
                    "id2": 1353160,
                    "x2": 71040,
                    "y2": 91200,
                    "real_x2": 71040,
                    "real_y2": 91375,
                    "r2": 380,
                    "c2": 296,
                    "l2": 4,
                    "p2": -1,
                    "via": 5
                }
            ],
            "patch_num": 1,
            "patchs": [
                646
            ]
        },
        {
            "id": 1996,
            "feature": {
                "wire_width": 0,
                "wire_len": 0,
                "wire_density": 0.0,
                "drc_num": 0,
                "R": 0.0,
                "C": 0.0,
                "power": 0.0,
                "delay": 0.0,
                "slew": 0.0,
                "congestion": 0.0,
                "drc_type": []
            },
            "wire": {
                "id1": 212544,
                "x1": 69120,
                "y1": 95040,
                "real_x1": 69330,
                "real_y1": 95245,
                "r1": 396,
                "c1": 288,
                "l1": 0,
                "p1": 506,
                "id2": 787136,
                "x2": 69120,