{
    "id": 366,
    "name": "dpath/b_mux/_007_",
    "feature": {
        "llx": 13200,
        "lly": 15120,
        "urx": 18720,
        "ury": 18960,
        "wire_len": 9360,
        "via_num": 4,
        "drc_num": 0,
        "drc_type": [],
        "R": 16.71428571428571,
        "C": 0.0038601685679999997,
        "power": 2.408249713433182e-07,
        "delay": 0.02892252556796571,
        "slew": 0.009041663868886385,
        "aspect_ratio": 1,
        "width": 5520,
        "height": 3840,
        "area": 21196800,
        "volume": 42393600,
        "layer_ratio": [
            0.0,
            0.0,
            0.5899999737739563,
            0.0,
            0.4099999964237213,
            0.0,
            0.0,
            0.0,
            0.0,
            0.0,
            0.0
        ],
        "place_feature": {
            "pin_num": 2,
            "aspect_ratio": 2,
            "width": 5842,
            "height": 2903,
            "area": 16959326,
            "l_ness": 1.0,
            "hpwl": 8745,
            "rsmt": 8745
        }
    },
    "pin_num": 2,
    "pins": [
        {
            "id": 980,
            "i": "dpath/b_mux/_071_",
            "p": "X",
            "driver": 1
        },
        {
            "id": 981,
            "i": "dpath/b_mux/_052_",
            "p": "A0",
            "driver": 0
        }
    ],
    "wire_num": 7,
    "wires": [
        {
            "id": 3949,
            "feature": {
                "wire_width": 0,
                "wire_len": 0,
                "wire_density": 0.0,
                "drc_num": 0,
                "R": 0.0,
                "C": 0.00018872420816,
                "power": 6.5410934524537194e-06,
                "delay": 0.0,
                "slew": 0.0,
                "congestion": 0.0,
                "drc_type": []
            },
            "wire": {
                "id1": 33823,
                "x1": 13200,
                "y1": 15120,
                "real_x1": 13200,
                "real_y1": 15185,
                "r1": 63,
                "c1": 55,
                "l1": 0,
                "p1": 981,
                "id2": 608415,
                "x2": 13200,
                "y2": 15120,
                "real_x2": 13200,
                "real_y2": 15185,
                "r2": 63,
                "c2": 55,
                "l2": 2,
                "p2": -1,
                "via": 0
            },
            "path_num": 1,
            "paths": [
                {
                    "id1": 33823,
                    "x1": 13200,
                    "y1": 15120,
                    "real_x1": 13200,
                    "real_y1": 15185,
                    "r1": 63,
                    "c1": 55,
                    "l1": 0,
                    "p1": 981,
                    "id2": 608415,
                    "x2": 13200,
                    "y2": 15120,
                    "real_x2": 13200,
                    "real_y2": 15185,
                    "r2": 63,
                    "c2": 55,
                    "l2": 2,
                    "p2": -1,
                    "via": 0
                }
            ],
            "patch_num": 1,
            "patchs": [
                93
            ]
        },
        {
            "id": 3950,
            "feature": {
                "wire_width": 0,
                "wire_len": 0,
                "wire_density": 0.0,
                "drc_num": 0,
                "R": 0.0,
                "C": 0.0,
                "power": 0.0,
                "delay": 0.0,
                "slew": 0.0,
                "congestion": 0.0,
                "drc_type": []
            },
            "wire": {
                "id1": 42422,
                "x1": 18720,
                "y1": 18960,
                "real_x1": 18930,
                "real_y1": 18960,
                "r1": 79,
                "c1": 78,
                "l1": 0,
                "p1": 980,
                "id2": 617014,
                "x2": 18720,
                "y2": 18960,
                "real_x2": 18930,
                "real_y2": 18960,
                "r2": 79,
                "c2": 78,
                "l2": 2,
                "p2": -1,
                "via": 0
            },
            "path_num": 1,
            "paths": [
                {
                    "id1": 42422,
                    "x1": 18720,
                    "y1": 18960,
                    "real_x1": 18930,
                    "real_y1": 18960,
                    "r1": 79,
                    "c1": 78,
                    "l1": 0,
                    "p1": 980,
                    "id2": 617014,
                    "x2": 18720,
                    "y2": 18960,
                    "real_x2": 18930,
                    "real_y2": 18960,
                    "r2": 79,
                    "c2": 78,
                    "l2": 2,
                    "p2": -1,
                    "via": 0
                }
            ],
            "patch_num": 1,
            "patchs": [
                124
            ]
        },
        {
            "id": 3951,
            "feature": {
                "wire_width": 140,
                "wire_len": 4320,
                "wire_density": 3.644390997184778e-05,
                "drc_num": 0,
                "R": 3.8571428571428568,
                "C": 0.00018872420816,
                "power": 6.541093452453733e-06,
                "delay": 0.012530793374331429,
                "slew": 2.0144811305189414e-09,
                "congestion": 1.3333333333333333,
                "drc_type": []
            },
            "wire": {
                "id1": 608415,
                "x1": 13200,
                "y1": 15120,
                "real_x1": 13200,
                "real_y1": 15185,
                "r1": 63,
                "c1": 55,
                "l1": 2,
                "p1": -1,
                "id2": 608433,
                "x2": 17520,
                "y2": 15120,
                "real_x2": 17520,
                "real_y2": 15185,
                "r2": 63,
                "c2": 73,
                "l2": 2,
                "p2": -1
            },
            "path_num": 1,
            "paths": [
                {
                    "id1": 608415,
                    "x1": 13200,
                    "y1": 15120,
                    "real_x1": 13200,
                    "real_y1": 15185,
                    "r1": 63,
                    "c1": 55,
                    "l1": 2,
                    "p1": -1,
                    "id2": 608433,
                    "x2": 17520,
                    "y2": 15120,
                    "real_x2": 17520,
                    "real_y2": 15185,
                    "r2": 63,
                    "c2": 73,
                    "l2": 2,
                    "p2": -1
                }
            ],
            "patch_num": 2,
            "patchs": [
                93,
                94
            ]
        },
        {
            "id": 3952,
            "feature": {
                "wire_width": 0,
                "wire_len": 0,
                "wire_density": 0.0,
                "drc_num": 0,
                "R": 0.0,
                "C": 0.0001548349102400001,
                "power": 5.366506117347091e-06,
                "delay": 0.0,
                "slew": 0.0,
                "congestion": 0.0,
                "drc_type": []
            },
            "wire": {
                "id1": 608433,
                "x1": 17520,
                "y1": 15120,
                "real_x1": 17520,
                "real_y1": 15185,
                "r1": 63,
                "c1": 73,
                "l1": 2,
                "p1": -1,