{
    "id": 554,
    "name": "dpath/sub/_054_",
    "feature": {
        "llx": 78240,
        "lly": 116880,
        "urx": 81120,
        "ury": 118080,
        "wire_len": 4080,
        "via_num": 2,
        "drc_num": 0,
        "drc_type": [],
        "R": 7.285714285714286,
        "C": 0.0050471101020799995,
        "power": 3.059219102176614e-07,
        "delay": 0.017735450543074283,
        "slew": 0.003130362369556834,
        "aspect_ratio": 2,
        "width": 2880,
        "height": 1200,
        "area": 3456000,
        "volume": 3456000,
        "layer_ratio": [
            0.0,
            0.0,
            1.0,
            0.0,
            0.0,
            0.0,
            0.0,
            0.0,
            0.0,
            0.0,
            0.0
        ],
        "place_feature": {
            "pin_num": 2,
            "aspect_ratio": 6,
            "width": 3676,
            "height": 594,
            "area": 2183544,
            "l_ness": 1.0,
            "hpwl": 4270,
            "rsmt": 4270
        }
    },
    "pin_num": 2,
    "pins": [
        {
            "id": 1441,
            "i": "dpath/sub/_198_",
            "p": "Y",
            "driver": 1
        },
        {
            "id": 1442,
            "i": "dpath/sub/_199_",
            "p": "B",
            "driver": 0
        }
    ],
    "wire_num": 3,
    "wires": [
        {
            "id": 5627,
            "feature": {
                "wire_width": 0,
                "wire_len": 0,
                "wire_density": 0.0,
                "drc_num": 0,
                "R": 0.0,
                "C": 0.0,
                "power": 0.0,
                "delay": 0.0,
                "slew": 0.0,
                "congestion": 0.0,
                "drc_type": []
            },
            "wire": {
                "id1": 261358,
                "x1": 78240,
                "y1": 116880,
                "real_x1": 78475,
                "real_y1": 117065,
                "r1": 487,
                "c1": 326,
                "l1": 0,
                "p1": 1441,
                "id2": 835950,
                "x2": 78240,
                "y2": 116880,
                "real_x2": 78475,
                "real_y2": 117065,
                "r2": 487,
                "c2": 326,
                "l2": 2,
                "p2": -1,
                "via": 0
            },
            "path_num": 1,
            "paths": [
                {
                    "id1": 261358,
                    "x1": 78240,
                    "y1": 116880,
                    "real_x1": 78475,
                    "real_y1": 117065,
                    "r1": 487,
                    "c1": 326,
                    "l1": 0,
                    "p1": 1441,
                    "id2": 835950,
                    "x2": 78240,
                    "y2": 116880,
                    "real_x2": 78475,
                    "real_y2": 117065,
                    "r2": 487,
                    "c2": 326,
                    "l2": 2,
                    "p2": -1,
                    "via": 0
                }
            ],
            "patch_num": 1,
            "patchs": [
                828
            ]
        },
        {
            "id": 5628,
            "feature": {
                "wire_width": 0,
                "wire_len": 0,
                "wire_density": 0.0,
                "drc_num": 0,
                "R": 0.0,
                "C": 0.00017855505103999986,
                "power": 6.012670968399801e-06,
                "delay": 0.0,
                "slew": 0.0,
                "congestion": 0.0,
                "drc_type": []
            },
            "wire": {
                "id1": 264050,
                "x1": 81120,
                "y1": 118080,
                "real_x1": 81190,
                "real_y1": 118245,
                "r1": 492,
                "c1": 338,
                "l1": 0,
                "p1": 1442,
                "id2": 838642,
                "x2": 81120,
                "y2": 118080,
                "real_x2": 81190,
                "real_y2": 118245,
                "r2": 492,
                "c2": 338,
                "l2": 2,
                "p2": -1,
                "via": 0
            },
            "path_num": 1,
            "paths": [
                {
                    "id1": 264050,
                    "x1": 81120,
                    "y1": 118080,
                    "real_x1": 81190,
                    "real_y1": 118245,
                    "r1": 492,
                    "c1": 338,
                    "l1": 0,
                    "p1": 1442,
                    "id2": 838642,
                    "x2": 81120,
                    "y2": 118080,
                    "real_x2": 81190,
                    "real_y2": 118245,
                    "r2": 492,
                    "c2": 338,
                    "l2": 2,
                    "p2": -1,
                    "via": 0
                }
            ],
            "patch_num": 1,
            "patchs": [
                828
            ]
        },
        {
            "id": 5629,
            "feature": {
                "wire_width": 140,
                "wire_len": 4080,
                "wire_density": 3.4419248306745123e-05,
                "drc_num": 0,
                "R": 3.642857142857143,
                "C": 0.00017855505103999986,
                "power": 6.012670968399801e-06,
                "delay": 0.017735450543074283,
                "slew": 3.2310193479045957e-09,
                "congestion": -4.0,
                "drc_type": []
            },
            "wire": {
                "id1": 835950,
                "x1": 78240,
                "y1": 116880,
                "real_x1": 78475,
                "real_y1": 117065,
                "r1": 487,
                "c1": 326,
                "l1": 2,
                "p1": -1,
                "id2": 838642,
                "x2": 81120,
                "y2": 118080,
                "real_x2": 81190,
                "real_y2": 118245,
                "r2": 492,
                "c2": 338,
                "l2": 2,
                "p2": -1
            },
            "path_num": 4,
            "paths": [
                {
                    "id1": 835950,
                    "x1": 78240,
                    "y1": 116880,
                    "real_x1": 78475,
                    "real_y1": 117065,
                    "r1": 487,
                    "c1": 326,
                    "l1": 2,
                    "p1": -1,
                    "id2": 835959,
                    "x2": 80400,
                    "y2": 116880,
                    "real_x2": 80400,
                    "real_y2": 117065,
                    "r2": 487,
                    "c2": 335,
                    "l2": 2,
                    "p2": -1
                },
                {
                    "id1": 835959,
                    "x1": 80400,
                    "y1": 116880,
                    "real_x1": 80400,
                    "real_y1": 117065,
                    "r1": 487,
                    "c1": 335,
                    "l1": 2,
                    "p1": -1,
                    "id2": 837567,
                    "x2": 80400,
                    "y2": 117600,
                    "real_x2": 80400,
                    "real_y2": 117815,
                    "r2": 490,
                    "c2": 335,
                    "l2": 2,
                    "p2": -1
                },
                {
                    "id1": 837567,
                    "x1": 80400,
                    "y1": 117600,
                    "real_x1": 80400,
                    "real_y1": 117815,
                    "r1": 490,