{
    "id": 383,
    "name": "dpath/b_mux/_024_",
    "feature": {
        "llx": 2400,
        "lly": 21840,
        "urx": 4080,
        "ury": 27840,
        "wire_len": 7680,
        "via_num": 4,
        "drc_num": 0,
        "drc_type": [],
        "R": 13.714285714285714,
        "C": 0.0033416390116800007,
        "power": 1.0826910397843202e-07,
        "delay": 0.020695142008474287,
        "slew": 0.02033029692999714,
        "aspect_ratio": 4,
        "width": 1680,
        "height": 6000,
        "area": 10080000,
        "volume": 20160000,
        "layer_ratio": [
            0.0,
            0.0,
            0.2199999988079071,
            0.0,
            0.7799999713897705,
            0.0,
            0.0,
            0.0,
            0.0,
            0.0,
            0.0
        ],
        "place_feature": {
            "pin_num": 2,
            "aspect_ratio": 8,
            "width": 769,
            "height": 6283,
            "area": 4831627,
            "l_ness": 1.0,
            "hpwl": 7052,
            "rsmt": 7052
        }
    },
    "pin_num": 2,
    "pins": [
        {
            "id": 1014,
            "i": "dpath/b_mux/_075_",
            "p": "X",
            "driver": 1
        },
        {
            "id": 1015,
            "i": "dpath/b_mux/_053_",
            "p": "A1",
            "driver": 0
        }
    ],
    "wire_num": 6,
    "wires": [
        {
            "id": 4101,
            "feature": {
                "wire_width": 0,
                "wire_len": 0,
                "wire_density": 0.0,
                "drc_num": 0,
                "R": 0.0,
                "C": 7.686347984000013e-05,
                "power": 1.3835426371200016e-06,
                "delay": 0.0,
                "slew": 0.0,
                "congestion": 0.0,
                "drc_type": []
            },
            "wire": {
                "id1": 636785,
                "x1": 4080,
                "y1": 27840,
                "real_x1": 4080,
                "real_y1": 28065,
                "r1": 116,
                "c1": 17,
                "l1": 2,
                "p1": -1,
                "id2": 1211377,
                "x2": 4080,
                "y2": 27840,
                "real_x2": 4080,
                "real_y2": 28065,
                "r2": 116,
                "c2": 17,
                "l2": 4,
                "p2": -1,
                "via": 5
            },
            "path_num": 1,
            "paths": [
                {
                    "id1": 636785,
                    "x1": 4080,
                    "y1": 27840,
                    "real_x1": 4080,
                    "real_y1": 28065,
                    "r1": 116,
                    "c1": 17,
                    "l1": 2,
                    "p1": -1,
                    "id2": 1211377,
                    "x2": 4080,
                    "y2": 27840,
                    "real_x2": 4080,
                    "real_y2": 28065,
                    "r2": 116,
                    "c2": 17,
                    "l2": 4,
                    "p2": -1,
                    "via": 5
                }
            ],
            "patch_num": 1,
            "patchs": [
                180
            ]
        },
        {
            "id": 4102,
            "feature": {
                "wire_width": 0,
                "wire_len": 0,
                "wire_density": 0.0,
                "drc_num": 0,
                "R": 0.0,
                "C": 0.0,
                "power": 0.0,
                "delay": 0.0,
                "slew": 0.0,
                "congestion": 0.0,
                "drc_type": []
            },
            "wire": {
                "id1": 62186,
                "x1": 2400,
                "y1": 27840,
                "real_x1": 2610,
                "real_y1": 28065,
                "r1": 116,
                "c1": 10,
                "l1": 0,
                "p1": 1014,
                "id2": 636778,
                "x2": 2400,
                "y2": 27840,
                "real_x2": 2610,
                "real_y2": 28065,
                "r2": 116,
                "c2": 10,
                "l2": 2,
                "p2": -1,
                "via": 0
            },
            "path_num": 1,
            "paths": [
                {
                    "id1": 62186,
                    "x1": 2400,
                    "y1": 27840,
                    "real_x1": 2610,
                    "real_y1": 28065,
                    "r1": 116,
                    "c1": 10,
                    "l1": 0,
                    "p1": 1014,
                    "id2": 636778,
                    "x2": 2400,
                    "y2": 27840,
                    "real_x2": 2610,
                    "real_y2": 28065,
                    "r2": 116,
                    "c2": 10,
                    "l2": 2,
                    "p2": -1,
                    "via": 0
                }
            ],
            "patch_num": 1,
            "patchs": [
                180
            ]
        },
        {
            "id": 4104,
            "feature": {
                "wire_width": 0,
                "wire_len": 0,
                "wire_density": 0.0,
                "drc_num": 0,
                "R": 0.0,
                "C": 0.0,
                "power": 0.0,
                "delay": 0.0,
                "slew": 0.0,
                "congestion": 0.0,
                "drc_type": []
            },
            "wire": {
                "id1": 48793,
                "x1": 4080,
                "y1": 21840,
                "real_x1": 4140,
                "real_y1": 21845,
                "r1": 91,
                "c1": 17,
                "l1": 0,
                "p1": 1015,
                "id2": 623385,
                "x2": 4080,
                "y2": 21840,
                "real_x2": 4080,
                "real_y2": 21845,
                "r2": 91,
                "c2": 17,
                "l2": 2,
                "p2": -1,
                "via": 0
            },
            "path_num": 1,
            "paths": [
                {
                    "id1": 48793,
                    "x1": 4080,
                    "y1": 21840,
                    "real_x1": 4140,
                    "real_y1": 21845,
                    "r1": 91,
                    "c1": 17,
                    "l1": 0,
                    "p1": 1015,
                    "id2": 623385,
                    "x2": 4080,
                    "y2": 21840,
                    "real_x2": 4080,
                    "real_y2": 21845,
                    "r2": 91,
                    "c2": 17,
                    "l2": 2,
                    "p2": -1,
                    "via": 0
                }
            ],
            "patch_num": 1,
            "patchs": [
                150
            ]
        },
        {
            "id": 4105,
            "feature": {
                "wire_width": 140,
                "wire_len": 6000,
                "wire_density": 5.061654162756636e-05,
                "drc_num": 0,
                "R": 5.357142857142857,
                "C": 0.00023895602600000013,
                "power": 4.301208468000002e-06,
                "delay": 0.015797978710714287,
                "slew": 7.534014582468646e-06,
                "congestion": -1.3333333333333333,
                "drc_type": []
            },
            "wire": {
                "id1": 1197977,
                "x1": 4080,
                "y1": 21840,
                "real_x1": 4080,
                "real_y1": 21845,
                "r1": 91,
                "c1": 17,
                "l1": 4,
                "p1": -1,