{
    "id": 318,
    "name": "dpath/a_reg/_025_",
    "feature": {
        "llx": 114960,
        "lly": 24720,
        "urx": 115920,
        "ury": 27840,
        "wire_len": 4080,
        "via_num": 4,
        "drc_num": 0,
        "drc_type": [],
        "R": 7.285714285714286,
        "C": 0.0028763010936000005,
        "power": 1.8122293525956317e-07,
        "delay": 0.009826737715422857,
        "slew": 0.0011802735959260888,
        "aspect_ratio": 3,
        "width": 960,
        "height": 3120,
        "area": 2995200,
        "volume": 5990400,
        "layer_ratio": [
            0.0,
            0.0,
            0.23999999463558197,
            0.0,
            0.7599999904632568,
            0.0,
            0.0,
            0.0,
            0.0,
            0.0,
            0.0
        ],
        "place_feature": {
            "pin_num": 2,
            "aspect_ratio": 3,
            "width": 1154,
            "height": 3507,
            "area": 4047078,
            "l_ness": 1.0,
            "hpwl": 4661,
            "rsmt": 4661
        }
    },
    "pin_num": 2,
    "pins": [
        {
            "id": 869,
            "i": "dpath/a_reg/_070_",
            "p": "X",
            "driver": 1
        },
        {
            "id": 870,
            "i": "dpath/a_reg/_095_",
            "p": "A",
            "driver": 0
        }
    ],
    "wire_num": 6,
    "wires": [
        {
            "id": 3515,
            "feature": {
                "wire_width": 140,
                "wire_len": 960,
                "wire_density": null,
                "drc_num": 0,
                "R": 0.857142857142857,
                "C": 4.6356008480000124e-05,
                "power": 1.6226032537173033e-06,
                "delay": 0.0024256672158171426,
                "slew": 5.719414247762344e-10,
                "congestion": 0.0,
                "drc_type": []
            },
            "wire": {
                "id1": 637247,
                "x1": 114960,
                "y1": 27840,
                "real_x1": 114960,
                "real_y1": 28065,
                "r1": 116,
                "c1": 479,
                "l1": 2,
                "p1": -1,
                "id2": 637251,
                "x2": 115920,
                "y2": 27840,
                "real_x2": 115920,
                "real_y2": 28065,
                "r2": 116,
                "c2": 483,
                "l2": 2,
                "p2": -1
            },
            "path_num": 1,
            "paths": [
                {
                    "id1": 637247,
                    "x1": 114960,
                    "y1": 27840,
                    "real_x1": 114960,
                    "real_y1": 28065,
                    "r1": 116,
                    "c1": 479,
                    "l1": 2,
                    "p1": -1,
                    "id2": 637251,
                    "x2": 115920,
                    "y2": 27840,
                    "real_x2": 115920,
                    "real_y2": 28065,
                    "r2": 116,
                    "c2": 483,
                    "l2": 2,
                    "p2": -1
                }
            ],
            "patch_num": 1,
            "patchs": [
                206
            ]
        },
        {
            "id": 3516,
            "feature": {
                "wire_width": 140,
                "wire_len": 3120,
                "wire_density": null,
                "drc_num": 0,
                "R": 2.7857142857142856,
                "C": 0.00012679453832000007,
                "power": 4.438199861844875e-06,
                "delay": 0.007401070499605714,
                "slew": 7.912839897206148e-10,
                "congestion": 2.5,
                "drc_type": []
            },
            "wire": {
                "id1": 1204871,
                "x1": 114960,
                "y1": 24720,
                "real_x1": 114960,
                "real_y1": 24845,
                "r1": 103,
                "c1": 479,
                "l1": 4,
                "p1": -1,
                "id2": 1211839,
                "x2": 114960,
                "y2": 27840,
                "real_x2": 114960,
                "real_y2": 28065,
                "r2": 116,
                "c2": 479,
                "l2": 4,
                "p2": -1
            },
            "path_num": 1,
            "paths": [
                {
                    "id1": 1204871,
                    "x1": 114960,
                    "y1": 24720,
                    "real_x1": 114960,
                    "real_y1": 24845,
                    "r1": 103,
                    "c1": 479,
                    "l1": 4,
                    "p1": -1,
                    "id2": 1211839,
                    "x2": 114960,
                    "y2": 27840,
                    "real_x2": 114960,
                    "real_y2": 28065,
                    "r2": 116,
                    "c2": 479,
                    "l2": 4,
                    "p2": -1
                }
            ],
            "patch_num": 2,
            "patchs": [
                176,
                206
            ]
        },
        {
            "id": 3517,
            "feature": {
                "wire_width": 0,
                "wire_len": 0,
                "wire_density": 0.0,
                "drc_num": 0,
                "R": 0.0,
                "C": 0.00012679453832000007,
                "power": 4.4381998618448615e-06,
                "delay": 0.0,
                "slew": 0.0,
                "congestion": 0.0,
                "drc_type": []
            },
            "wire": {
                "id1": 630279,
                "x1": 114960,
                "y1": 24720,
                "real_x1": 114960,
                "real_y1": 24845,
                "r1": 103,
                "c1": 479,
                "l1": 2,
                "p1": -1,
                "id2": 1204871,
                "x2": 114960,
                "y2": 24720,
                "real_x2": 114960,
                "real_y2": 24845,
                "r2": 103,
                "c2": 479,
                "l2": 4,
                "p2": -1,
                "via": 5
            },
            "path_num": 1,
            "paths": [
                {
                    "id1": 630279,
                    "x1": 114960,
                    "y1": 24720,
                    "real_x1": 114960,
                    "real_y1": 24845,
                    "r1": 103,
                    "c1": 479,
                    "l1": 2,
                    "p1": -1,
                    "id2": 1204871,
                    "x2": 114960,
                    "y2": 24720,
                    "real_x2": 114960,
                    "real_y2": 24845,
                    "r2": 103,
                    "c2": 479,
                    "l2": 4,
                    "p2": -1,
                    "via": 5
                }
            ],
            "patch_num": 1,
            "patchs": [
                176
            ]
        },
        {
            "id": 3518,
            "feature": {
                "wire_width": 0,
                "wire_len": 0,
                "wire_density": 0.0,
                "drc_num": 0,
                "R": 0.0,
                "C": 4.6356008480000124e-05,
                "power": 1.6226032537173033e-06,
                "delay": 0.0,
                "slew": 0.0,
                "congestion": 0.0,
                "drc_type": []
            },
            "wire": {
                "id1": 637247,
                "x1": 114960,
                "y1": 27840,
                "real_x1": 114960,
                "real_y1": 28065,
                "r1": 116,
                "c1": 479,