{
    "id": 420,
    "name": "dpath/b_reg/_011_",
    "feature": {
        "llx": 13920,
        "lly": 40320,
        "urx": 18480,
        "ury": 40800,
        "wire_len": 5040,
        "via_num": 2,
        "drc_num": 0,
        "drc_type": [],
        "R": 9.0,
        "C": 0.00220846335904,
        "power": 1.6411987811004932e-07,
        "delay": 0.00895154255784,
        "slew": 0.0014607684336813316,
        "aspect_ratio": 10,
        "width": 4560,
        "height": 480,
        "area": 2188800,
        "volume": 2188800,
        "layer_ratio": [
            0.0,
            0.0,
            1.0,
            0.0,
            0.0,
            0.0,
            0.0,
            0.0,
            0.0,
            0.0,
            0.0
        ],
        "place_feature": {
            "pin_num": 2,
            "aspect_ratio": 12,
            "width": 4243,
            "height": 344,
            "area": 1459592,
            "l_ness": 1.0,
            "hpwl": 4587,
            "rsmt": 4587
        }
    },
    "pin_num": 2,
    "pins": [
        {
            "id": 1103,
            "i": "dpath/b_reg/_101_",
            "p": "X",
            "driver": 1
        },
        {
            "id": 1104,
            "i": "dpath/b_reg/_137_",
            "p": "D",
            "driver": 0
        }
    ],
    "wire_num": 3,
    "wires": [
        {
            "id": 4389,
            "feature": {
                "wire_width": 0,
                "wire_len": 0,
                "wire_density": 0.0,
                "drc_num": 0,
                "R": 0.0,
                "C": 0.0,
                "power": 0.0,
                "delay": 0.0,
                "slew": 0.0,
                "congestion": 0.0,
                "drc_type": []
            },
            "wire": {
                "id1": 90106,
                "x1": 13920,
                "y1": 40320,
                "real_x1": 14130,
                "real_y1": 40475,
                "r1": 168,
                "c1": 58,
                "l1": 0,
                "p1": 1103,
                "id2": 664698,
                "x2": 13920,
                "y2": 40320,
                "real_x2": 14130,
                "real_y2": 40475,
                "r2": 168,
                "c2": 58,
                "l2": 2,
                "p2": -1,
                "via": 0
            },
            "path_num": 1,
            "paths": [
                {
                    "id1": 90106,
                    "x1": 13920,
                    "y1": 40320,
                    "real_x1": 14130,
                    "real_y1": 40475,
                    "r1": 168,
                    "c1": 58,
                    "l1": 0,
                    "p1": 1103,
                    "id2": 664698,
                    "x2": 13920,
                    "y2": 40320,
                    "real_x2": 14130,
                    "real_y2": 40475,
                    "r2": 168,
                    "c2": 58,
                    "l2": 2,
                    "p2": -1,
                    "via": 0
                }
            ],
            "patch_num": 1,
            "patchs": [
                273
            ]
        },
        {
            "id": 4390,
            "feature": {
                "wire_width": 0,
                "wire_len": 0,
                "wire_density": 0.0,
                "drc_num": 0,
                "R": 0.0,
                "C": 0.0002192316795199998,
                "power": 9.05110896663463e-06,
                "delay": 0.0,
                "slew": 0.0,
                "congestion": 0.0,
                "drc_type": []
            },
            "wire": {
                "id1": 91197,
                "x1": 18480,
                "y1": 40800,
                "real_x1": 18485,
                "real_y1": 41020,
                "r1": 170,
                "c1": 77,
                "l1": 0,
                "p1": 1104,
                "id2": 665789,
                "x2": 18480,
                "y2": 40800,
                "real_x2": 18485,
                "real_y2": 41020,
                "r2": 170,
                "c2": 77,
                "l2": 2,
                "p2": -1,
                "via": 0
            },
            "path_num": 1,
            "paths": [
                {
                    "id1": 91197,
                    "x1": 18480,
                    "y1": 40800,
                    "real_x1": 18485,
                    "real_y1": 41020,
                    "r1": 170,
                    "c1": 77,
                    "l1": 0,
                    "p1": 1104,
                    "id2": 665789,
                    "x2": 18480,
                    "y2": 40800,
                    "real_x2": 18485,
                    "real_y2": 41020,
                    "r2": 170,
                    "c2": 77,
                    "l2": 2,
                    "p2": -1,
                    "via": 0
                }
            ],
            "patch_num": 1,
            "patchs": [
                274
            ]
        },
        {
            "id": 4391,
            "feature": {
                "wire_width": 140,
                "wire_len": 5040,
                "wire_density": 4.251789496715574e-05,
                "drc_num": 0,
                "R": 4.5,
                "C": 0.00021923167952000002,
                "power": 9.051108966634644e-06,
                "delay": 0.00895154255784,
                "slew": 2.163924102405179e-09,
                "congestion": -13.0,
                "drc_type": []
            },
            "wire": {
                "id1": 664698,
                "x1": 13920,
                "y1": 40320,
                "real_x1": 14130,
                "real_y1": 40475,
                "r1": 168,
                "c1": 58,
                "l1": 2,
                "p1": -1,
                "id2": 665789,
                "x2": 18480,
                "y2": 40800,
                "real_x2": 18485,
                "real_y2": 41020,
                "r2": 170,
                "c2": 77,
                "l2": 2,
                "p2": -1
            },
            "path_num": 4,
            "paths": [
                {
                    "id1": 664698,
                    "x1": 13920,
                    "y1": 40320,
                    "real_x1": 14130,
                    "real_y1": 40475,
                    "r1": 168,
                    "c1": 58,
                    "l1": 2,
                    "p1": -1,
                    "id2": 664709,
                    "x2": 16560,
                    "y2": 40320,
                    "real_x2": 16560,
                    "real_y2": 40475,
                    "r2": 168,
                    "c2": 69,
                    "l2": 2,
                    "p2": -1
                },
                {
                    "id1": 664709,
                    "x1": 16560,
                    "y1": 40320,
                    "real_x1": 16560,
                    "real_y1": 40475,
                    "r1": 168,
                    "c1": 69,
                    "l1": 2,
                    "p1": -1,
                    "id2": 665245,
                    "x2": 16560,
                    "y2": 40560,
                    "real_x2": 16560,
                    "real_y2": 40560,
                    "r2": 169,
                    "c2": 69,
                    "l2": 2,
                    "p2": -1
                },
                {
                    "id1": 665245,
                    "x1": 16560,
                    "y1": 40560,
                    "real_x1": 16560,
                    "real_y1": 40560,
                    "r1": 169,
                    "c1": 69,
                    "l1": 2,
                    "p1": -1,