{
    "id": 479,
    "name": "dpath/b_zero/_04_",
    "feature": {
        "llx": 93840,
        "lly": 78000,
        "urx": 96480,
        "ury": 80400,
        "wire_len": 5040,
        "via_num": 4,
        "drc_num": 0,
        "drc_type": [],
        "R": 9.0,
        "C": 0.008363947309439998,
        "power": 2.7099189282585596e-07,
        "delay": 0.036642994409039994,
        "slew": 0.009281813551383036,
        "aspect_ratio": 1,
        "width": 2640,
        "height": 2400,
        "area": 6336000,
        "volume": 12672000,
        "layer_ratio": [
            0.0,
            0.0,
            0.5199999809265137,
            0.0,
            0.47999998927116394,
            0.0,
            0.0,
            0.0,
            0.0,
            0.0,
            0.0
        ],
        "place_feature": {
            "pin_num": 2,
            "aspect_ratio": 1,
            "width": 2642,
            "height": 3757,
            "area": 9925994,
            "l_ness": 1.0,
            "hpwl": 6399,
            "rsmt": 6399
        }
    },
    "pin_num": 2,
    "pins": [
        {
            "id": 1236,
            "i": "dpath/b_zero/_46_",
            "p": "X",
            "driver": 1
        },
        {
            "id": 1237,
            "i": "dpath/b_zero/_27_",
            "p": "A",
            "driver": 0
        }
    ],
    "wire_num": 7,
    "wires": [
        {
            "id": 4861,
            "feature": {
                "wire_width": 140,
                "wire_len": 2160,
                "wire_density": null,
                "drc_num": 0,
                "R": 1.9285714285714286,
                "C": 9.720179407999956e-05,
                "power": 1.7496322934399907e-06,
                "delay": 0.015943009208194282,
                "slew": 6.727685450402809e-09,
                "congestion": 6.5,
                "drc_type": []
            },
            "wire": {
                "id1": 754545,
                "x1": 94320,
                "y1": 80400,
                "real_x1": 94320,
                "real_y1": 80435,
                "r1": 335,
                "c1": 393,
                "l1": 2,
                "p1": -1,
                "id2": 754554,
                "x2": 96480,
                "y2": 80400,
                "real_x2": 96690,
                "real_y2": 80435,
                "r2": 335,
                "c2": 402,
                "l2": 2,
                "p2": -1
            },
            "path_num": 1,
            "paths": [
                {
                    "id1": 754545,
                    "x1": 94320,
                    "y1": 80400,
                    "real_x1": 94320,
                    "real_y1": 80435,
                    "r1": 335,
                    "c1": 393,
                    "l1": 2,
                    "p1": -1,
                    "id2": 754554,
                    "x2": 96480,
                    "y2": 80400,
                    "real_x2": 96690,
                    "real_y2": 80435,
                    "r2": 335,
                    "c2": 402,
                    "l2": 2,
                    "p2": -1
                }
            ],
            "patch_num": 2,
            "patchs": [
                561,
                562
            ]
        },
        {
            "id": 4862,
            "feature": {
                "wire_width": 0,
                "wire_len": 0,
                "wire_density": 0.0,
                "drc_num": 0,
                "R": 0.0,
                "C": 9.720179407999956e-05,
                "power": 1.7496322934399907e-06,
                "delay": 0.0,
                "slew": 0.0,
                "congestion": 0.0,
                "drc_type": []
            },
            "wire": {
                "id1": 754545,
                "x1": 94320,
                "y1": 80400,
                "real_x1": 94320,
                "real_y1": 80435,
                "r1": 335,
                "c1": 393,
                "l1": 2,
                "p1": -1,
                "id2": 1329137,
                "x2": 94320,
                "y2": 80400,
                "real_x2": 94320,
                "real_y2": 80435,
                "r2": 335,
                "c2": 393,
                "l2": 4,
                "p2": -1,
                "via": 5
            },
            "path_num": 1,
            "paths": [
                {
                    "id1": 754545,
                    "x1": 94320,
                    "y1": 80400,
                    "real_x1": 94320,
                    "real_y1": 80435,
                    "r1": 335,
                    "c1": 393,
                    "l1": 2,
                    "p1": -1,
                    "id2": 1329137,
                    "x2": 94320,
                    "y2": 80400,
                    "real_x2": 94320,
                    "real_y2": 80435,
                    "r2": 335,
                    "c2": 393,
                    "l2": 4,
                    "p2": -1,
                    "via": 5
                }
            ],
            "patch_num": 1,
            "patchs": [
                561
            ]
        },
        {
            "id": 4863,
            "feature": {
                "wire_width": 0,
                "wire_len": 0,
                "wire_density": 0.0,
                "drc_num": 0,
                "R": 0.0,
                "C": 2.6017694240000264e-05,
                "power": 4.6831849631999846e-07,
                "delay": 0.0,
                "slew": 0.0,
                "congestion": 0.0,
                "drc_type": []
            },
            "wire": {
                "id1": 174591,
                "x1": 93840,
                "y1": 78000,
                "real_x1": 93840,
                "real_y1": 78000,
                "r1": 325,
                "c1": 391,
                "l1": 0,
                "p1": 1237,
                "id2": 749183,
                "x2": 93840,
                "y2": 78000,
                "real_x2": 93840,
                "real_y2": 78000,
                "r2": 325,
                "c2": 391,
                "l2": 2,
                "p2": -1,
                "via": 0
            },
            "path_num": 1,
            "paths": [
                {
                    "id1": 174591,
                    "x1": 93840,
                    "y1": 78000,
                    "real_x1": 93840,
                    "real_y1": 78000,
                    "r1": 325,
                    "c1": 391,
                    "l1": 0,
                    "p1": 1237,
                    "id2": 749183,
                    "x2": 93840,
                    "y2": 78000,
                    "real_x2": 93840,
                    "real_y2": 78000,
                    "r2": 325,
                    "c2": 391,
                    "l2": 2,
                    "p2": -1,
                    "via": 0
                }
            ],
            "patch_num": 1,
            "patchs": [
                561
            ]
        },
        {
            "id": 4864,
            "feature": {
                "wire_width": 140,
                "wire_len": 480,
                "wire_density": null,
                "drc_num": 0,
                "R": 0.4285714285714288,
                "C": 2.6017694240000264e-05,
                "power": 4.6831849631999846e-07,
                "delay": 0.003405436154674285,
                "slew": 8.698615439062252e-11,
                "congestion": 5.0,
                "drc_type": []
            },
            "wire": {
                "id1": 749183,
                "x1": 93840,
                "y1": 78000,
                "real_x1": 93840,
                "real_y1": 78000,
                "r1": 325,