{
    "id": 331,
    "name": "dpath/a_reg/_038_",
    "feature": {
        "llx": 99840,
        "lly": 78000,
        "urx": 101040,
        "ury": 80400,
        "wire_len": 3600,
        "via_num": 4,
        "drc_num": 0,
        "drc_type": [],
        "R": 6.428571428571428,
        "C": 0.003020558664,
        "power": 2.2654508276998898e-07,
        "delay": 0.009194509104857144,
        "slew": 0.001273136005477446,
        "aspect_ratio": 2,
        "width": 1200,
        "height": 2400,
        "area": 2880000,
        "volume": 5760000,
        "layer_ratio": [
            0.0,
            0.0,
            0.33000001311302185,
            0.0,
            0.6700000166893005,
            0.0,
            0.0,
            0.0,
            0.0,
            0.0,
            0.0
        ],
        "place_feature": {
            "pin_num": 2,
            "aspect_ratio": 2,
            "width": 1729,
            "height": 3961,
            "area": 6848569,
            "l_ness": 1.0,
            "hpwl": 5690,
            "rsmt": 5690
        }
    },
    "pin_num": 2,
    "pins": [
        {
            "id": 901,
            "i": "dpath/a_reg/_127_",
            "p": "X",
            "driver": 1
        },
        {
            "id": 902,
            "i": "dpath/a_reg/_081_",
            "p": "A1",
            "driver": 0
        }
    ],
    "wire_num": 6,
    "wires": [
        {
            "id": 3640,
            "feature": {
                "wire_width": 0,
                "wire_len": 0,
                "wire_density": 0.0,
                "drc_num": 0,
                "R": 0.0,
                "C": 0.0,
                "power": 0.0,
                "delay": 0.0,
                "slew": 0.0,
                "congestion": 0.0,
                "drc_type": []
            },
            "wire": {
                "id1": 179976,
                "x1": 99840,
                "y1": 80400,
                "real_x1": 100050,
                "real_y1": 80435,
                "r1": 335,
                "c1": 416,
                "l1": 0,
                "p1": 901,
                "id2": 754568,
                "x2": 99840,
                "y2": 80400,
                "real_x2": 100050,
                "real_y2": 80435,
                "r2": 335,
                "c2": 416,
                "l2": 2,
                "p2": -1,
                "via": 0
            },
            "path_num": 1,
            "paths": [
                {
                    "id1": 179976,
                    "x1": 99840,
                    "y1": 80400,
                    "real_x1": 100050,
                    "real_y1": 80435,
                    "r1": 335,
                    "c1": 416,
                    "l1": 0,
                    "p1": 901,
                    "id2": 754568,
                    "x2": 99840,
                    "y2": 80400,
                    "real_x2": 100050,
                    "real_y2": 80435,
                    "r2": 335,
                    "c2": 416,
                    "l2": 2,
                    "p2": -1,
                    "via": 0
                }
            ],
            "patch_num": 1,
            "patchs": [
                563
            ]
        },
        {
            "id": 3641,
            "feature": {
                "wire_width": 0,
                "wire_len": 0,
                "wire_density": 0.0,
                "drc_num": 0,
                "R": 0.0,
                "C": 5.652516559999984e-05,
                "power": 2.355248324692637e-06,
                "delay": 0.0,
                "slew": 0.0,
                "congestion": 0.0,
                "drc_type": []
            },
            "wire": {
                "id1": 754573,
                "x1": 101040,
                "y1": 80400,
                "real_x1": 101040,
                "real_y1": 80435,
                "r1": 335,
                "c1": 421,
                "l1": 2,
                "p1": -1,
                "id2": 1329165,
                "x2": 101040,
                "y2": 80400,
                "real_x2": 101040,
                "real_y2": 80435,
                "r2": 335,
                "c2": 421,
                "l2": 4,
                "p2": -1,
                "via": 5
            },
            "path_num": 1,
            "paths": [
                {
                    "id1": 754573,
                    "x1": 101040,
                    "y1": 80400,
                    "real_x1": 101040,
                    "real_y1": 80435,
                    "r1": 335,
                    "c1": 421,
                    "l1": 2,
                    "p1": -1,
                    "id2": 1329165,
                    "x2": 101040,
                    "y2": 80400,
                    "real_x2": 101040,
                    "real_y2": 80435,
                    "r2": 335,
                    "c2": 421,
                    "l2": 4,
                    "p2": -1,
                    "via": 5
                }
            ],
            "patch_num": 1,
            "patchs": [
                563
            ]
        },
        {
            "id": 3642,
            "feature": {
                "wire_width": 140,
                "wire_len": 2400,
                "wire_density": 2.0246616651026542e-05,
                "drc_num": 0,
                "R": 2.1428571428571432,
                "C": 9.875416640000006e-05,
                "power": 4.11481474669079e-06,
                "delay": 0.0060187589280000005,
                "slew": 8.516022470539397e-10,
                "congestion": -1.0,
                "drc_type": []
            },
            "wire": {
                "id1": 1323805,
                "x1": 101040,
                "y1": 78000,
                "real_x1": 101040,
                "real_y1": 78055,
                "r1": 325,
                "c1": 421,
                "l1": 4,
                "p1": -1,
                "id2": 1329165,
                "x2": 101040,
                "y2": 80400,
                "real_x2": 101040,
                "real_y2": 80435,
                "r2": 335,
                "c2": 421,
                "l2": 4,
                "p2": -1
            },
            "path_num": 1,
            "paths": [
                {
                    "id1": 1323805,
                    "x1": 101040,
                    "y1": 78000,
                    "real_x1": 101040,
                    "real_y1": 78055,
                    "r1": 325,
                    "c1": 421,
                    "l1": 4,
                    "p1": -1,
                    "id2": 1329165,
                    "x2": 101040,
                    "y2": 80400,
                    "real_x2": 101040,
                    "real_y2": 80435,
                    "r2": 335,
                    "c2": 421,
                    "l2": 4,
                    "p2": -1
                }
            ],
            "patch_num": 1,
            "patchs": [
                563
            ]
        },
        {
            "id": 3643,
            "feature": {
                "wire_width": 140,
                "wire_len": 1200,
                "wire_density": null,
                "drc_num": 0,
                "R": 1.0714285714285714,
                "C": 5.652516559999984e-05,
                "power": 2.3552483246926234e-06,
                "delay": 0.003175750176857143,
                "slew": 1.0886935693232846e-09,
                "congestion": 2.0,
                "drc_type": []
            },
            "wire": {
                "id1": 754568,
                "x1": 99840,
                "y1": 80400,
                "real_x1": 100050,
                "real_y1": 80435,
                "r1": 335,
                "c1": 416,