{
    "id": 425,
    "name": "dpath/b_reg/_016_",
    "feature": {
        "llx": 27600,
        "lly": 10320,
        "urx": 30480,
        "ury": 11520,
        "wire_len": 4560,
        "via_num": 4,
        "drc_num": 0,
        "drc_type": [],
        "R": 8.142857142857142,
        "C": 0.00294149434576,
        "power": 2.1826381847852033e-07,
        "delay": 0.011123712473297142,
        "slew": 0.0014718296063550088,
        "aspect_ratio": 2,
        "width": 2880,
        "height": 1200,
        "area": 3456000,
        "volume": 6912000,
        "layer_ratio": [
            0.0,
            0.0,
            0.7400000095367432,
            0.0,
            0.25999999046325684,
            0.0,
            0.0,
            0.0,
            0.0,
            0.0,
            0.0
        ],
        "place_feature": {
            "pin_num": 2,
            "aspect_ratio": 29,
            "width": 2206,
            "height": 77,
            "area": 169862,
            "l_ness": 1.0,
            "hpwl": 2283,
            "rsmt": 2283
        }
    },
    "pin_num": 2,
    "pins": [
        {
            "id": 1113,
            "i": "dpath/b_reg/_067_",
            "p": "X",
            "driver": 1
        },
        {
            "id": 1114,
            "i": "dpath/b_reg/_086_",
            "p": "A",
            "driver": 0
        }
    ],
    "wire_num": 7,
    "wires": [
        {
            "id": 4420,
            "feature": {
                "wire_width": 140,
                "wire_len": 480,
                "wire_density": null,
                "drc_num": 0,
                "R": 0.4285714285714285,
                "C": 2.601769423999983e-05,
                "power": 1.0725314387329243e-06,
                "delay": 0.0012494899935085713,
                "slew": 3.509259272060916e-10,
                "congestion": -2.0,
                "drc_type": []
            },
            "wire": {
                "id1": 597755,
                "x1": 27600,
                "y1": 10320,
                "real_x1": 27600,
                "real_y1": 10505,
                "r1": 43,
                "c1": 115,
                "l1": 2,
                "p1": -1,
                "id2": 597757,
                "x2": 28080,
                "y2": 10320,
                "real_x2": 28080,
                "real_y2": 10505,
                "r2": 43,
                "c2": 117,
                "l2": 2,
                "p2": -1
            },
            "path_num": 1,
            "paths": [
                {
                    "id1": 597755,
                    "x1": 27600,
                    "y1": 10320,
                    "real_x1": 27600,
                    "real_y1": 10505,
                    "r1": 43,
                    "c1": 115,
                    "l1": 2,
                    "p1": -1,
                    "id2": 597757,
                    "x2": 28080,
                    "y2": 10320,
                    "real_x2": 28080,
                    "real_y2": 10505,
                    "r2": 43,
                    "c2": 117,
                    "l2": 2,
                    "p2": -1
                }
            ],
            "patch_num": 1,
            "patchs": [
                66
            ]
        },
        {
            "id": 4421,
            "feature": {
                "wire_width": 0,
                "wire_len": 0,
                "wire_density": 0.0,
                "drc_num": 0,
                "R": 0.0,
                "C": 0.00012770926544,
                "power": 5.264578826178498e-06,
                "delay": 0.0,
                "slew": 0.0,
                "congestion": 0.0,
                "drc_type": []
            },
            "wire": {
                "id1": 25855,
                "x1": 30480,
                "y1": 11520,
                "real_x1": 30480,
                "real_y1": 11685,
                "r1": 48,
                "c1": 127,
                "l1": 0,
                "p1": 1114,
                "id2": 600447,
                "x2": 30480,
                "y2": 11520,
                "real_x2": 30480,
                "real_y2": 11685,
                "r2": 48,
                "c2": 127,
                "l2": 2,
                "p2": -1,
                "via": 0
            },
            "path_num": 1,
            "paths": [
                {
                    "id1": 25855,
                    "x1": 30480,
                    "y1": 11520,
                    "real_x1": 30480,
                    "real_y1": 11685,
                    "r1": 48,
                    "c1": 127,
                    "l1": 0,
                    "p1": 1114,
                    "id2": 600447,
                    "x2": 30480,
                    "y2": 11520,
                    "real_x2": 30480,
                    "real_y2": 11685,
                    "r2": 48,
                    "c2": 127,
                    "l2": 2,
                    "p2": -1,
                    "via": 0
                }
            ],
            "patch_num": 1,
            "patchs": [
                67
            ]
        },
        {
            "id": 4422,
            "feature": {
                "wire_width": 0,
                "wire_len": 0,
                "wire_density": 0.0,
                "drc_num": 0,
                "R": 0.0,
                "C": 5.202021320000003e-05,
                "power": 2.14443730454842e-06,
                "delay": 0.0,
                "slew": 0.0,
                "congestion": 0.0,
                "drc_type": []
            },
            "wire": {
                "id1": 600435,
                "x1": 27600,
                "y1": 11520,
                "real_x1": 27600,
                "real_y1": 11685,
                "r1": 48,
                "c1": 115,
                "l1": 2,
                "p1": -1,
                "id2": 1175027,
                "x2": 27600,
                "y2": 11520,
                "real_x2": 27600,
                "real_y2": 11685,
                "r2": 48,
                "c2": 115,
                "l2": 4,
                "p2": -1,
                "via": 5
            },
            "path_num": 1,
            "paths": [
                {
                    "id1": 600435,
                    "x1": 27600,
                    "y1": 11520,
                    "real_x1": 27600,
                    "real_y1": 11685,
                    "r1": 48,
                    "c1": 115,
                    "l1": 2,
                    "p1": -1,
                    "id2": 1175027,
                    "x2": 27600,
                    "y2": 11520,
                    "real_x2": 27600,
                    "real_y2": 11685,
                    "r2": 48,
                    "c2": 115,
                    "l2": 4,
                    "p2": -1,
                    "via": 5
                }
            ],
            "patch_num": 1,
            "patchs": [
                66
            ]
        },
        {
            "id": 4423,
            "feature": {
                "wire_width": 140,
                "wire_len": 2880,
                "wire_density": null,
                "drc_num": 0,
                "R": 2.571428571428571,
                "C": 0.00012770926544,
                "power": 5.264578826178485e-06,
                "delay": 0.006834109539702857,
                "slew": 6.683416528541208e-10,
                "congestion": -2.0,
                "drc_type": []
            },
            "wire": {
                "id1": 600435,
                "x1": 27600,
                "y1": 11520,
                "real_x1": 27600,
                "real_y1": 11685,
                "r1": 48,
                "c1": 115,
                "l1": 2,