{
    "id": 416,
    "name": "dpath/b_reg/_007_",
    "feature": {
        "llx": 26400,
        "lly": 15120,
        "urx": 30720,
        "ury": 18960,
        "wire_len": 8160,
        "via_num": 4,
        "drc_num": 0,
        "drc_type": [],
        "R": 14.571428571428571,
        "C": 0.0024571182368,
        "power": 1.8240622022557922e-07,
        "delay": 0.01534895380272,
        "slew": 0.0036267320868822207,
        "aspect_ratio": 1,
        "width": 4320,
        "height": 3840,
        "area": 16588800,
        "volume": 33177600,
        "layer_ratio": [
            0.0,
            0.0,
            0.5299999713897705,
            0.0,
            0.4699999988079071,
            0.0,
            0.0,
            0.0,
            0.0,
            0.0,
            0.0
        ],
        "place_feature": {
            "pin_num": 2,
            "aspect_ratio": 1,
            "width": 4243,
            "height": 3420,
            "area": 14511060,
            "l_ness": 1.0,
            "hpwl": 7663,
            "rsmt": 7663
        }
    },
    "pin_num": 2,
    "pins": [
        {
            "id": 1095,
            "i": "dpath/b_reg/_089_",
            "p": "X",
            "driver": 1
        },
        {
            "id": 1096,
            "i": "dpath/b_reg/_133_",
            "p": "D",
            "driver": 0
        }
    ],
    "wire_num": 6,
    "wires": [
        {
            "id": 4365,
            "feature": {
                "wire_width": 140,
                "wire_len": 3840,
                "wire_density": null,
                "drc_num": 0,
                "R": 3.4285714285714275,
                "C": 0.00015483491023999987,
                "power": 6.385721450449783e-06,
                "delay": 0.006599433977965714,
                "slew": 1.1244002048882429e-09,
                "congestion": -4.0,
                "drc_type": []
            },
            "wire": {
                "id1": 1183080,
                "x1": 30720,
                "y1": 15120,
                "real_x1": 30720,
                "real_y1": 15120,
                "r1": 63,
                "c1": 128,
                "l1": 4,
                "p1": -1,
                "id2": 1191656,
                "x2": 30720,
                "y2": 18960,
                "real_x2": 30720,
                "real_y2": 18960,
                "r2": 79,
                "c2": 128,
                "l2": 4,
                "p2": -1
            },
            "path_num": 1,
            "paths": [
                {
                    "id1": 1183080,
                    "x1": 30720,
                    "y1": 15120,
                    "real_x1": 30720,
                    "real_y1": 15120,
                    "r1": 63,
                    "c1": 128,
                    "l1": 4,
                    "p1": -1,
                    "id2": 1191656,
                    "x2": 30720,
                    "y2": 18960,
                    "real_x2": 30720,
                    "real_y2": 18960,
                    "r2": 79,
                    "c2": 128,
                    "l2": 4,
                    "p2": -1
                }
            ],
            "patch_num": 2,
            "patchs": [
                97,
                127
            ]
        },
        {
            "id": 4367,
            "feature": {
                "wire_width": 0,
                "wire_len": 0,
                "wire_density": 0.0,
                "drc_num": 0,
                "R": 0.0,
                "C": 0.0001548349102400001,
                "power": 6.385721450449797e-06,
                "delay": 0.0,
                "slew": 0.0,
                "congestion": 0.0,
                "drc_type": []
            },
            "wire": {
                "id1": 608488,
                "x1": 30720,
                "y1": 15120,
                "real_x1": 30910,
                "real_y1": 15120,
                "r1": 63,
                "c1": 128,
                "l1": 2,
                "p1": -1,
                "id2": 1183080,
                "x2": 30720,
                "y2": 15120,
                "real_x2": 30720,
                "real_y2": 15120,
                "r2": 63,
                "c2": 128,
                "l2": 4,
                "p2": -1,
                "via": 5
            },
            "path_num": 1,
            "paths": [
                {
                    "id1": 608488,
                    "x1": 30720,
                    "y1": 15120,
                    "real_x1": 30910,
                    "real_y1": 15120,
                    "r1": 63,
                    "c1": 128,
                    "l1": 2,
                    "p1": -1,
                    "id2": 1183080,
                    "x2": 30720,
                    "y2": 15120,
                    "real_x2": 30720,
                    "real_y2": 15120,
                    "r2": 63,
                    "c2": 128,
                    "l2": 4,
                    "p2": -1,
                    "via": 5
                }
            ],
            "patch_num": 1,
            "patchs": [
                97
            ]
        },
        {
            "id": 4368,
            "feature": {
                "wire_width": 140,
                "wire_len": 4320,
                "wire_density": null,
                "drc_num": 0,
                "R": 3.857142857142857,
                "C": 0.00018872420816,
                "power": 7.78338827076175e-06,
                "delay": 0.008749519824754286,
                "slew": 4.506306258700299e-09,
                "congestion": 1.0,
                "drc_type": []
            },
            "wire": {
                "id1": 617046,
                "x1": 26400,
                "y1": 18960,
                "real_x1": 26610,
                "real_y1": 18960,
                "r1": 79,
                "c1": 110,
                "l1": 2,
                "p1": -1,
                "id2": 617064,
                "x2": 30720,
                "y2": 18960,
                "real_x2": 30720,
                "real_y2": 18960,
                "r2": 79,
                "c2": 128,
                "l2": 2,
                "p2": -1
            },
            "path_num": 1,
            "paths": [
                {
                    "id1": 617046,
                    "x1": 26400,
                    "y1": 18960,
                    "real_x1": 26610,
                    "real_y1": 18960,
                    "r1": 79,
                    "c1": 110,
                    "l1": 2,
                    "p1": -1,
                    "id2": 617064,
                    "x2": 30720,
                    "y2": 18960,
                    "real_x2": 30720,
                    "real_y2": 18960,
                    "r2": 79,
                    "c2": 128,
                    "l2": 2,
                    "p2": -1
                }
            ],
            "patch_num": 2,
            "patchs": [
                126,
                127
            ]
        },
        {
            "id": 4369,
            "feature": {
                "wire_width": 0,
                "wire_len": 0,
                "wire_density": 0.0,
                "drc_num": 0,
                "R": 0.0,
                "C": 0.00018872420816,
                "power": 7.783388270761737e-06,
                "delay": 0.0,
                "slew": 0.0,
                "congestion": 0.0,
                "drc_type": []
            },
            "wire": {
                "id1": 617064,
                "x1": 30720,
                "y1": 18960,
                "real_x1": 30720,
                "real_y1": 18960,
                "r1": 79,
                "c1": 128,
                "l1": 2,