{
    "id": 222,
    "name": "dpath/a_mux/_033_",
    "feature": {
        "llx": 38400,
        "lly": 105360,
        "urx": 39120,
        "ury": 108000,
        "wire_len": 3360,
        "via_num": 4,
        "drc_num": 0,
        "drc_type": [],
        "R": 6.0,
        "C": 0.0032185756168,
        "power": 1.0428184998432e-07,
        "delay": 0.009207059319377143,
        "slew": 0.0011631551205486118,
        "aspect_ratio": 4,
        "width": 720,
        "height": 2640,
        "area": 1900800,
        "volume": 3801600,
        "layer_ratio": [
            0.0,
            0.0,
            0.20999999344348907,
            0.0,
            0.7900000214576721,
            0.0,
            0.0,
            0.0,
            0.0,
            0.0,
            0.0
        ],
        "place_feature": {
            "pin_num": 2,
            "aspect_ratio": 8,
            "width": 448,
            "height": 3557,
            "area": 1593536,
            "l_ness": 1.0,
            "hpwl": 4005,
            "rsmt": 4005
        }
    },
    "pin_num": 2,
    "pins": [
        {
            "id": 628,
            "i": "dpath/a_mux/_200_",
            "p": "X",
            "driver": 1
        },
        {
            "id": 629,
            "i": "dpath/a_mux/_141_",
            "p": "B1",
            "driver": 0
        }
    ],
    "wire_num": 6,
    "wires": [
        {
            "id": 2480,
            "feature": {
                "wire_width": 0,
                "wire_len": 0,
                "wire_density": 0.0,
                "drc_num": 0,
                "R": 0.0,
                "C": 0.00010810095704000006,
                "power": 1.9458172267200005e-06,
                "delay": 0.0,
                "slew": 0.0,
                "congestion": 0.0,
                "drc_type": []
            },
            "wire": {
                "id1": 815955,
                "x1": 39120,
                "y1": 108000,
                "real_x1": 39120,
                "real_y1": 108195,
                "r1": 450,
                "c1": 163,
                "l1": 2,
                "p1": -1,
                "id2": 1390547,
                "x2": 39120,
                "y2": 108000,
                "real_x2": 39120,
                "real_y2": 108195,
                "r2": 450,
                "c2": 163,
                "l2": 4,
                "p2": -1,
                "via": 5
            },
            "path_num": 1,
            "paths": [
                {
                    "id1": 815955,
                    "x1": 39120,
                    "y1": 108000,
                    "real_x1": 39120,
                    "real_y1": 108195,
                    "r1": 450,
                    "c1": 163,
                    "l1": 2,
                    "p1": -1,
                    "id2": 1390547,
                    "x2": 39120,
                    "y2": 108000,
                    "real_x2": 39120,
                    "real_y2": 108195,
                    "r2": 450,
                    "c2": 163,
                    "l2": 4,
                    "p2": -1,
                    "via": 5
                }
            ],
            "patch_num": 1,
            "patchs": [
                759
            ]
        },
        {
            "id": 2481,
            "feature": {
                "wire_width": 140,
                "wire_len": 720,
                "wire_density": 6.073984995307963e-06,
                "drc_num": 0,
                "R": 0.6428571428571428,
                "C": 3.618685135999998e-05,
                "power": 6.513633244800032e-07,
                "delay": 0.002045821349211428,
                "slew": 4.556651167497705e-10,
                "congestion": 5.0,
                "drc_type": []
            },
            "wire": {
                "id1": 810056,
                "x1": 38400,
                "y1": 105360,
                "real_x1": 38605,
                "real_y1": 105360,
                "r1": 439,
                "c1": 160,
                "l1": 2,
                "p1": -1,
                "id2": 810059,
                "x2": 39120,
                "y2": 105360,
                "real_x2": 39120,
                "real_y2": 105360,
                "r2": 439,
                "c2": 163,
                "l2": 2,
                "p2": -1
            },
            "path_num": 1,
            "paths": [
                {
                    "id1": 810056,
                    "x1": 38400,
                    "y1": 105360,
                    "real_x1": 38605,
                    "real_y1": 105360,
                    "r1": 439,
                    "c1": 160,
                    "l1": 2,
                    "p1": -1,
                    "id2": 810059,
                    "x2": 39120,
                    "y2": 105360,
                    "real_x2": 39120,
                    "real_y2": 105360,
                    "r2": 439,
                    "c2": 163,
                    "l2": 2,
                    "p2": -1
                }
            ],
            "patch_num": 2,
            "patchs": [
                728,
                729
            ]
        },
        {
            "id": 2482,
            "feature": {
                "wire_width": 0,
                "wire_len": 0,
                "wire_density": 0.0,
                "drc_num": 0,
                "R": 0.0,
                "C": 0.0,
                "power": 0.0,
                "delay": 0.0,
                "slew": 0.0,
                "congestion": 0.0,
                "drc_type": []
            },
            "wire": {
                "id1": 235464,
                "x1": 38400,
                "y1": 105360,
                "real_x1": 38605,
                "real_y1": 105360,
                "r1": 439,
                "c1": 160,
                "l1": 0,
                "p1": 628,
                "id2": 810056,
                "x2": 38400,
                "y2": 105360,
                "real_x2": 38605,
                "real_y2": 105360,
                "r2": 439,
                "c2": 160,
                "l2": 2,
                "p2": -1,
                "via": 0
            },
            "path_num": 1,
            "paths": [
                {
                    "id1": 235464,
                    "x1": 38400,
                    "y1": 105360,
                    "real_x1": 38605,
                    "real_y1": 105360,
                    "r1": 439,
                    "c1": 160,
                    "l1": 0,
                    "p1": 628,
                    "id2": 810056,
                    "x2": 38400,
                    "y2": 105360,
                    "real_x2": 38605,
                    "real_y2": 105360,
                    "r2": 439,
                    "c2": 160,
                    "l2": 2,
                    "p2": -1,
                    "via": 0
                }
            ],
            "patch_num": 1,
            "patchs": [
                728
            ]
        },
        {
            "id": 2483,
            "feature": {
                "wire_width": 0,
                "wire_len": 0,
                "wire_density": 0.0,
                "drc_num": 0,
                "R": 0.0,
                "C": 0.0,
                "power": 0.0,
                "delay": 0.0,
                "slew": 0.0,
                "congestion": 0.0,
                "drc_type": []
            },
            "wire": {
                "id1": 241363,
                "x1": 39120,
                "y1": 108000,
                "real_x1": 39120,
                "real_y1": 108195,
                "r1": 450,
                "c1": 163,
                "l1": 0,
                "p1": 629,
                "id2": 815955,