{
    "id": 611,
    "name": "dpath/sub/_111_",
    "feature": {
        "llx": 97200,
        "lly": 121440,
        "urx": 100560,
        "ury": 121920,
        "wire_len": 3840,
        "via_num": 2,
        "drc_num": 0,
        "drc_type": [],
        "R": 6.857142857142856,
        "C": 0.0028667717878400004,
        "power": 2.466450289110634e-07,
        "delay": 0.009251608779154284,
        "slew": 0.000981834762304283,
        "aspect_ratio": 7,
        "width": 3360,
        "height": 480,
        "area": 1612800,
        "volume": 1612800,
        "layer_ratio": [
            0.0,
            0.0,
            1.0,
            0.0,
            0.0,
            0.0,
            0.0,
            0.0,
            0.0,
            0.0,
            0.0
        ],
        "place_feature": {
            "pin_num": 2,
            "aspect_ratio": 84,
            "width": 3541,
            "height": 42,
            "area": 148722,
            "l_ness": 1.0,
            "hpwl": 3583,
            "rsmt": 3583
        }
    },
    "pin_num": 2,
    "pins": [
        {
            "id": 1603,
            "i": "dpath/sub/_209_",
            "p": "X",
            "driver": 1
        },
        {
            "id": 1604,
            "i": "dpath/sub/_257_",
            "p": "A",
            "driver": 0
        }
    ],
    "wire_num": 3,
    "wires": [
        {
            "id": 6226,
            "feature": {
                "wire_width": 0,
                "wire_len": 0,
                "wire_density": 0.0,
                "drc_num": 0,
                "R": 0.0,
                "C": 0.0,
                "power": 0.0,
                "delay": 0.0,
                "slew": 0.0,
                "congestion": 0.0,
                "drc_type": []
            },
            "wire": {
                "id1": 272707,
                "x1": 100560,
                "y1": 121920,
                "real_x1": 100560,
                "real_y1": 122125,
                "r1": 508,
                "c1": 419,
                "l1": 0,
                "p1": 1603,
                "id2": 847299,
                "x2": 100560,
                "y2": 121920,
                "real_x2": 100560,
                "real_y2": 122125,
                "r2": 508,
                "c2": 419,
                "l2": 2,
                "p2": -1,
                "via": 0
            },
            "path_num": 1,
            "paths": [
                {
                    "id1": 272707,
                    "x1": 100560,
                    "y1": 121920,
                    "real_x1": 100560,
                    "real_y1": 122125,
                    "r1": 508,
                    "c1": 419,
                    "l1": 0,
                    "p1": 1603,
                    "id2": 847299,
                    "x2": 100560,
                    "y2": 121920,
                    "real_x2": 100560,
                    "real_y2": 122125,
                    "r2": 508,
                    "c2": 419,
                    "l2": 2,
                    "p2": -1,
                    "via": 0
                }
            ],
            "patch_num": 1,
            "patchs": [
                863
            ]
        },
        {
            "id": 6227,
            "feature": {
                "wire_width": 0,
                "wire_len": 0,
                "wire_density": 0.0,
                "drc_num": 0,
                "R": 0.0,
                "C": 0.00016838589392000015,
                "power": 8.048453635835698e-06,
                "delay": 0.0,
                "slew": 0.0,
                "congestion": 0.0,
                "drc_type": []
            },
            "wire": {
                "id1": 271621,
                "x1": 97200,
                "y1": 121440,
                "real_x1": 97200,
                "real_y1": 121675,
                "r1": 506,
                "c1": 405,
                "l1": 0,
                "p1": 1604,
                "id2": 846213,
                "x2": 97200,
                "y2": 121440,
                "real_x2": 97200,
                "real_y2": 121675,
                "r2": 506,
                "c2": 405,
                "l2": 2,
                "p2": -1,
                "via": 0
            },
            "path_num": 1,
            "paths": [
                {
                    "id1": 271621,
                    "x1": 97200,
                    "y1": 121440,
                    "real_x1": 97200,
                    "real_y1": 121675,
                    "r1": 506,
                    "c1": 405,
                    "l1": 0,
                    "p1": 1604,
                    "id2": 846213,
                    "x2": 97200,
                    "y2": 121440,
                    "real_x2": 97200,
                    "real_y2": 121675,
                    "r2": 506,
                    "c2": 405,
                    "l2": 2,
                    "p2": -1,
                    "via": 0
                }
            ],
            "patch_num": 1,
            "patchs": [
                862
            ]
        },
        {
            "id": 6228,
            "feature": {
                "wire_width": 140,
                "wire_len": 3840,
                "wire_density": 3.239458664164247e-05,
                "drc_num": 0,
                "R": 3.428571428571428,
                "C": 0.00016838589392000015,
                "power": 8.048453635835684e-06,
                "delay": 0.009251608779154284,
                "slew": 9.930188130113926e-10,
                "congestion": -2.5,
                "drc_type": []
            },
            "wire": {
                "id1": 847299,
                "x1": 100560,
                "y1": 121920,
                "real_x1": 100560,
                "real_y1": 122125,
                "r1": 508,
                "c1": 419,
                "l1": 2,
                "p1": -1,
                "id2": 846213,
                "x2": 97200,
                "y2": 121440,
                "real_x2": 97200,
                "real_y2": 121675,
                "r2": 506,
                "c2": 405,
                "l2": 2,
                "p2": -1
            },
            "path_num": 4,
            "paths": [
                {
                    "id1": 847299,
                    "x1": 100560,
                    "y1": 121920,
                    "real_x1": 100560,
                    "real_y1": 122125,
                    "r1": 508,
                    "c1": 419,
                    "l1": 2,
                    "p1": -1,
                    "id2": 847291,
                    "x2": 98640,
                    "y2": 121920,
                    "real_x2": 98640,
                    "real_y2": 122125,
                    "r2": 508,
                    "c2": 411,
                    "l2": 2,
                    "p2": -1
                },
                {
                    "id1": 847291,
                    "x1": 98640,
                    "y1": 121920,
                    "real_x1": 98640,
                    "real_y1": 122125,
                    "r1": 508,
                    "c1": 411,
                    "l1": 2,
                    "p1": -1,
                    "id2": 846755,
                    "x2": 98640,
                    "y2": 121680,
                    "real_x2": 98640,
                    "real_y2": 121680,
                    "r2": 507,
                    "c2": 411,
                    "l2": 2,
                    "p2": -1
                },
                {
                    "id1": 846755,
                    "x1": 98640,
                    "y1": 121680,
                    "real_x1": 98640,
                    "real_y1": 121680,
                    "r1": 507,