{
    "id": 289,
    "name": "dpath/a_mux/_100_",
    "feature": {
        "llx": 54960,
        "lly": 71520,
        "urx": 61680,
        "ury": 78960,
        "wire_len": 14160,
        "via_num": 4,
        "drc_num": 0,
        "drc_type": [],
        "R": 25.28571428571428,
        "C": 0.0037041945643200005,
        "power": 2.690590305562631e-07,
        "delay": 0.03925439284068,
        "slew": 0.006652129327867656,
        "aspect_ratio": 1,
        "width": 6720,
        "height": 7440,
        "area": 49996800,
        "volume": 99993600,
        "layer_ratio": [
            0.0,
            0.0,
            0.5099999904632568,
            0.0,
            0.49000000953674316,
            0.0,
            0.0,
            0.0,
            0.0,
            0.0,
            0.0
        ],
        "place_feature": {
            "pin_num": 2,
            "aspect_ratio": 1,
            "width": 7595,
            "height": 6496,
            "area": 49337120,
            "l_ness": 1.0,
            "hpwl": 14091,
            "rsmt": 14091
        }
    },
    "pin_num": 2,
    "pins": [
        {
            "id": 807,
            "i": "dpath/a_mux/_136_",
            "p": "Y",
            "driver": 1
        },
        {
            "id": 808,
            "i": "dpath/a_mux/_195_",
            "p": "A",
            "driver": 0
        }
    ],
    "wire_num": 6,
    "wires": [
        {
            "id": 3305,
            "feature": {
                "wire_width": 0,
                "wire_len": 0,
                "wire_density": 0.0,
                "drc_num": 0,
                "R": 0.0,
                "C": 0.00031075409360000004,
                "power": 1.254001731664127e-05,
                "delay": 0.0,
                "slew": 0.0,
                "congestion": 0.0,
                "drc_type": []
            },
            "wire": {
                "id1": 750093,
                "x1": 54960,
                "y1": 78480,
                "real_x1": 54960,
                "real_y1": 78495,
                "r1": 327,
                "c1": 229,
                "l1": 2,
                "p1": -1,
                "id2": 1324685,
                "x2": 54960,
                "y2": 78480,
                "real_x2": 54960,
                "real_y2": 78495,
                "r2": 327,
                "c2": 229,
                "l2": 4,
                "p2": -1,
                "via": 5
            },
            "path_num": 1,
            "paths": [
                {
                    "id1": 750093,
                    "x1": 54960,
                    "y1": 78480,
                    "real_x1": 54960,
                    "real_y1": 78495,
                    "r1": 327,
                    "c1": 229,
                    "l1": 2,
                    "p1": -1,
                    "id2": 1324685,
                    "x2": 54960,
                    "y2": 78480,
                    "real_x2": 54960,
                    "real_y2": 78495,
                    "r2": 327,
                    "c2": 229,
                    "l2": 4,
                    "p2": -1,
                    "via": 5
                }
            ],
            "patch_num": 1,
            "patchs": [
                552
            ]
        },
        {
            "id": 3306,
            "feature": {
                "wire_width": 0,
                "wire_len": 0,
                "wire_density": 0.0,
                "drc_num": 0,
                "R": 0.0,
                "C": 0.00027634318856000015,
                "power": 1.1151416638581209e-05,
                "delay": 0.0,
                "slew": 0.0,
                "congestion": 0.0,
                "drc_type": []
            },
            "wire": {
                "id1": 734549,
                "x1": 54960,
                "y1": 71520,
                "real_x1": 54960,
                "real_y1": 71625,
                "r1": 298,
                "c1": 229,
                "l1": 2,
                "p1": -1,
                "id2": 1309141,
                "x2": 54960,
                "y2": 71520,
                "real_x2": 54960,
                "real_y2": 71625,
                "r2": 298,
                "c2": 229,
                "l2": 4,
                "p2": -1,
                "via": 5
            },
            "path_num": 1,
            "paths": [
                {
                    "id1": 734549,
                    "x1": 54960,
                    "y1": 71520,
                    "real_x1": 54960,
                    "real_y1": 71625,
                    "r1": 298,
                    "c1": 229,
                    "l1": 2,
                    "p1": -1,
                    "id2": 1309141,
                    "x2": 54960,
                    "y2": 71520,
                    "real_x2": 54960,
                    "real_y2": 71625,
                    "r2": 298,
                    "c2": 229,
                    "l2": 4,
                    "p2": -1,
                    "via": 5
                }
            ],
            "patch_num": 1,
            "patchs": [
                492
            ]
        },
        {
            "id": 3307,
            "feature": {
                "wire_width": 140,
                "wire_len": 6960,
                "wire_density": 5.8715188287976976e-05,
                "drc_num": 0,
                "R": 6.214285714285714,
                "C": 0.00027634318856000015,
                "power": 1.1151416638581209e-05,
                "delay": 0.017439418386051425,
                "slew": 2.8789046493948867e-09,
                "congestion": -3.6666666666666665,
                "drc_type": []
            },
            "wire": {
                "id1": 1309141,
                "x1": 54960,
                "y1": 71520,
                "real_x1": 54960,
                "real_y1": 71625,
                "r1": 298,
                "c1": 229,
                "l1": 4,
                "p1": -1,
                "id2": 1324685,
                "x2": 54960,
                "y2": 78480,
                "real_x2": 54960,
                "real_y2": 78495,
                "r2": 327,
                "c2": 229,
                "l2": 4,
                "p2": -1
            },
            "path_num": 1,
            "paths": [
                {
                    "id1": 1309141,
                    "x1": 54960,
                    "y1": 71520,
                    "real_x1": 54960,
                    "real_y1": 71625,
                    "r1": 298,
                    "c1": 229,
                    "l1": 4,
                    "p1": -1,
                    "id2": 1324685,
                    "x2": 54960,
                    "y2": 78480,
                    "real_x2": 54960,
                    "real_y2": 78495,
                    "r2": 327,
                    "c2": 229,
                    "l2": 4,
                    "p2": -1
                }
            ],
            "patch_num": 3,
            "patchs": [
                492,
                522,
                552
            ]
        },
        {
            "id": 3308,
            "feature": {
                "wire_width": 0,
                "wire_len": 0,
                "wire_density": 0.0,
                "drc_num": 0,
                "R": 0.0,
                "C": 0.0,
                "power": 0.0,
                "delay": 0.0,
                "slew": 0.0,
                "congestion": 0.0,
                "drc_type": []
            },
            "wire": {
                "id1": 159957,
                "x1": 54960,
                "y1": 71520,
                "real_x1": 54960,
                "real_y1": 71625,
                "r1": 298,
                "c1": 229,