{
    "id": 86,
    "name": "dpath/b_mux$out[12]",
    "feature": {
        "llx": 44880,
        "lly": 115440,
        "urx": 48000,
        "ury": 118080,
        "wire_len": 5760,
        "via_num": 4,
        "drc_num": 0,
        "drc_type": [],
        "R": 10.285714285714286,
        "C": 0.0030219587592000005,
        "power": 2.1253624276646312e-07,
        "delay": 0.014252604622234287,
        "slew": 0.0029096626985685506,
        "aspect_ratio": 1,
        "width": 3120,
        "height": 2640,
        "area": 8236800,
        "volume": 16473600,
        "layer_ratio": [
            0.0,
            0.0,
            0.5400000214576721,
            0.0,
            0.46000000834465027,
            0.0,
            0.0,
            0.0,
            0.0,
            0.0,
            0.0
        ],
        "place_feature": {
            "pin_num": 2,
            "aspect_ratio": 1,
            "width": 3565,
            "height": 3153,
            "area": 11240445,
            "l_ness": 1.0,
            "hpwl": 6718,
            "rsmt": 6718
        }
    },
    "pin_num": 2,
    "pins": [
        {
            "id": 306,
            "i": "dpath/b_mux/_106_",
            "p": "X",
            "driver": 1
        },
        {
            "id": 307,
            "i": "dpath/b_reg/_121_",
            "p": "A",
            "driver": 0
        }
    ],
    "wire_num": 6,
    "wires": [
        {
            "id": 1292,
            "feature": {
                "wire_width": 0,
                "wire_len": 0,
                "wire_density": 0.0,
                "drc_num": 0,
                "R": 0.0,
                "C": 0.00010810095704000006,
                "power": 4.223782041806615e-06,
                "delay": 0.0,
                "slew": 0.0,
                "congestion": 0.0,
                "drc_type": []
            },
            "wire": {
                "id1": 838491,
                "x1": 44880,
                "y1": 118080,
                "real_x1": 44880,
                "real_y1": 118245,
                "r1": 492,
                "c1": 187,
                "l1": 2,
                "p1": -1,
                "id2": 1413083,
                "x2": 44880,
                "y2": 118080,
                "real_x2": 44880,
                "real_y2": 118245,
                "r2": 492,
                "c2": 187,
                "l2": 4,
                "p2": -1,
                "via": 5
            },
            "path_num": 1,
            "paths": [
                {
                    "id1": 838491,
                    "x1": 44880,
                    "y1": 118080,
                    "real_x1": 44880,
                    "real_y1": 118245,
                    "r1": 492,
                    "c1": 187,
                    "l1": 2,
                    "p1": -1,
                    "id2": 1413083,
                    "x2": 44880,
                    "y2": 118080,
                    "real_x2": 44880,
                    "real_y2": 118245,
                    "r2": 492,
                    "c2": 187,
                    "l2": 4,
                    "p2": -1,
                    "via": 5
                }
            ],
            "patch_num": 1,
            "patchs": [
                820
            ]
        },
        {
            "id": 1293,
            "feature": {
                "wire_width": 0,
                "wire_len": 0,
                "wire_density": 0.0,
                "drc_num": 0,
                "R": 0.0,
                "C": 0.0,
                "power": 0.0,
                "delay": 0.0,
                "slew": 0.0,
                "congestion": 0.0,
                "drc_type": []
            },
            "wire": {
                "id1": 263899,
                "x1": 44880,
                "y1": 118080,
                "real_x1": 44880,
                "real_y1": 118245,
                "r1": 492,
                "c1": 187,
                "l1": 0,
                "p1": 307,
                "id2": 838491,
                "x2": 44880,
                "y2": 118080,
                "real_x2": 44880,
                "real_y2": 118245,
                "r2": 492,
                "c2": 187,
                "l2": 2,
                "p2": -1,
                "via": 0
            },
            "path_num": 1,
            "paths": [
                {
                    "id1": 263899,
                    "x1": 44880,
                    "y1": 118080,
                    "real_x1": 44880,
                    "real_y1": 118245,
                    "r1": 492,
                    "c1": 187,
                    "l1": 0,
                    "p1": 307,
                    "id2": 838491,
                    "x2": 44880,
                    "y2": 118080,
                    "real_x2": 44880,
                    "real_y2": 118245,
                    "r2": 492,
                    "c2": 187,
                    "l2": 2,
                    "p2": -1,
                    "via": 0
                }
            ],
            "patch_num": 1,
            "patchs": [
                820
            ]
        },
        {
            "id": 1294,
            "feature": {
                "wire_width": 0,
                "wire_len": 0,
                "wire_density": 0.0,
                "drc_num": 0,
                "R": 0.0,
                "C": 0.0,
                "power": 0.0,
                "delay": 0.0,
                "slew": 0.0,
                "congestion": 0.0,
                "drc_type": []
            },
            "wire": {
                "id1": 258016,
                "x1": 48000,
                "y1": 115440,
                "real_x1": 48210,
                "real_y1": 115505,
                "r1": 481,
                "c1": 200,
                "l1": 0,
                "p1": 306,
                "id2": 832608,
                "x2": 48000,
                "y2": 115440,
                "real_x2": 48210,
                "real_y2": 115505,
                "r2": 481,
                "c2": 200,
                "l2": 2,
                "p2": -1,
                "via": 0
            },
            "path_num": 1,
            "paths": [
                {
                    "id1": 258016,
                    "x1": 48000,
                    "y1": 115440,
                    "real_x1": 48210,
                    "real_y1": 115505,
                    "r1": 481,
                    "c1": 200,
                    "l1": 0,
                    "p1": 306,
                    "id2": 832608,
                    "x2": 48000,
                    "y2": 115440,
                    "real_x2": 48210,
                    "real_y2": 115505,
                    "r2": 481,
                    "c2": 200,
                    "l2": 2,
                    "p2": -1,
                    "via": 0
                }
            ],
            "patch_num": 1,
            "patchs": [
                791
            ]
        },
        {
            "id": 1295,
            "feature": {
                "wire_width": 140,
                "wire_len": 3120,
                "wire_density": 2.6320601646334507e-05,
                "drc_num": 0,
                "R": 2.7857142857142856,
                "C": 0.00013787842256000014,
                "power": 5.387264101150001e-06,
                "delay": 0.008034223794925716,
                "slew": 2.437577403813229e-09,
                "congestion": 4.0,
                "drc_type": []
            },
            "wire": {
                "id1": 832595,
                "x1": 44880,
                "y1": 115440,
                "real_x1": 44880,
                "real_y1": 115505,
                "r1": 481,
                "c1": 187,