{
    "id": 439,
    "name": "dpath/b_reg/_030_",
    "feature": {
        "llx": 15600,
        "lly": 64800,
        "urx": 18480,
        "ury": 67920,
        "wire_len": 6000,
        "via_num": 4,
        "drc_num": 0,
        "drc_type": [],
        "R": 10.714285714285714,
        "C": 0.00305036636752,
        "power": 2.267688008647094e-07,
        "delay": 0.01494788112858857,
        "slew": 0.0025480835211555003,
        "aspect_ratio": 1,
        "width": 2880,
        "height": 3120,
        "area": 8985600,
        "volume": 17971200,
        "layer_ratio": [
            0.0,
            0.0,
            0.47999998927116394,
            0.0,
            0.5199999809265137,
            0.0,
            0.0,
            0.0,
            0.0,
            0.0,
            0.0
        ],
        "place_feature": {
            "pin_num": 2,
            "aspect_ratio": 1,
            "width": 2686,
            "height": 3507,
            "area": 9419802,
            "l_ness": 1.0,
            "hpwl": 6193,
            "rsmt": 6193
        }
    },
    "pin_num": 2,
    "pins": [
        {
            "id": 1141,
            "i": "dpath/b_reg/_075_",
            "p": "X",
            "driver": 1
        },
        {
            "id": 1142,
            "i": "dpath/b_reg/_110_",
            "p": "A",
            "driver": 0
        }
    ],
    "wire_num": 7,
    "wires": [
        {
            "id": 4517,
            "feature": {
                "wire_width": 140,
                "wire_len": 480,
                "wire_density": null,
                "drc_num": 0,
                "R": 0.4285714285714288,
                "C": 2.601769423999983e-05,
                "power": 1.0745524040237792e-06,
                "delay": 0.0010954361546742855,
                "slew": 1.690494272343912e-11,
                "congestion": -4.0,
                "drc_type": []
            },
            "wire": {
                "id1": 719387,
                "x1": 18000,
                "y1": 64800,
                "real_x1": 18000,
                "real_y1": 64965,
                "r1": 270,
                "c1": 75,
                "l1": 2,
                "p1": -1,
                "id2": 719389,
                "x2": 18480,
                "y2": 64800,
                "real_x2": 18480,
                "real_y2": 64965,
                "r2": 270,
                "c2": 77,
                "l2": 2,
                "p2": -1
            },
            "path_num": 1,
            "paths": [
                {
                    "id1": 719387,
                    "x1": 18000,
                    "y1": 64800,
                    "real_x1": 18000,
                    "real_y1": 64965,
                    "r1": 270,
                    "c1": 75,
                    "l1": 2,
                    "p1": -1,
                    "id2": 719389,
                    "x2": 18480,
                    "y2": 64800,
                    "real_x2": 18480,
                    "real_y2": 64965,
                    "r2": 270,
                    "c2": 77,
                    "l2": 2,
                    "p2": -1
                }
            ],
            "patch_num": 1,
            "patchs": [
                454
            ]
        },
        {
            "id": 4518,
            "feature": {
                "wire_width": 140,
                "wire_len": 2400,
                "wire_density": null,
                "drc_num": 0,
                "R": 2.142857142857143,
                "C": 0.00010737095120000014,
                "power": 4.4345095560735834e-06,
                "delay": 0.006306418749257143,
                "slew": 1.963464751897348e-09,
                "congestion": -1.5,
                "drc_type": []
            },
            "wire": {
                "id1": 726345,
                "x1": 15600,
                "y1": 67920,
                "real_x1": 15600,
                "real_y1": 67920,
                "r1": 283,
                "c1": 65,
                "l1": 2,
                "p1": -1,
                "id2": 726355,
                "x2": 18000,
                "y2": 67920,
                "real_x2": 18000,
                "real_y2": 67920,
                "r2": 283,
                "c2": 75,
                "l2": 2,
                "p2": -1
            },
            "path_num": 1,
            "paths": [
                {
                    "id1": 726345,
                    "x1": 15600,
                    "y1": 67920,
                    "real_x1": 15600,
                    "real_y1": 67920,
                    "r1": 283,
                    "c1": 65,
                    "l1": 2,
                    "p1": -1,
                    "id2": 726355,
                    "x2": 18000,
                    "y2": 67920,
                    "real_x2": 18000,
                    "real_y2": 67920,
                    "r2": 283,
                    "c2": 75,
                    "l2": 2,
                    "p2": -1
                }
            ],
            "patch_num": 2,
            "patchs": [
                453,
                454
            ]
        },
        {
            "id": 4519,
            "feature": {
                "wire_width": 0,
                "wire_len": 0,
                "wire_density": 0.0,
                "drc_num": 0,
                "R": 0.0,
                "C": 0.00012679453832000007,
                "power": 5.236719853497749e-06,
                "delay": 0.0,
                "slew": 0.0,
                "congestion": 0.0,
                "drc_type": []
            },
            "wire": {
                "id1": 719387,
                "x1": 18000,
                "y1": 64800,
                "real_x1": 18000,
                "real_y1": 64965,
                "r1": 270,
                "c1": 75,
                "l1": 2,
                "p1": -1,
                "id2": 1293979,
                "x2": 18000,
                "y2": 64800,
                "real_x2": 18000,
                "real_y2": 64965,
                "r2": 270,
                "c2": 75,
                "l2": 4,
                "p2": -1,
                "via": 5
            },
            "path_num": 1,
            "paths": [
                {
                    "id1": 719387,
                    "x1": 18000,
                    "y1": 64800,
                    "real_x1": 18000,
                    "real_y1": 64965,
                    "r1": 270,
                    "c1": 75,
                    "l1": 2,
                    "p1": -1,
                    "id2": 1293979,
                    "x2": 18000,
                    "y2": 64800,
                    "real_x2": 18000,
                    "real_y2": 64965,
                    "r2": 270,
                    "c2": 75,
                    "l2": 4,
                    "p2": -1,
                    "via": 5
                }
            ],
            "patch_num": 1,
            "patchs": [
                454
            ]
        },
        {
            "id": 4520,
            "feature": {
                "wire_width": 0,
                "wire_len": 0,
                "wire_density": 0.0,
                "drc_num": 0,
                "R": 0.0,
                "C": 0.00010737095120000014,
                "power": 4.434509556073597e-06,
                "delay": 0.0,
                "slew": 0.0,
                "congestion": 0.0,
                "drc_type": []
            },
            "wire": {
                "id1": 726355,
                "x1": 18000,
                "y1": 67920,
                "real_x1": 18000,
                "real_y1": 67920,
                "r1": 283,
                "c1": 75,
                "l1": 2,
                "p1": -1,