{
    "id": 324,
    "name": "dpath/a_reg/_031_",
    "feature": {
        "llx": 37680,
        "lly": 70320,
        "urx": 48720,
        "ury": 72240,
        "wire_len": 13680,
        "via_num": 4,
        "drc_num": 0,
        "drc_type": [],
        "R": 24.428571428571423,
        "C": 0.0036980573280000007,
        "power": 2.3226440982508245e-07,
        "delay": 0.03805894495889142,
        "slew": 0.013427297211900453,
        "aspect_ratio": 6,
        "width": 11040,
        "height": 1920,
        "area": 21196800,
        "volume": 42393600,
        "layer_ratio": [
            0.0,
            0.0,
            0.8600000143051147,
            0.0,
            0.14000000059604645,
            0.0,
            0.0,
            0.0,
            0.0,
            0.0,
            0.0
        ],
        "place_feature": {
            "pin_num": 2,
            "aspect_ratio": 146,
            "width": 11234,
            "height": 77,
            "area": 865018,
            "l_ness": 1.0,
            "hpwl": 11311,
            "rsmt": 11311
        }
    },
    "pin_num": 2,
    "pins": [
        {
            "id": 881,
            "i": "dpath/a_reg/_076_",
            "p": "X",
            "driver": 1
        },
        {
            "id": 882,
            "i": "dpath/a_reg/_113_",
            "p": "A",
            "driver": 0
        }
    ],
    "wire_num": 6,
    "wires": [
        {
            "id": 3554,
            "feature": {
                "wire_width": 0,
                "wire_len": 0,
                "wire_density": 0.0,
                "drc_num": 0,
                "R": 0.0,
                "C": 0.0005039680788800002,
                "power": 1.7584885797179326e-05,
                "delay": 0.0,
                "slew": 0.0,
                "congestion": 0.0,
                "drc_type": []
            },
            "wire": {
                "id1": 159885,
                "x1": 37680,
                "y1": 71520,
                "real_x1": 37680,
                "real_y1": 71625,
                "r1": 298,
                "c1": 157,
                "l1": 0,
                "p1": 882,
                "id2": 734477,
                "x2": 37680,
                "y2": 71520,
                "real_x2": 37680,
                "real_y2": 71625,
                "r2": 298,
                "c2": 157,
                "l2": 2,
                "p2": -1,
                "via": 0
            },
            "path_num": 1,
            "paths": [
                {
                    "id1": 159885,
                    "x1": 37680,
                    "y1": 71520,
                    "real_x1": 37680,
                    "real_y1": 71625,
                    "r1": 298,
                    "c1": 157,
                    "l1": 0,
                    "p1": 882,
                    "id2": 734477,
                    "x2": 37680,
                    "y2": 71520,
                    "real_x2": 37680,
                    "real_y2": 71625,
                    "r2": 298,
                    "c2": 157,
                    "l2": 2,
                    "p2": -1,
                    "via": 0
                }
            ],
            "patch_num": 1,
            "patchs": [
                488
            ]
        },
        {
            "id": 3555,
            "feature": {
                "wire_width": 140,
                "wire_len": 1920,
                "wire_density": 1.6197293320821236e-05,
                "drc_num": 0,
                "R": 1.714285714285714,
                "C": 8.006058512000005e-05,
                "power": 2.793542498404501e-06,
                "delay": 0.006202280130651428,
                "slew": 4.770248397678589e-09,
                "congestion": -5.5,
                "drc_type": []
            },
            "wire": {
                "id1": 1306435,
                "x1": 48720,
                "y1": 70320,
                "real_x1": 48720,
                "real_y1": 70445,
                "r1": 293,
                "c1": 203,
                "l1": 4,
                "p1": -1,
                "id2": 1310723,
                "x2": 48720,
                "y2": 72240,
                "real_x2": 48720,
                "real_y2": 72240,
                "r2": 301,
                "c2": 203,
                "l2": 4,
                "p2": -1
            },
            "path_num": 1,
            "paths": [
                {
                    "id1": 1306435,
                    "x1": 48720,
                    "y1": 70320,
                    "real_x1": 48720,
                    "real_y1": 70445,
                    "r1": 293,
                    "c1": 203,
                    "l1": 4,
                    "p1": -1,
                    "id2": 1310723,
                    "x2": 48720,
                    "y2": 72240,
                    "real_x2": 48720,
                    "real_y2": 72240,
                    "r2": 301,
                    "c2": 203,
                    "l2": 4,
                    "p2": -1
                }
            ],
            "patch_num": 1,
            "patchs": [
                491
            ]
        },
        {
            "id": 3556,
            "feature": {
                "wire_width": 0,
                "wire_len": 0,
                "wire_density": 0.0,
                "drc_num": 0,
                "R": 0.0,
                "C": 0.0,
                "power": 0.0,
                "delay": 0.0,
                "slew": 0.0,
                "congestion": 0.0,
                "drc_type": []
            },
            "wire": {
                "id1": 731843,
                "x1": 48720,
                "y1": 70320,
                "real_x1": 48720,
                "real_y1": 70445,
                "r1": 293,
                "c1": 203,
                "l1": 2,
                "p1": -1,
                "id2": 1306435,
                "x2": 48720,
                "y2": 70320,
                "real_x2": 48720,
                "real_y2": 70445,
                "r2": 293,
                "c2": 203,
                "l2": 4,
                "p2": -1,
                "via": 5
            },
            "path_num": 1,
            "paths": [
                {
                    "id1": 731843,
                    "x1": 48720,
                    "y1": 70320,
                    "real_x1": 48720,
                    "real_y1": 70445,
                    "r1": 293,
                    "c1": 203,
                    "l1": 2,
                    "p1": -1,
                    "id2": 1306435,
                    "x2": 48720,
                    "y2": 70320,
                    "real_x2": 48720,
                    "real_y2": 70445,
                    "r2": 293,
                    "c2": 203,
                    "l2": 4,
                    "p2": -1,
                    "via": 5
                }
            ],
            "patch_num": 1,
            "patchs": [
                491
            ]
        },
        {
            "id": 3557,
            "feature": {
                "wire_width": 0,
                "wire_len": 0,
                "wire_density": 0.0,
                "drc_num": 0,
                "R": 0.0,
                "C": 0.0,
                "power": 0.0,
                "delay": 0.0,
                "slew": 6.938893903907228e-18,
                "congestion": 0.0,
                "drc_type": []
            },
            "wire": {
                "id1": 157251,
                "x1": 48720,
                "y1": 70320,
                "real_x1": 48720,
                "real_y1": 70445,
                "r1": 293,
                "c1": 203,
                "l1": 0,
                "p1": 881,
                "id2": 731843,