{
    "id": 209,
    "name": "dpath/a_mux/_020_",
    "feature": {
        "llx": 82080,
        "lly": 97920,
        "urx": 82800,
        "ury": 100320,
        "wire_len": 3120,
        "via_num": 4,
        "drc_num": 0,
        "drc_type": [],
        "R": 5.571428571428571,
        "C": 0.00303988203552,
        "power": 2.5335523263091795e-07,
        "delay": 0.008078277260674286,
        "slew": 0.000978823163096644,
        "aspect_ratio": 3,
        "width": 720,
        "height": 2400,
        "area": 1728000,
        "volume": 3456000,
        "layer_ratio": [
            0.0,
            0.0,
            0.23000000417232513,
            0.0,
            0.7699999809265137,
            0.0,
            0.0,
            0.0,
            0.0,
            0.0,
            0.0
        ],
        "place_feature": {
            "pin_num": 2,
            "aspect_ratio": 15,
            "width": 238,
            "height": 3557,
            "area": 846566,
            "l_ness": 1.0,
            "hpwl": 3795,
            "rsmt": 3795
        }
    },
    "pin_num": 2,
    "pins": [
        {
            "id": 602,
            "i": "dpath/a_mux/_213_",
            "p": "X",
            "driver": 1
        },
        {
            "id": 603,
            "i": "dpath/a_mux/_150_",
            "p": "A2",
            "driver": 0
        }
    ],
    "wire_num": 6,
    "wires": [
        {
            "id": 2356,
            "feature": {
                "wire_width": 0,
                "wire_len": 0,
                "wire_density": 0.0,
                "drc_num": 0,
                "R": 0.0,
                "C": 9.875416640000006e-05,
                "power": 4.572524801437004e-06,
                "delay": 0.0,
                "slew": 0.0,
                "congestion": 0.0,
                "drc_type": []
            },
            "wire": {
                "id1": 793625,
                "x1": 82800,
                "y1": 97920,
                "real_x1": 82800,
                "real_y1": 98135,
                "r1": 408,
                "c1": 345,
                "l1": 2,
                "p1": -1,
                "id2": 1368217,
                "x2": 82800,
                "y2": 97920,
                "real_x2": 82800,
                "real_y2": 98135,
                "r2": 408,
                "c2": 345,
                "l2": 4,
                "p2": -1,
                "via": 5
            },
            "path_num": 1,
            "paths": [
                {
                    "id1": 793625,
                    "x1": 82800,
                    "y1": 97920,
                    "real_x1": 82800,
                    "real_y1": 98135,
                    "r1": 408,
                    "c1": 345,
                    "l1": 2,
                    "p1": -1,
                    "id2": 1368217,
                    "x2": 82800,
                    "y2": 97920,
                    "real_x2": 82800,
                    "real_y2": 98135,
                    "r2": 408,
                    "c2": 345,
                    "l2": 4,
                    "p2": -1,
                    "via": 5
                }
            ],
            "patch_num": 1,
            "patchs": [
                679
            ]
        },
        {
            "id": 2357,
            "feature": {
                "wire_width": 140,
                "wire_len": 2400,
                "wire_density": 2.0246616651026542e-05,
                "drc_num": 0,
                "R": 2.142857142857143,
                "C": 9.875416640000006e-05,
                "power": 4.572524801437004e-06,
                "delay": 0.006147330356571429,
                "slew": 5.849612877417698e-10,
                "congestion": 2.5,
                "drc_type": []
            },
            "wire": {
                "id1": 1368217,
                "x1": 82800,
                "y1": 97920,
                "real_x1": 82800,
                "real_y1": 98135,
                "r1": 408,
                "c1": 345,
                "l1": 4,
                "p1": -1,
                "id2": 1373577,
                "x2": 82800,
                "y2": 100320,
                "real_x2": 82800,
                "real_y2": 100415,
                "r2": 418,
                "c2": 345,
                "l2": 4,
                "p2": -1
            },
            "path_num": 1,
            "paths": [
                {
                    "id1": 1368217,
                    "x1": 82800,
                    "y1": 97920,
                    "real_x1": 82800,
                    "real_y1": 98135,
                    "r1": 408,
                    "c1": 345,
                    "l1": 4,
                    "p1": -1,
                    "id2": 1373577,
                    "x2": 82800,
                    "y2": 100320,
                    "real_x2": 82800,
                    "real_y2": 100415,
                    "r2": 418,
                    "c2": 345,
                    "l2": 4,
                    "p2": -1
                }
            ],
            "patch_num": 2,
            "patchs": [
                679,
                709
            ]
        },
        {
            "id": 2358,
            "feature": {
                "wire_width": 140,
                "wire_len": 720,
                "wire_density": null,
                "drc_num": 0,
                "R": 0.6428571428571428,
                "C": 3.618685135999998e-05,
                "power": 1.6755270320373424e-06,
                "delay": 0.001930946904102857,
                "slew": 4.086925867174962e-10,
                "congestion": -2.0,
                "drc_type": []
            },
            "wire": {
                "id1": 798982,
                "x1": 82080,
                "y1": 100320,
                "real_x1": 82290,
                "real_y1": 100415,
                "r1": 418,
                "c1": 342,
                "l1": 2,
                "p1": -1,
                "id2": 798985,
                "x2": 82800,
                "y2": 100320,
                "real_x2": 82800,
                "real_y2": 100415,
                "r2": 418,
                "c2": 345,
                "l2": 2,
                "p2": -1
            },
            "path_num": 1,
            "paths": [
                {
                    "id1": 798982,
                    "x1": 82080,
                    "y1": 100320,
                    "real_x1": 82290,
                    "real_y1": 100415,
                    "r1": 418,
                    "c1": 342,
                    "l1": 2,
                    "p1": -1,
                    "id2": 798985,
                    "x2": 82800,
                    "y2": 100320,
                    "real_x2": 82800,
                    "real_y2": 100415,
                    "r2": 418,
                    "c2": 345,
                    "l2": 2,
                    "p2": -1
                }
            ],
            "patch_num": 1,
            "patchs": [
                709
            ]
        },
        {
            "id": 2359,
            "feature": {
                "wire_width": 0,
                "wire_len": 0,
                "wire_density": 0.0,
                "drc_num": 0,
                "R": 0.0,
                "C": 0.0,
                "power": 0.0,
                "delay": 0.0,
                "slew": 0.0,
                "congestion": 0.0,
                "drc_type": []
            },
            "wire": {
                "id1": 224390,
                "x1": 82080,
                "y1": 100320,
                "real_x1": 82290,
                "real_y1": 100415,
                "r1": 418,
                "c1": 342,
                "l1": 0,