{
    "id": 574,
    "name": "dpath/sub/_074_",
    "feature": {
        "llx": 96720,
        "lly": 21360,
        "urx": 104400,
        "ury": 22560,
        "wire_len": 9120,
        "via_num": 2,
        "drc_num": 0,
        "drc_type": [],
        "R": 16.28571428571428,
        "C": 0.005074214701120001,
        "power": 1.6440455631628803e-07,
        "delay": 0.038125731283131424,
        "slew": 0.009771544267674195,
        "aspect_ratio": 6,
        "width": 7680,
        "height": 1200,
        "area": 9216000,
        "volume": 9216000,
        "layer_ratio": [
            0.0,
            0.0,
            1.0,
            0.0,
            0.0,
            0.0,
            0.0,
            0.0,
            0.0,
            0.0,
            0.0
        ],
        "place_feature": {
            "pin_num": 2,
            "aspect_ratio": 15,
            "width": 7302,
            "height": 500,
            "area": 3651000,
            "l_ness": 1.0,
            "hpwl": 7802,
            "rsmt": 7802
        }
    },
    "pin_num": 2,
    "pins": [
        {
            "id": 1497,
            "i": "dpath/sub/_136_",
            "p": "Y",
            "driver": 1
        },
        {
            "id": 1498,
            "i": "dpath/sub/_137_",
            "p": "B1",
            "driver": 0
        }
    ],
    "wire_num": 3,
    "wires": [
        {
            "id": 5844,
            "feature": {
                "wire_width": 0,
                "wire_len": 0,
                "wire_density": 0.0,
                "drc_num": 0,
                "R": 0.0,
                "C": 0.0,
                "power": 0.0,
                "delay": 0.0,
                "slew": 0.0,
                "congestion": 0.0,
                "drc_type": []
            },
            "wire": {
                "id1": 50819,
                "x1": 104400,
                "y1": 22560,
                "real_x1": 104400,
                "real_y1": 22795,
                "r1": 94,
                "c1": 435,
                "l1": 0,
                "p1": 1497,
                "id2": 625411,
                "x2": 104400,
                "y2": 22560,
                "real_x2": 104400,
                "real_y2": 22795,
                "r2": 94,
                "c2": 435,
                "l2": 2,
                "p2": -1,
                "via": 0
            },
            "path_num": 1,
            "paths": [
                {
                    "id1": 50819,
                    "x1": 104400,
                    "y1": 22560,
                    "real_x1": 104400,
                    "real_y1": 22795,
                    "r1": 94,
                    "c1": 435,
                    "l1": 0,
                    "p1": 1497,
                    "id2": 625411,
                    "x2": 104400,
                    "y2": 22560,
                    "real_x2": 104400,
                    "real_y2": 22795,
                    "r2": 94,
                    "c2": 435,
                    "l2": 2,
                    "p2": -1,
                    "via": 0
                }
            ],
            "patch_num": 1,
            "patchs": [
                174
            ]
        },
        {
            "id": 5845,
            "feature": {
                "wire_width": 0,
                "wire_len": 0,
                "wire_density": 0.0,
                "drc_num": 0,
                "R": 0.0,
                "C": 0.00039210735056000035,
                "power": 7.057932310080005e-06,
                "delay": 0.0,
                "slew": 0.0,
                "congestion": 0.0,
                "drc_type": []
            },
            "wire": {
                "id1": 48643,
                "x1": 96720,
                "y1": 21600,
                "real_x1": 96750,
                "real_y1": 21790,
                "r1": 90,
                "c1": 403,
                "l1": 0,
                "p1": 1498,
                "id2": 623235,
                "x2": 96720,
                "y2": 21600,
                "real_x2": 96750,
                "real_y2": 21790,
                "r2": 90,
                "c2": 403,
                "l2": 2,
                "p2": -1,
                "via": 0
            },
            "path_num": 1,
            "paths": [
                {
                    "id1": 48643,
                    "x1": 96720,
                    "y1": 21600,
                    "real_x1": 96750,
                    "real_y1": 21790,
                    "r1": 90,
                    "c1": 403,
                    "l1": 0,
                    "p1": 1498,
                    "id2": 623235,
                    "x2": 96720,
                    "y2": 21600,
                    "real_x2": 96750,
                    "real_y2": 21790,
                    "r2": 90,
                    "c2": 403,
                    "l2": 2,
                    "p2": -1,
                    "via": 0
                }
            ],
            "patch_num": 1,
            "patchs": [
                172
            ]
        },
        {
            "id": 5846,
            "feature": {
                "wire_width": 140,
                "wire_len": 9120,
                "wire_density": 7.693714327390087e-05,
                "drc_num": 0,
                "R": 8.14285714285714,
                "C": 0.00039210735056000035,
                "power": 7.057932310080005e-06,
                "delay": 0.038125731283131424,
                "slew": 1.0458551177872089e-08,
                "congestion": 19.5,
                "drc_type": []
            },
            "wire": {
                "id1": 625411,
                "x1": 104400,
                "y1": 22560,
                "real_x1": 104400,
                "real_y1": 22795,
                "r1": 94,
                "c1": 435,
                "l1": 2,
                "p1": -1,
                "id2": 623235,
                "x2": 96720,
                "y2": 21600,
                "real_x2": 96750,
                "real_y2": 21790,
                "r2": 90,
                "c2": 403,
                "l2": 2,
                "p2": -1
            },
            "path_num": 5,
            "paths": [
                {
                    "id1": 625411,
                    "x1": 104400,
                    "y1": 22560,
                    "real_x1": 104400,
                    "real_y1": 22795,
                    "r1": 94,
                    "c1": 435,
                    "l1": 2,
                    "p1": -1,
                    "id2": 625398,
                    "x2": 101280,
                    "y2": 22560,
                    "real_x2": 101280,
                    "real_y2": 22795,
                    "r2": 94,
                    "c2": 422,
                    "l2": 2,
                    "p2": -1
                },
                {
                    "id1": 625398,
                    "x1": 101280,
                    "y1": 22560,
                    "real_x1": 101280,
                    "real_y1": 22795,
                    "r1": 94,
                    "c1": 422,
                    "l1": 2,
                    "p1": -1,
                    "id2": 622718,
                    "x2": 101280,
                    "y2": 21360,
                    "real_x2": 101280,
                    "real_y2": 21360,
                    "r2": 89,
                    "c2": 422,
                    "l2": 2,
                    "p2": -1
                },
                {
                    "id1": 622718,
                    "x1": 101280,
                    "y1": 21360,
                    "real_x1": 101280,
                    "real_y1": 21360,
                    "r1": 89,
                    "c1": 422,