{
    "id": 314,
    "name": "dpath/a_reg/_021_",
    "feature": {
        "llx": 103920,
        "lly": 78000,
        "urx": 107760,
        "ury": 78480,
        "wire_len": 4320,
        "via_num": 2,
        "drc_num": 0,
        "drc_type": [],
        "R": 7.714285714285714,
        "C": 0.00290744841632,
        "power": 1.8605749723472242e-07,
        "delay": 0.010486507660045715,
        "slew": 0.0012446078990006049,
        "aspect_ratio": 8,
        "width": 3840,
        "height": 480,
        "area": 1843200,
        "volume": 1843200,
        "layer_ratio": [
            0.0,
            0.0,
            1.0,
            0.0,
            0.0,
            0.0,
            0.0,
            0.0,
            0.0,
            0.0,
            0.0
        ],
        "place_feature": {
            "pin_num": 2,
            "aspect_ratio": 47,
            "width": 3646,
            "height": 77,
            "area": 280742,
            "l_ness": 1.0,
            "hpwl": 3723,
            "rsmt": 3723
        }
    },
    "pin_num": 2,
    "pins": [
        {
            "id": 861,
            "i": "dpath/a_reg/_081_",
            "p": "X",
            "driver": 1
        },
        {
            "id": 862,
            "i": "dpath/a_reg/_128_",
            "p": "A",
            "driver": 0
        }
    ],
    "wire_num": 3,
    "wires": [
        {
            "id": 3493,
            "feature": {
                "wire_width": 0,
                "wire_len": 0,
                "wire_density": 0.0,
                "drc_num": 0,
                "R": 0.0,
                "C": 0.0,
                "power": 0.0,
                "delay": 0.0,
                "slew": 0.0,
                "congestion": 0.0,
                "drc_type": []
            },
            "wire": {
                "id1": 175705,
                "x1": 103920,
                "y1": 78480,
                "real_x1": 103920,
                "real_y1": 78495,
                "r1": 327,
                "c1": 433,
                "l1": 0,
                "p1": 861,
                "id2": 750297,
                "x2": 103920,
                "y2": 78480,
                "real_x2": 103920,
                "real_y2": 78495,
                "r2": 327,
                "c2": 433,
                "l2": 2,
                "p2": -1,
                "via": 0
            },
            "path_num": 1,
            "paths": [
                {
                    "id1": 175705,
                    "x1": 103920,
                    "y1": 78480,
                    "real_x1": 103920,
                    "real_y1": 78495,
                    "r1": 327,
                    "c1": 433,
                    "l1": 0,
                    "p1": 861,
                    "id2": 750297,
                    "x2": 103920,
                    "y2": 78480,
                    "real_x2": 103920,
                    "real_y2": 78495,
                    "r2": 327,
                    "c2": 433,
                    "l2": 2,
                    "p2": -1,
                    "via": 0
                }
            ],
            "patch_num": 1,
            "patchs": [
                564
            ]
        },
        {
            "id": 3494,
            "feature": {
                "wire_width": 0,
                "wire_len": 0,
                "wire_density": 0.0,
                "drc_num": 0,
                "R": 0.0,
                "C": 0.00018872420816,
                "power": 6.7095016373876275e-06,
                "delay": 0.0,
                "slew": 0.0,
                "congestion": 0.0,
                "drc_type": []
            },
            "wire": {
                "id1": 174649,
                "x1": 107760,
                "y1": 78000,
                "real_x1": 107760,
                "real_y1": 78125,
                "r1": 325,
                "c1": 449,
                "l1": 0,
                "p1": 862,
                "id2": 749241,
                "x2": 107760,
                "y2": 78000,
                "real_x2": 107760,
                "real_y2": 78125,
                "r2": 325,
                "c2": 449,
                "l2": 2,
                "p2": -1,
                "via": 0
            },
            "path_num": 1,
            "paths": [
                {
                    "id1": 174649,
                    "x1": 107760,
                    "y1": 78000,
                    "real_x1": 107760,
                    "real_y1": 78125,
                    "r1": 325,
                    "c1": 449,
                    "l1": 0,
                    "p1": 862,
                    "id2": 749241,
                    "x2": 107760,
                    "y2": 78000,
                    "real_x2": 107760,
                    "real_y2": 78125,
                    "r2": 325,
                    "c2": 449,
                    "l2": 2,
                    "p2": -1,
                    "via": 0
                }
            ],
            "patch_num": 1,
            "patchs": [
                564
            ]
        },
        {
            "id": 3495,
            "feature": {
                "wire_width": 140,
                "wire_len": 4320,
                "wire_density": 3.644390997184778e-05,
                "drc_num": 0,
                "R": 3.857142857142857,
                "C": 0.00018872420816,
                "power": 6.7095016373876275e-06,
                "delay": 0.010486507660045715,
                "slew": 1.5813920450913344e-09,
                "congestion": 6.0,
                "drc_type": []
            },
            "wire": {
                "id1": 750297,
                "x1": 103920,
                "y1": 78480,
                "real_x1": 103920,
                "real_y1": 78495,
                "r1": 327,
                "c1": 433,
                "l1": 2,
                "p1": -1,
                "id2": 749241,
                "x2": 107760,
                "y2": 78000,
                "real_x2": 107760,
                "real_y2": 78125,
                "r2": 325,
                "c2": 449,
                "l2": 2,
                "p2": -1
            },
            "path_num": 2,
            "paths": [
                {
                    "id1": 750297,
                    "x1": 103920,
                    "y1": 78480,
                    "real_x1": 103920,
                    "real_y1": 78495,
                    "r1": 327,
                    "c1": 433,
                    "l1": 2,
                    "p1": -1,
                    "id2": 750313,
                    "x2": 107760,
                    "y2": 78480,
                    "real_x2": 107760,
                    "real_y2": 78495,
                    "r2": 327,
                    "c2": 449,
                    "l2": 2,
                    "p2": -1
                },
                {
                    "id1": 750313,
                    "x1": 107760,
                    "y1": 78480,
                    "real_x1": 107760,
                    "real_y1": 78495,
                    "r1": 327,
                    "c1": 449,
                    "l1": 2,
                    "p1": -1,
                    "id2": 749241,
                    "x2": 107760,
                    "y2": 78000,
                    "real_x2": 107760,
                    "real_y2": 78125,
                    "r2": 325,
                    "c2": 449,
                    "l2": 2,
                    "p2": -1
                }
            ],
            "patch_num": 1,
            "patchs": [
                564
            ]
        }
    ],
    "routing_graph": {
        "vertices": [
            {
                "id": 0,
                "is_pin": 0,