{
    "id": 337,
    "name": "dpath/a_reg/_044_",
    "feature": {
        "llx": 113760,
        "lly": 55200,
        "urx": 115920,
        "ury": 58800,
        "wire_len": 5760,
        "via_num": 4,
        "drc_num": 0,
        "drc_type": [],
        "R": 10.285714285714285,
        "C": 0.0031953798273600003,
        "power": 2.3056754857520954e-07,
        "delay": 0.015153412305754288,
        "slew": 0.0032056400871891405,
        "aspect_ratio": 2,
        "width": 2160,
        "height": 3600,
        "area": 7776000,
        "volume": 15552000,
        "layer_ratio": [
            0.0,
            0.0,
            0.3799999952316284,
            0.0,
            0.6299999952316284,
            0.0,
            0.0,
            0.0,
            0.0,
            0.0,
            0.0
        ],
        "place_feature": {
            "pin_num": 2,
            "aspect_ratio": 2,
            "width": 1249,
            "height": 2699,
            "area": 3371051,
            "l_ness": 1.0,
            "hpwl": 3948,
            "rsmt": 3948
        }
    },
    "pin_num": 2,
    "pins": [
        {
            "id": 913,
            "i": "dpath/a_reg/_100_",
            "p": "X",
            "driver": 1
        },
        {
            "id": 914,
            "i": "dpath/a_reg/_072_",
            "p": "A1",
            "driver": 0
        }
    ],
    "wire_num": 6,
    "wires": [
        {
            "id": 3678,
            "feature": {
                "wire_width": 0,
                "wire_len": 0,
                "wire_density": 0.0,
                "drc_num": 0,
                "R": 0.0,
                "C": 9.720179407999999e-05,
                "power": 3.896525015802485e-06,
                "delay": 0.0,
                "slew": 0.0,
                "congestion": 0.0,
                "drc_type": []
            },
            "wire": {
                "id1": 706395,
                "x1": 115920,
                "y1": 58800,
                "real_x1": 115920,
                "real_y1": 58800,
                "r1": 245,
                "c1": 483,
                "l1": 2,
                "p1": -1,
                "id2": 1280987,
                "x2": 115920,
                "y2": 58800,
                "real_x2": 115920,
                "real_y2": 58800,
                "r2": 245,
                "c2": 483,
                "l2": 4,
                "p2": -1,
                "via": 5
            },
            "path_num": 1,
            "paths": [
                {
                    "id1": 706395,
                    "x1": 115920,
                    "y1": 58800,
                    "real_x1": 115920,
                    "real_y1": 58800,
                    "r1": 245,
                    "c1": 483,
                    "l1": 2,
                    "p1": -1,
                    "id2": 1280987,
                    "x2": 115920,
                    "y2": 58800,
                    "real_x2": 115920,
                    "real_y2": 58800,
                    "r2": 245,
                    "c2": 483,
                    "l2": 4,
                    "p2": -1,
                    "via": 5
                }
            ],
            "patch_num": 1,
            "patchs": [
                416
            ]
        },
        {
            "id": 3679,
            "feature": {
                "wire_width": 0,
                "wire_len": 0,
                "wire_density": 0.0,
                "drc_num": 0,
                "R": 0.0,
                "C": 0.0,
                "power": 0.0,
                "delay": 0.0,
                "slew": 0.0,
                "congestion": 0.0,
                "drc_type": []
            },
            "wire": {
                "id1": 131794,
                "x1": 113760,
                "y1": 58800,
                "real_x1": 113970,
                "real_y1": 58800,
                "r1": 245,
                "c1": 474,
                "l1": 0,
                "p1": 913,
                "id2": 706386,
                "x2": 113760,
                "y2": 58800,
                "real_x2": 113970,
                "real_y2": 58800,
                "r2": 245,
                "c2": 474,
                "l2": 2,
                "p2": -1,
                "via": 0
            },
            "path_num": 1,
            "paths": [
                {
                    "id1": 131794,
                    "x1": 113760,
                    "y1": 58800,
                    "real_x1": 113970,
                    "real_y1": 58800,
                    "r1": 245,
                    "c1": 474,
                    "l1": 0,
                    "p1": 913,
                    "id2": 706386,
                    "x2": 113760,
                    "y2": 58800,
                    "real_x2": 113970,
                    "real_y2": 58800,
                    "r2": 245,
                    "c2": 474,
                    "l2": 2,
                    "p2": -1,
                    "via": 0
                }
            ],
            "patch_num": 1,
            "patchs": [
                416
            ]
        },
        {
            "id": 3680,
            "feature": {
                "wire_width": 140,
                "wire_len": 3600,
                "wire_density": 3.0369924976539817e-05,
                "drc_num": 0,
                "R": 3.2142857142857135,
                "C": 0.00014548811960000008,
                "power": 5.832177305872439e-06,
                "delay": 0.009178354670142858,
                "slew": 1.9261518838242786e-09,
                "congestion": -3.5,
                "drc_type": []
            },
            "wire": {
                "id1": 1272947,
                "x1": 115920,
                "y1": 55200,
                "real_x1": 115920,
                "real_y1": 55430,
                "r1": 230,
                "c1": 483,
                "l1": 4,
                "p1": -1,
                "id2": 1280987,
                "x2": 115920,
                "y2": 58800,
                "real_x2": 115920,
                "real_y2": 58800,
                "r2": 245,
                "c2": 483,
                "l2": 4,
                "p2": -1
            },
            "path_num": 1,
            "paths": [
                {
                    "id1": 1272947,
                    "x1": 115920,
                    "y1": 55200,
                    "real_x1": 115920,
                    "real_y1": 55430,
                    "r1": 230,
                    "c1": 483,
                    "l1": 4,
                    "p1": -1,
                    "id2": 1280987,
                    "x2": 115920,
                    "y2": 58800,
                    "real_x2": 115920,
                    "real_y2": 58800,
                    "r2": 245,
                    "c2": 483,
                    "l2": 4,
                    "p2": -1
                }
            ],
            "patch_num": 2,
            "patchs": [
                386,
                416
            ]
        },
        {
            "id": 3681,
            "feature": {
                "wire_width": 0,
                "wire_len": 0,
                "wire_density": 0.0,
                "drc_num": 0,
                "R": 0.0,
                "C": 0.00014548811960000008,
                "power": 5.832177305872452e-06,
                "delay": 0.0,
                "slew": 0.0,
                "congestion": 0.0,
                "drc_type": []
            },
            "wire": {
                "id1": 698355,
                "x1": 115920,
                "y1": 55200,
                "real_x1": 115980,
                "real_y1": 55430,
                "r1": 230,
                "c1": 483,