{
    "id": 281,
    "name": "dpath/a_mux/_092_",
    "feature": {
        "llx": 85200,
        "lly": 100320,
        "urx": 89040,
        "ury": 101760,
        "wire_len": 5520,
        "via_num": 4,
        "drc_num": 0,
        "drc_type": [],
        "R": 9.857142857142856,
        "C": 0.00300984410976,
        "power": 2.1658324372696103e-07,
        "delay": 0.013657778250685714,
        "slew": 0.0009121065589961508,
        "aspect_ratio": 3,
        "width": 3840,
        "height": 1440,
        "area": 5529600,
        "volume": 11059200,
        "layer_ratio": [
            0.0,
            0.0,
            0.7400000095367432,
            0.0,
            0.25999999046325684,
            0.0,
            0.0,
            0.0,
            0.0,
            0.0,
            0.0
        ],
        "place_feature": {
            "pin_num": 2,
            "aspect_ratio": 18,
            "width": 2965,
            "height": 164,
            "area": 486260,
            "l_ness": 1.0,
            "hpwl": 3129,
            "rsmt": 3129
        }
    },
    "pin_num": 2,
    "pins": [
        {
            "id": 791,
            "i": "dpath/a_mux/_157_",
            "p": "Y",
            "driver": 1
        },
        {
            "id": 792,
            "i": "dpath/a_mux/_223_",
            "p": "A",
            "driver": 0
        }
    ],
    "wire_num": 6,
    "wires": [
        {
            "id": 3255,
            "feature": {
                "wire_width": 0,
                "wire_len": 0,
                "wire_density": 0.0,
                "drc_num": 0,
                "R": 0.0,
                "C": 6.136700384000004e-05,
                "power": 2.453258239147336e-06,
                "delay": 0.0,
                "slew": 0.0,
                "congestion": 0.0,
                "drc_type": []
            },
            "wire": {
                "id1": 802211,
                "x1": 85200,
                "y1": 101760,
                "real_x1": 85200,
                "real_y1": 101965,
                "r1": 424,
                "c1": 355,
                "l1": 2,
                "p1": -1,
                "id2": 1376803,
                "x2": 85200,
                "y2": 101760,
                "real_x2": 85200,
                "real_y2": 101965,
                "r2": 424,
                "c2": 355,
                "l2": 4,
                "p2": -1,
                "via": 5
            },
            "path_num": 1,
            "paths": [
                {
                    "id1": 802211,
                    "x1": 85200,
                    "y1": 101760,
                    "real_x1": 85200,
                    "real_y1": 101965,
                    "r1": 424,
                    "c1": 355,
                    "l1": 2,
                    "p1": -1,
                    "id2": 1376803,
                    "x2": 85200,
                    "y2": 101760,
                    "real_x2": 85200,
                    "real_y2": 101965,
                    "r2": 424,
                    "c2": 355,
                    "l2": 4,
                    "p2": -1,
                    "via": 5
                }
            ],
            "patch_num": 1,
            "patchs": [
                709
            ]
        },
        {
            "id": 3256,
            "feature": {
                "wire_width": 140,
                "wire_len": 1440,
                "wire_density": 1.2147969990615926e-05,
                "drc_num": 0,
                "R": 1.2857142857142856,
                "C": 6.136700384000004e-05,
                "power": 2.4532582391473495e-06,
                "delay": 0.0037908991361828566,
                "slew": 7.915060620811154e-10,
                "congestion": 6.0,
                "drc_type": []
            },
            "wire": {
                "id1": 1373587,
                "x1": 85200,
                "y1": 100320,
                "real_x1": 85200,
                "real_y1": 100415,
                "r1": 418,
                "c1": 355,
                "l1": 4,
                "p1": -1,
                "id2": 1376803,
                "x2": 85200,
                "y2": 101760,
                "real_x2": 85200,
                "real_y2": 101965,
                "r2": 424,
                "c2": 355,
                "l2": 4,
                "p2": -1
            },
            "path_num": 1,
            "paths": [
                {
                    "id1": 1373587,
                    "x1": 85200,
                    "y1": 100320,
                    "real_x1": 85200,
                    "real_y1": 100415,
                    "r1": 418,
                    "c1": 355,
                    "l1": 4,
                    "p1": -1,
                    "id2": 1376803,
                    "x2": 85200,
                    "y2": 101760,
                    "real_x2": 85200,
                    "real_y2": 101965,
                    "r2": 424,
                    "c2": 355,
                    "l2": 4,
                    "p2": -1
                }
            ],
            "patch_num": 1,
            "patchs": [
                709
            ]
        },
        {
            "id": 3258,
            "feature": {
                "wire_width": 0,
                "wire_len": 0,
                "wire_density": 0.0,
                "drc_num": 0,
                "R": 0.0,
                "C": 0.00017855505103999986,
                "power": 7.138064801849283e-06,
                "delay": 0.0,
                "slew": 0.0,
                "congestion": 0.0,
                "drc_type": []
            },
            "wire": {
                "id1": 227099,
                "x1": 89040,
                "y1": 101520,
                "real_x1": 89040,
                "real_y1": 101535,
                "r1": 423,
                "c1": 371,
                "l1": 0,
                "p1": 792,
                "id2": 801691,
                "x2": 89040,
                "y2": 101520,
                "real_x2": 89040,
                "real_y2": 101535,
                "r2": 423,
                "c2": 371,
                "l2": 2,
                "p2": -1,
                "via": 0
            },
            "path_num": 1,
            "paths": [
                {
                    "id1": 227099,
                    "x1": 89040,
                    "y1": 101520,
                    "real_x1": 89040,
                    "real_y1": 101535,
                    "r1": 423,
                    "c1": 371,
                    "l1": 0,
                    "p1": 792,
                    "id2": 801691,
                    "x2": 89040,
                    "y2": 101520,
                    "real_x2": 89040,
                    "real_y2": 101535,
                    "r2": 423,
                    "c2": 371,
                    "l2": 2,
                    "p2": -1,
                    "via": 0
                }
            ],
            "patch_num": 1,
            "patchs": [
                710
            ]
        },
        {
            "id": 3259,
            "feature": {
                "wire_width": 0,
                "wire_len": 0,
                "wire_density": 0.0,
                "drc_num": 0,
                "R": 0.0,
                "C": 0.0,
                "power": 0.0,
                "delay": 0.0,
                "slew": 0.0,
                "congestion": 0.0,
                "drc_type": []
            },
            "wire": {
                "id1": 224403,
                "x1": 85200,
                "y1": 100320,
                "real_x1": 85290,
                "real_y1": 100415,
                "r1": 418,
                "c1": 355,
                "l1": 0,