{
    "id": 149,
    "name": "dpath/a_lt_b/_050_",
    "feature": {
        "llx": 45840,
        "lly": 35040,
        "urx": 46800,
        "ury": 36960,
        "wire_len": 2880,
        "via_num": 4,
        "drc_num": 0,
        "drc_type": [],
        "R": 5.142857142857142,
        "C": 0.0032228331872000003,
        "power": 9.976252198707546e-08,
        "delay": 0.007951370013394285,
        "slew": 0.0007794186859985744,
        "aspect_ratio": 2,
        "width": 960,
        "height": 1920,
        "area": 1843200,
        "volume": 3686400,
        "layer_ratio": [
            0.0,
            0.0,
            0.33000001311302185,
            0.0,
            0.6700000166893005,
            0.0,
            0.0,
            0.0,
            0.0,
            0.0,
            0.0
        ],
        "place_feature": {
            "pin_num": 2,
            "aspect_ratio": 3,
            "width": 986,
            "height": 3078,
            "area": 3034908,
            "l_ness": 1.0,
            "hpwl": 4064,
            "rsmt": 4064
        }
    },
    "pin_num": 2,
    "pins": [
        {
            "id": 467,
            "i": "dpath/a_lt_b/_108_",
            "p": "X",
            "driver": 1
        },
        {
            "id": 468,
            "i": "dpath/a_lt_b/_109_",
            "p": "B1",
            "driver": 0
        }
    ],
    "wire_num": 6,
    "wires": [
        {
            "id": 1847,
            "feature": {
                "wire_width": 0,
                "wire_len": 0,
                "wire_density": 0.0,
                "drc_num": 0,
                "R": 0.0,
                "C": 0.0,
                "power": 0.0,
                "delay": 0.0,
                "slew": 0.0,
                "congestion": 0.0,
                "drc_type": []
            },
            "wire": {
                "id1": 82739,
                "x1": 46800,
                "y1": 36960,
                "real_x1": 46800,
                "real_y1": 37145,
                "r1": 154,
                "c1": 195,
                "l1": 0,
                "p1": 467,
                "id2": 657331,
                "x2": 46800,
                "y2": 36960,
                "real_x2": 46800,
                "real_y2": 37145,
                "r2": 154,
                "c2": 195,
                "l2": 2,
                "p2": -1,
                "via": 0
            },
            "path_num": 1,
            "paths": [
                {
                    "id1": 82739,
                    "x1": 46800,
                    "y1": 36960,
                    "real_x1": 46800,
                    "real_y1": 37145,
                    "r1": 154,
                    "c1": 195,
                    "l1": 0,
                    "p1": 467,
                    "id2": 657331,
                    "x2": 46800,
                    "y2": 36960,
                    "real_x2": 46800,
                    "real_y2": 37145,
                    "r2": 154,
                    "c2": 195,
                    "l2": 2,
                    "p2": -1,
                    "via": 0
                }
            ],
            "patch_num": 1,
            "patchs": [
                250
            ]
        },
        {
            "id": 1848,
            "feature": {
                "wire_width": 0,
                "wire_len": 0,
                "wire_density": 0.0,
                "drc_num": 0,
                "R": 0.0,
                "C": 4.6356008480000124e-05,
                "power": 7.971923471259784e-07,
                "delay": 0.0,
                "slew": 0.0,
                "congestion": 0.0,
                "drc_type": []
            },
            "wire": {
                "id1": 657327,
                "x1": 45840,
                "y1": 36960,
                "real_x1": 45840,
                "real_y1": 37145,
                "r1": 154,
                "c1": 191,
                "l1": 2,
                "p1": -1,
                "id2": 1231919,
                "x2": 45840,
                "y2": 36960,
                "real_x2": 45840,
                "real_y2": 37145,
                "r2": 154,
                "c2": 191,
                "l2": 4,
                "p2": -1,
                "via": 5
            },
            "path_num": 1,
            "paths": [
                {
                    "id1": 657327,
                    "x1": 45840,
                    "y1": 36960,
                    "real_x1": 45840,
                    "real_y1": 37145,
                    "r1": 154,
                    "c1": 191,
                    "l1": 2,
                    "p1": -1,
                    "id2": 1231919,
                    "x2": 45840,
                    "y2": 36960,
                    "real_x2": 45840,
                    "real_y2": 37145,
                    "r2": 154,
                    "c2": 191,
                    "l2": 4,
                    "p2": -1,
                    "via": 5
                }
            ],
            "patch_num": 1,
            "patchs": [
                250
            ]
        },
        {
            "id": 1849,
            "feature": {
                "wire_width": 0,
                "wire_len": 0,
                "wire_density": 0.0,
                "drc_num": 0,
                "R": 0.0,
                "C": 8.006058512000005e-05,
                "power": 1.3768158186360774e-06,
                "delay": 0.0,
                "slew": 0.0,
                "congestion": 0.0,
                "drc_type": []
            },
            "wire": {
                "id1": 653039,
                "x1": 45840,
                "y1": 35040,
                "real_x1": 45840,
                "real_y1": 35245,
                "r1": 146,
                "c1": 191,
                "l1": 2,
                "p1": -1,
                "id2": 1227631,
                "x2": 45840,
                "y2": 35040,
                "real_x2": 45840,
                "real_y2": 35245,
                "r2": 146,
                "c2": 191,
                "l2": 4,
                "p2": -1,
                "via": 5
            },
            "path_num": 1,
            "paths": [
                {
                    "id1": 653039,
                    "x1": 45840,
                    "y1": 35040,
                    "real_x1": 45840,
                    "real_y1": 35245,
                    "r1": 146,
                    "c1": 191,
                    "l1": 2,
                    "p1": -1,
                    "id2": 1227631,
                    "x2": 45840,
                    "y2": 35040,
                    "real_x2": 45840,
                    "real_y2": 35245,
                    "r2": 146,
                    "c2": 191,
                    "l2": 4,
                    "p2": -1,
                    "via": 5
                }
            ],
            "patch_num": 1,
            "patchs": [
                250
            ]
        },
        {
            "id": 1850,
            "feature": {
                "wire_width": 140,
                "wire_len": 960,
                "wire_density": 8.098646660410618e-06,
                "drc_num": 0,
                "R": 0.857142857142857,
                "C": 4.6356008480000124e-05,
                "power": 7.971923471259852e-07,
                "delay": 0.0027226947246171427,
                "slew": 4.4054702941220825e-10,
                "congestion": -1.0,
                "drc_type": []
            },
            "wire": {
                "id1": 657327,
                "x1": 45840,
                "y1": 36960,
                "real_x1": 45840,
                "real_y1": 37145,
                "r1": 154,
                "c1": 191,