{
    "id": 477,
    "name": "dpath/b_zero/_02_",
    "feature": {
        "llx": 50880,
        "lly": 74160,
        "urx": 58320,
        "ury": 75120,
        "wire_len": 9120,
        "via_num": 2,
        "drc_num": 0,
        "drc_type": [],
        "R": 16.28571428571428,
        "C": 0.00361421470112,
        "power": 1.1710055631628801e-07,
        "delay": 0.02623715985455999,
        "slew": 0.008194292891129794,
        "aspect_ratio": 8,
        "width": 7440,
        "height": 960,
        "area": 7142400,
        "volume": 7142400,
        "layer_ratio": [
            0.0,
            0.0,
            1.0,
            0.0,
            0.0,
            0.0,
            0.0,
            0.0,
            0.0,
            0.0,
            0.0
        ],
        "place_feature": {
            "pin_num": 2,
            "aspect_ratio": 268,
            "width": 7238,
            "height": 27,
            "area": 195426,
            "l_ness": 1.0,
            "hpwl": 7265,
            "rsmt": 7265
        }
    },
    "pin_num": 2,
    "pins": [
        {
            "id": 1232,
            "i": "dpath/b_zero/_44_",
            "p": "X",
            "driver": 1
        },
        {
            "id": 1233,
            "i": "dpath/b_zero/_28_",
            "p": "B",
            "driver": 0
        }
    ],
    "wire_num": 3,
    "wires": [
        {
            "id": 4851,
            "feature": {
                "wire_width": 0,
                "wire_len": 0,
                "wire_density": 0.0,
                "drc_num": 0,
                "R": 0.0,
                "C": 0.0003921073505599999,
                "power": 7.057932310080005e-06,
                "delay": 0.0,
                "slew": 0.0,
                "congestion": 0.0,
                "drc_type": []
            },
            "wire": {
                "id1": 168010,
                "x1": 58080,
                "y1": 75120,
                "real_x1": 58280,
                "real_y1": 75120,
                "r1": 313,
                "c1": 242,
                "l1": 0,
                "p1": 1233,
                "id2": 742602,
                "x2": 58080,
                "y2": 75120,
                "real_x2": 58280,
                "real_y2": 75120,
                "r2": 313,
                "c2": 242,
                "l2": 2,
                "p2": -1,
                "via": 0
            },
            "path_num": 1,
            "paths": [
                {
                    "id1": 168010,
                    "x1": 58080,
                    "y1": 75120,
                    "real_x1": 58280,
                    "real_y1": 75120,
                    "r1": 313,
                    "c1": 242,
                    "l1": 0,
                    "p1": 1233,
                    "id2": 742602,
                    "x2": 58080,
                    "y2": 75120,
                    "real_x2": 58280,
                    "real_y2": 75120,
                    "r2": 313,
                    "c2": 242,
                    "l2": 2,
                    "p2": -1,
                    "via": 0
                }
            ],
            "patch_num": 1,
            "patchs": [
                523
            ]
        },
        {
            "id": 4852,
            "feature": {
                "wire_width": 0,
                "wire_len": 0,
                "wire_density": 0.0,
                "drc_num": 0,
                "R": 0.0,
                "C": 0.0,
                "power": 0.0,
                "delay": 0.0,
                "slew": 0.0,
                "congestion": 0.0,
                "drc_type": []
            },
            "wire": {
                "id1": 166908,
                "x1": 50880,
                "y1": 74640,
                "real_x1": 51090,
                "real_y1": 74640,
                "r1": 311,
                "c1": 212,
                "l1": 0,
                "p1": 1232,
                "id2": 741500,
                "x2": 50880,
                "y2": 74640,
                "real_x2": 51090,
                "real_y2": 74640,
                "r2": 311,
                "c2": 212,
                "l2": 2,
                "p2": -1,
                "via": 0
            },
            "path_num": 1,
            "paths": [
                {
                    "id1": 166908,
                    "x1": 50880,
                    "y1": 74640,
                    "real_x1": 51090,
                    "real_y1": 74640,
                    "r1": 311,
                    "c1": 212,
                    "l1": 0,
                    "p1": 1232,
                    "id2": 741500,
                    "x2": 50880,
                    "y2": 74640,
                    "real_x2": 51090,
                    "real_y2": 74640,
                    "r2": 311,
                    "c2": 212,
                    "l2": 2,
                    "p2": -1,
                    "via": 0
                }
            ],
            "patch_num": 1,
            "patchs": [
                521
            ]
        },
        {
            "id": 4853,
            "feature": {
                "wire_width": 140,
                "wire_len": 9120,
                "wire_density": 7.693714327390087e-05,
                "drc_num": 0,
                "R": 8.14285714285714,
                "C": 0.0003921073505599999,
                "power": 7.057932310079998e-06,
                "delay": 0.02623715985455999,
                "slew": 9.079965113123478e-09,
                "congestion": 15.333333333333332,
                "drc_type": []
            },
            "wire": {
                "id1": 742602,
                "x1": 58080,
                "y1": 75120,
                "real_x1": 58280,
                "real_y1": 75120,
                "r1": 313,
                "c1": 242,
                "l1": 2,
                "p1": -1,
                "id2": 741500,
                "x2": 50880,
                "y2": 74640,
                "real_x2": 51090,
                "real_y2": 74640,
                "r2": 311,
                "c2": 212,
                "l2": 2,
                "p2": -1
            },
            "path_num": 5,
            "paths": [
                {
                    "id1": 742602,
                    "x1": 58080,
                    "y1": 75120,
                    "real_x1": 58280,
                    "real_y1": 75120,
                    "r1": 313,
                    "c1": 242,
                    "l1": 2,
                    "p1": -1,
                    "id2": 742603,
                    "x2": 58320,
                    "y2": 75120,
                    "real_x2": 58320,
                    "real_y2": 75120,
                    "r2": 313,
                    "c2": 243,
                    "l2": 2,
                    "p2": -1
                },
                {
                    "id1": 742603,
                    "x1": 58320,
                    "y1": 75120,
                    "real_x1": 58320,
                    "real_y1": 75120,
                    "r1": 313,
                    "c1": 243,
                    "l1": 2,
                    "p1": -1,
                    "id2": 740459,
                    "x2": 58320,
                    "y2": 74160,
                    "real_x2": 58320,
                    "real_y2": 74160,
                    "r2": 309,
                    "c2": 243,
                    "l2": 2,
                    "p2": -1
                },
                {
                    "id1": 740459,
                    "x1": 58320,
                    "y1": 74160,
                    "real_x1": 58320,
                    "real_y1": 74160,
                    "r1": 309,
                    "c1": 243,