{
    "id": 155,
    "name": "dpath/a_lt_b/_056_",
    "feature": {
        "llx": 78000,
        "lly": 91680,
        "urx": 88560,
        "ury": 95760,
        "wire_len": 15600,
        "via_num": 4,
        "drc_num": 0,
        "drc_type": [],
        "R": 27.857142857142854,
        "C": 0.00662596124528,
        "power": 2.1468114434707202e-07,
        "delay": 0.0832355572498457,
        "slew": 0.043059887242729904,
        "aspect_ratio": 3,
        "width": 10560,
        "height": 4080,
        "area": 43084800,
        "volume": 86169600,
        "layer_ratio": [
            0.0,
            0.0,
            0.7400000095367432,
            0.0,
            0.25999999046325684,
            0.0,
            0.0,
            0.0,
            0.0,
            0.0,
            0.0
        ],
        "place_feature": {
            "pin_num": 2,
            "aspect_ratio": 3,
            "width": 10563,
            "height": 3557,
            "area": 37572591,
            "l_ness": 1.0,
            "hpwl": 14120,
            "rsmt": 14120
        }
    },
    "pin_num": 2,
    "pins": [
        {
            "id": 479,
            "i": "dpath/a_lt_b/_114_",
            "p": "X",
            "driver": 1
        },
        {
            "id": 480,
            "i": "dpath/a_lt_b/_116_",
            "p": "A",
            "driver": 0
        }
    ],
    "wire_num": 6,
    "wires": [
        {
            "id": 1886,
            "feature": {
                "wire_width": 0,
                "wire_len": 0,
                "wire_density": 0.0,
                "drc_num": 0,
                "R": 0.0,
                "C": 0.0,
                "power": 0.0,
                "delay": 0.0,
                "slew": 0.0,
                "congestion": 0.0,
                "drc_type": []
            },
            "wire": {
                "id1": 205121,
                "x1": 88560,
                "y1": 91680,
                "real_x1": 88560,
                "real_y1": 91815,
                "r1": 382,
                "c1": 369,
                "l1": 0,
                "p1": 479,
                "id2": 779713,
                "x2": 88560,
                "y2": 91680,
                "real_x2": 88560,
                "real_y2": 91815,
                "r2": 382,
                "c2": 369,
                "l2": 2,
                "p2": -1,
                "via": 0
            },
            "path_num": 1,
            "paths": [
                {
                    "id1": 205121,
                    "x1": 88560,
                    "y1": 91680,
                    "real_x1": 88560,
                    "real_y1": 91815,
                    "r1": 382,
                    "c1": 369,
                    "l1": 0,
                    "p1": 479,
                    "id2": 779713,
                    "x2": 88560,
                    "y2": 91680,
                    "real_x2": 88560,
                    "real_y2": 91815,
                    "r2": 382,
                    "c2": 369,
                    "l2": 2,
                    "p2": -1,
                    "via": 0
                }
            ],
            "patch_num": 1,
            "patchs": [
                650
            ]
        },
        {
            "id": 1887,
            "feature": {
                "wire_width": 140,
                "wire_len": 4080,
                "wire_density": 3.4419248306745123e-05,
                "drc_num": 0,
                "R": 3.642857142857143,
                "C": 0.0001641817008800001,
                "power": 2.95527061584e-06,
                "delay": 0.023539339768885715,
                "slew": 2.7685435777247136e-08,
                "congestion": -5.0,
                "drc_type": []
            },
            "wire": {
                "id1": 1354305,
                "x1": 88560,
                "y1": 91680,
                "real_x1": 88560,
                "real_y1": 91815,
                "r1": 382,
                "c1": 369,
                "l1": 4,
                "p1": -1,
                "id2": 1363417,
                "x2": 88560,
                "y2": 95760,
                "real_x2": 88560,
                "real_y2": 95760,
                "r2": 399,
                "c2": 369,
                "l2": 4,
                "p2": -1
            },
            "path_num": 1,
            "paths": [
                {
                    "id1": 1354305,
                    "x1": 88560,
                    "y1": 91680,
                    "real_x1": 88560,
                    "real_y1": 91815,
                    "r1": 382,
                    "c1": 369,
                    "l1": 4,
                    "p1": -1,
                    "id2": 1363417,
                    "x2": 88560,
                    "y2": 95760,
                    "real_x2": 88560,
                    "real_y2": 95760,
                    "r2": 399,
                    "c2": 369,
                    "l2": 4,
                    "p2": -1
                }
            ],
            "patch_num": 2,
            "patchs": [
                650,
                680
            ]
        },
        {
            "id": 1888,
            "feature": {
                "wire_width": 0,
                "wire_len": 0,
                "wire_density": 0.0,
                "drc_num": 0,
                "R": 0.0,
                "C": 0.0001641817008800001,
                "power": 2.95527061584e-06,
                "delay": 0.0,
                "slew": 0.0,
                "congestion": 0.0,
                "drc_type": []
            },
            "wire": {
                "id1": 788825,
                "x1": 88560,
                "y1": 95760,
                "real_x1": 88560,
                "real_y1": 95760,
                "r1": 399,
                "c1": 369,
                "l1": 2,
                "p1": -1,
                "id2": 1363417,
                "x2": 88560,
                "y2": 95760,
                "real_x2": 88560,
                "real_y2": 95760,
                "r2": 399,
                "c2": 369,
                "l2": 4,
                "p2": -1,
                "via": 5
            },
            "path_num": 1,
            "paths": [
                {
                    "id1": 788825,
                    "x1": 88560,
                    "y1": 95760,
                    "real_x1": 88560,
                    "real_y1": 95760,
                    "r1": 399,
                    "c1": 369,
                    "l1": 2,
                    "p1": -1,
                    "id2": 1363417,
                    "x2": 88560,
                    "y2": 95760,
                    "real_x2": 88560,
                    "real_y2": 95760,
                    "r2": 399,
                    "c2": 369,
                    "l2": 4,
                    "p2": -1,
                    "via": 5
                }
            ],
            "patch_num": 1,
            "patchs": [
                680
            ]
        },
        {
            "id": 1889,
            "feature": {
                "wire_width": 0,
                "wire_len": 0,
                "wire_density": 0.0,
                "drc_num": 0,
                "R": 0.0,
                "C": 0.0004937989217600001,
                "power": 8.888380591679998e-06,
                "delay": 0.0,
                "slew": 0.0,
                "congestion": 0.0,
                "drc_type": []
            },
            "wire": {
                "id1": 212045,
                "x1": 78000,
                "y1": 94800,
                "real_x1": 78000,
                "real_y1": 94875,
                "r1": 395,
                "c1": 325,
                "l1": 0,
                "p1": 480,