{
    "id": 399,
    "name": "dpath/b_mux/_040_",
    "feature": {
        "llx": 15120,
        "lly": 14640,
        "urx": 18000,
        "ury": 14880,
        "wire_len": 3120,
        "via_num": 2,
        "drc_num": 0,
        "drc_type": [],
        "R": 5.571428571428571,
        "C": 0.0028057568451200004,
        "power": 1.9462992758476501e-07,
        "delay": 0.007431947034274286,
        "slew": 0.0007033350027517427,
        "aspect_ratio": 12,
        "width": 2880,
        "height": 240,
        "area": 691200,
        "volume": 691200,
        "layer_ratio": [
            0.0,
            0.0,
            1.0,
            0.0,
            0.0,
            0.0,
            0.0,
            0.0,
            0.0,
            0.0,
            0.0
        ],
        "place_feature": {
            "pin_num": 2,
            "aspect_ratio": 35,
            "width": 2686,
            "height": 77,
            "area": 206822,
            "l_ness": 1.0,
            "hpwl": 2763,
            "rsmt": 2763
        }
    },
    "pin_num": 2,
    "pins": [
        {
            "id": 1055,
            "i": "dpath/b_mux/_052_",
            "p": "X",
            "driver": 1
        },
        {
            "id": 1056,
            "i": "dpath/b_mux/_073_",
            "p": "A",
            "driver": 0
        }
    ],
    "wire_num": 3,
    "wires": [
        {
            "id": 4241,
            "feature": {
                "wire_width": 0,
                "wire_len": 0,
                "wire_density": 0.0,
                "drc_num": 0,
                "R": 0.0,
                "C": 0.00013787842256000014,
                "power": 5.313533107441121e-06,
                "delay": 0.0,
                "slew": 0.0,
                "congestion": 0.0,
                "drc_type": []
            },
            "wire": {
                "id1": 33307,
                "x1": 18000,
                "y1": 14880,
                "real_x1": 18000,
                "real_y1": 15115,
                "r1": 62,
                "c1": 75,
                "l1": 0,
                "p1": 1056,
                "id2": 607899,
                "x2": 18000,
                "y2": 14880,
                "real_x2": 18000,
                "real_y2": 15115,
                "r2": 62,
                "c2": 75,
                "l2": 2,
                "p2": -1,
                "via": 0
            },
            "path_num": 1,
            "paths": [
                {
                    "id1": 33307,
                    "x1": 18000,
                    "y1": 14880,
                    "real_x1": 18000,
                    "real_y1": 15115,
                    "r1": 62,
                    "c1": 75,
                    "l1": 0,
                    "p1": 1056,
                    "id2": 607899,
                    "x2": 18000,
                    "y2": 14880,
                    "real_x2": 18000,
                    "real_y2": 15115,
                    "r2": 62,
                    "c2": 75,
                    "l2": 2,
                    "p2": -1,
                    "via": 0
                }
            ],
            "patch_num": 1,
            "patchs": [
                94
            ]
        },
        {
            "id": 4242,
            "feature": {
                "wire_width": 0,
                "wire_len": 0,
                "wire_density": 0.0,
                "drc_num": 0,
                "R": 0.0,
                "C": 0.0,
                "power": 0.0,
                "delay": 0.0,
                "slew": 0.0,
                "congestion": 0.0,
                "drc_type": []
            },
            "wire": {
                "id1": 32759,
                "x1": 15120,
                "y1": 14640,
                "real_x1": 15120,
                "real_y1": 14640,
                "r1": 61,
                "c1": 63,
                "l1": 0,
                "p1": 1055,
                "id2": 607351,
                "x2": 15120,
                "y2": 14640,
                "real_x2": 15120,
                "real_y2": 14640,
                "r2": 61,
                "c2": 63,
                "l2": 2,
                "p2": -1,
                "via": 0
            },
            "path_num": 1,
            "paths": [
                {
                    "id1": 32759,
                    "x1": 15120,
                    "y1": 14640,
                    "real_x1": 15120,
                    "real_y1": 14640,
                    "r1": 61,
                    "c1": 63,
                    "l1": 0,
                    "p1": 1055,
                    "id2": 607351,
                    "x2": 15120,
                    "y2": 14640,
                    "real_x2": 15120,
                    "real_y2": 14640,
                    "r2": 61,
                    "c2": 63,
                    "l2": 2,
                    "p2": -1,
                    "via": 0
                }
            ],
            "patch_num": 1,
            "patchs": [
                93
            ]
        },
        {
            "id": 4243,
            "feature": {
                "wire_width": 140,
                "wire_len": 3120,
                "wire_density": 2.6320601646334507e-05,
                "drc_num": 0,
                "R": 2.7857142857142856,
                "C": 0.00013787842256000014,
                "power": 5.313533107441135e-06,
                "delay": 0.007431947034274286,
                "slew": 7.096910628612285e-10,
                "congestion": 4.0,
                "drc_type": []
            },
            "wire": {
                "id1": 607899,
                "x1": 18000,
                "y1": 14880,
                "real_x1": 18000,
                "real_y1": 15115,
                "r1": 62,
                "c1": 75,
                "l1": 2,
                "p1": -1,
                "id2": 607351,
                "x2": 15120,
                "y2": 14640,
                "real_x2": 15120,
                "real_y2": 14640,
                "r2": 61,
                "c2": 63,
                "l2": 2,
                "p2": -1
            },
            "path_num": 2,
            "paths": [
                {
                    "id1": 607899,
                    "x1": 18000,
                    "y1": 14880,
                    "real_x1": 18000,
                    "real_y1": 15115,
                    "r1": 62,
                    "c1": 75,
                    "l1": 2,
                    "p1": -1,
                    "id2": 607363,
                    "x2": 18000,
                    "y2": 14640,
                    "real_x2": 18000,
                    "real_y2": 14640,
                    "r2": 61,
                    "c2": 75,
                    "l2": 2,
                    "p2": -1
                },
                {
                    "id1": 607363,
                    "x1": 18000,
                    "y1": 14640,
                    "real_x1": 18000,
                    "real_y1": 14640,
                    "r1": 61,
                    "c1": 75,
                    "l1": 2,
                    "p1": -1,
                    "id2": 607351,
                    "x2": 15120,
                    "y2": 14640,
                    "real_x2": 15120,
                    "real_y2": 14640,
                    "r2": 61,
                    "c2": 63,
                    "l2": 2,
                    "p2": -1
                }
            ],
            "patch_num": 2,
            "patchs": [
                93,
                94
            ]
        }
    ],
    "routing_graph": {
        "vertices": [
            {
                "id": 0,
                "is_pin": 0,
                "is_driver_pin": 0,