{
    "id": 417,
    "name": "dpath/b_reg/_008_",
    "feature": {
        "llx": 3360,
        "lly": 12240,
        "urx": 6720,
        "ury": 18960,
        "wire_len": 10080,
        "via_num": 4,
        "drc_num": 0,
        "drc_type": [],
        "R": 18.0,
        "C": 0.0026114467152000003,
        "power": 1.9399679162412542e-07,
        "delay": 0.019685497191839995,
        "slew": 0.005559409590726538,
        "aspect_ratio": 2,
        "width": 3360,
        "height": 6720,
        "area": 22579200,
        "volume": 45158400,
        "layer_ratio": [
            0.0,
            0.0,
            0.33000001311302185,
            0.0,
            0.6700000166893005,
            0.0,
            0.0,
            0.0,
            0.0,
            0.0,
            0.0
        ],
        "place_feature": {
            "pin_num": 2,
            "aspect_ratio": 2,
            "width": 3437,
            "height": 6316,
            "area": 21708092,
            "l_ness": 1.0,
            "hpwl": 9753,
            "rsmt": 9753
        }
    },
    "pin_num": 2,
    "pins": [
        {
            "id": 1097,
            "i": "dpath/b_reg/_092_",
            "p": "X",
            "driver": 1
        },
        {
            "id": 1098,
            "i": "dpath/b_reg/_134_",
            "p": "D",
            "driver": 0
        }
    ],
    "wire_num": 7,
    "wires": [
        {
            "id": 4372,
            "feature": {
                "wire_width": 140,
                "wire_len": 3120,
                "wire_density": null,
                "drc_num": 0,
                "R": 2.7857142857142856,
                "C": 0.00013787842256000014,
                "power": 5.690326416292143e-06,
                "delay": 0.006890654529497143,
                "slew": 4.881593556466113e-09,
                "congestion": 2.0,
                "drc_type": []
            },
            "wire": {
                "id1": 616951,
                "x1": 3600,
                "y1": 18960,
                "real_x1": 3600,
                "real_y1": 18960,
                "r1": 79,
                "c1": 15,
                "l1": 2,
                "p1": -1,
                "id2": 616964,
                "x2": 6720,
                "y2": 18960,
                "real_x2": 6930,
                "real_y2": 18960,
                "r2": 79,
                "c2": 28,
                "l2": 2,
                "p2": -1
            },
            "path_num": 1,
            "paths": [
                {
                    "id1": 616951,
                    "x1": 3600,
                    "y1": 18960,
                    "real_x1": 3600,
                    "real_y1": 18960,
                    "r1": 79,
                    "c1": 15,
                    "l1": 2,
                    "p1": -1,
                    "id2": 616964,
                    "x2": 6720,
                    "y2": 18960,
                    "real_x2": 6930,
                    "real_y2": 18960,
                    "r2": 79,
                    "c2": 28,
                    "l2": 2,
                    "p2": -1
                }
            ],
            "patch_num": 2,
            "patchs": [
                120,
                121
            ]
        },
        {
            "id": 4373,
            "feature": {
                "wire_width": 0,
                "wire_len": 0,
                "wire_density": 0.0,
                "drc_num": 0,
                "R": 0.0,
                "C": 1.58485371199999e-05,
                "power": 6.540787728716459e-07,
                "delay": 0.0,
                "slew": 0.0,
                "congestion": 0.0,
                "drc_type": []
            },
            "wire": {
                "id1": 27350,
                "x1": 3360,
                "y1": 12240,
                "real_x1": 3550,
                "real_y1": 12260,
                "r1": 51,
                "c1": 14,
                "l1": 0,
                "p1": 1098,
                "id2": 601942,
                "x2": 3360,
                "y2": 12240,
                "real_x2": 3550,
                "real_y2": 12260,
                "r2": 51,
                "c2": 14,
                "l2": 2,
                "p2": -1,
                "via": 0
            },
            "path_num": 1,
            "paths": [
                {
                    "id1": 27350,
                    "x1": 3360,
                    "y1": 12240,
                    "real_x1": 3550,
                    "real_y1": 12260,
                    "r1": 51,
                    "c1": 14,
                    "l1": 0,
                    "p1": 1098,
                    "id2": 601942,
                    "x2": 3360,
                    "y2": 12240,
                    "real_x2": 3550,
                    "real_y2": 12260,
                    "r2": 51,
                    "c2": 14,
                    "l2": 2,
                    "p2": -1,
                    "via": 0
                }
            ],
            "patch_num": 1,
            "patchs": [
                60
            ]
        },
        {
            "id": 4374,
            "feature": {
                "wire_width": 140,
                "wire_len": 6720,
                "wire_density": null,
                "drc_num": 0,
                "R": 5.999999999999999,
                "C": 0.00026699639792000015,
                "power": 1.1019103844750464e-05,
                "delay": 0.012412160832959995,
                "slew": 4.075721427021506e-09,
                "congestion": -1.0,
                "drc_type": []
            },
            "wire": {
                "id1": 1176535,
                "x1": 3600,
                "y1": 12240,
                "real_x1": 3600,
                "real_y1": 12260,
                "r1": 51,
                "c1": 15,
                "l1": 4,
                "p1": -1,
                "id2": 1191543,
                "x2": 3600,
                "y2": 18960,
                "real_x2": 3600,
                "real_y2": 18960,
                "r2": 79,
                "c2": 15,
                "l2": 4,
                "p2": -1
            },
            "path_num": 1,
            "paths": [
                {
                    "id1": 1176535,
                    "x1": 3600,
                    "y1": 12240,
                    "real_x1": 3600,
                    "real_y1": 12260,
                    "r1": 51,
                    "c1": 15,
                    "l1": 4,
                    "p1": -1,
                    "id2": 1191543,
                    "x2": 3600,
                    "y2": 18960,
                    "real_x2": 3600,
                    "real_y2": 18960,
                    "r2": 79,
                    "c2": 15,
                    "l2": 4,
                    "p2": -1
                }
            ],
            "patch_num": 3,
            "patchs": [
                60,
                90,
                120
            ]
        },
        {
            "id": 4375,
            "feature": {
                "wire_width": 140,
                "wire_len": 240,
                "wire_density": 0.0016025641025641025,
                "drc_num": 0,
                "R": 0.21428571428571352,
                "C": 1.58485371199999e-05,
                "power": 6.540787728716324e-07,
                "delay": 0.00038268182938285683,
                "slew": 3.678422150210636e-12,
                "congestion": -0.5,
                "drc_type": []
            },
            "wire": {
                "id1": 601942,
                "x1": 3360,
                "y1": 12240,
                "real_x1": 3550,
                "real_y1": 12260,
                "r1": 51,