{
    "id": 10,
    "name": "ctrl/_03_",
    "feature": {
        "llx": 75120,
        "lly": 61440,
        "urx": 78240,
        "ury": 62160,
        "wire_len": 3840,
        "via_num": 2,
        "drc_num": 0,
        "drc_type": [],
        "R": 6.857142857142856,
        "C": 0.0028667717878400004,
        "power": 9.288340592601602e-08,
        "delay": 0.009251608779154284,
        "slew": 0.0006020836706933513,
        "aspect_ratio": 4,
        "width": 3120,
        "height": 720,
        "area": 2246400,
        "volume": 2246400,
        "layer_ratio": [
            0.0,
            0.0,
            1.0,
            0.0,
            0.0,
            0.0,
            0.0,
            0.0,
            0.0,
            0.0,
            0.0
        ],
        "place_feature": {
            "pin_num": 2,
            "aspect_ratio": 13,
            "width": 3730,
            "height": 293,
            "area": 1092890,
            "l_ness": 1.0,
            "hpwl": 4023,
            "rsmt": 4023
        }
    },
    "pin_num": 2,
    "pins": [
        {
            "id": 24,
            "i": "ctrl/_17_",
            "p": "Y",
            "driver": 1
        },
        {
            "id": 25,
            "i": "ctrl/_31_",
            "p": "A",
            "driver": 0
        }
    ],
    "wire_num": 3,
    "wires": [
        {
            "id": 78,
            "feature": {
                "wire_width": 0,
                "wire_len": 0,
                "wire_density": 0.0,
                "drc_num": 0,
                "R": 0.0,
                "C": 0.00016838589392000015,
                "power": 3.0309460905600033e-06,
                "delay": 0.0,
                "slew": 0.0,
                "congestion": 0.0,
                "drc_type": []
            },
            "wire": {
                "id1": 137529,
                "x1": 75120,
                "y1": 61440,
                "real_x1": 75120,
                "real_y1": 61655,
                "r1": 256,
                "c1": 313,
                "l1": 0,
                "p1": 25,
                "id2": 712121,
                "x2": 75120,
                "y2": 61440,
                "real_x2": 75120,
                "real_y2": 61655,
                "r2": 256,
                "c2": 313,
                "l2": 2,
                "p2": -1,
                "via": 0
            },
            "path_num": 1,
            "paths": [
                {
                    "id1": 137529,
                    "x1": 75120,
                    "y1": 61440,
                    "real_x1": 75120,
                    "real_y1": 61655,
                    "r1": 256,
                    "c1": 313,
                    "l1": 0,
                    "p1": 25,
                    "id2": 712121,
                    "x2": 75120,
                    "y2": 61440,
                    "real_x2": 75120,
                    "real_y2": 61655,
                    "r2": 256,
                    "c2": 313,
                    "l2": 2,
                    "p2": -1,
                    "via": 0
                }
            ],
            "patch_num": 1,
            "patchs": [
                437
            ]
        },
        {
            "id": 79,
            "feature": {
                "wire_width": 0,
                "wire_len": 0,
                "wire_density": 0.0,
                "drc_num": 0,
                "R": 0.0,
                "C": 0.0,
                "power": 0.0,
                "delay": 0.0,
                "slew": 0.0,
                "congestion": 0.0,
                "drc_type": []
            },
            "wire": {
                "id1": 139150,
                "x1": 78240,
                "y1": 62160,
                "real_x1": 78410,
                "real_y1": 62225,
                "r1": 259,
                "c1": 326,
                "l1": 0,
                "p1": 24,
                "id2": 713742,
                "x2": 78240,
                "y2": 62160,
                "real_x2": 78410,
                "real_y2": 62225,
                "r2": 259,
                "c2": 326,
                "l2": 2,
                "p2": -1,
                "via": 0
            },
            "path_num": 1,
            "paths": [
                {
                    "id1": 139150,
                    "x1": 78240,
                    "y1": 62160,
                    "real_x1": 78410,
                    "real_y1": 62225,
                    "r1": 259,
                    "c1": 326,
                    "l1": 0,
                    "p1": 24,
                    "id2": 713742,
                    "x2": 78240,
                    "y2": 62160,
                    "real_x2": 78410,
                    "real_y2": 62225,
                    "r2": 259,
                    "c2": 326,
                    "l2": 2,
                    "p2": -1,
                    "via": 0
                }
            ],
            "patch_num": 1,
            "patchs": [
                438
            ]
        },
        {
            "id": 80,
            "feature": {
                "wire_width": 140,
                "wire_len": 3840,
                "wire_density": 3.239458664164247e-05,
                "drc_num": 0,
                "R": 3.428571428571428,
                "C": 0.00016838589392000015,
                "power": 3.0309460905600033e-06,
                "delay": 0.009251608779154284,
                "slew": 6.046444872565004e-10,
                "congestion": -2.5,
                "drc_type": []
            },
            "wire": {
                "id1": 712121,
                "x1": 75120,
                "y1": 61440,
                "real_x1": 75120,
                "real_y1": 61655,
                "r1": 256,
                "c1": 313,
                "l1": 2,
                "p1": -1,
                "id2": 713742,
                "x2": 78240,
                "y2": 62160,
                "real_x2": 78410,
                "real_y2": 62225,
                "r2": 259,
                "c2": 326,
                "l2": 2,
                "p2": -1
            },
            "path_num": 4,
            "paths": [
                {
                    "id1": 712121,
                    "x1": 75120,
                    "y1": 61440,
                    "real_x1": 75120,
                    "real_y1": 61655,
                    "r1": 256,
                    "c1": 313,
                    "l1": 2,
                    "p1": -1,
                    "id2": 712657,
                    "x2": 75120,
                    "y2": 61680,
                    "real_x2": 75120,
                    "real_y2": 61680,
                    "r2": 257,
                    "c2": 313,
                    "l2": 2,
                    "p2": -1
                },
                {
                    "id1": 712657,
                    "x1": 75120,
                    "y1": 61680,
                    "real_x1": 75120,
                    "real_y1": 61680,
                    "r1": 257,
                    "c1": 313,
                    "l1": 2,
                    "p1": -1,
                    "id2": 712663,
                    "x2": 76560,
                    "y2": 61680,
                    "real_x2": 76560,
                    "real_y2": 61680,
                    "r2": 257,
                    "c2": 319,
                    "l2": 2,
                    "p2": -1
                },
                {
                    "id1": 712663,
                    "x1": 76560,
                    "y1": 61680,
                    "real_x1": 76560,
                    "real_y1": 61680,
                    "r1": 257,
                    "c1": 319,
                    "l1": 2,