{
    "id": 358,
    "name": "dpath/a_reg/_065_",
    "feature": {
        "llx": 44640,
        "lly": 71280,
        "urx": 46800,
        "ury": 74640,
        "wire_len": 5520,
        "via_num": 4,
        "drc_num": 0,
        "drc_type": [],
        "R": 9.857142857142856,
        "C": 0.00352668624608,
        "power": 1.14264634372992e-07,
        "delay": 0.01620242971573714,
        "slew": 0.003266601727186687,
        "aspect_ratio": 2,
        "width": 2160,
        "height": 3360,
        "area": 7257600,
        "volume": 14515200,
        "layer_ratio": [
            0.0,
            0.0,
            0.38999998569488525,
            0.0,
            0.6100000143051147,
            0.0,
            0.0,
            0.0,
            0.0,
            0.0,
            0.0
        ],
        "place_feature": {
            "pin_num": 2,
            "aspect_ratio": 2,
            "width": 1838,
            "height": 3757,
            "area": 6905366,
            "l_ness": 1.0,
            "hpwl": 5595,
            "rsmt": 5595
        }
    },
    "pin_num": 2,
    "pins": [
        {
            "id": 964,
            "i": "dpath/a_reg/_111_",
            "p": "X",
            "driver": 1
        },
        {
            "id": 965,
            "i": "dpath/a_reg/_076_",
            "p": "A0",
            "driver": 0
        }
    ],
    "wire_num": 6,
    "wires": [
        {
            "id": 3899,
            "feature": {
                "wire_width": 0,
                "wire_len": 0,
                "wire_density": 0.0,
                "drc_num": 0,
                "R": 0.0,
                "C": 0.00013614132896000008,
                "power": 2.4505439212800037e-06,
                "delay": 0.0,
                "slew": 0.0,
                "congestion": 0.0,
                "drc_type": []
            },
            "wire": {
                "id1": 733979,
                "x1": 46800,
                "y1": 71280,
                "real_x1": 46800,
                "real_y1": 71280,
                "r1": 297,
                "c1": 195,
                "l1": 2,
                "p1": -1,
                "id2": 1308571,
                "x2": 46800,
                "y2": 71280,
                "real_x2": 46800,
                "real_y2": 71280,
                "r2": 297,
                "c2": 195,
                "l2": 4,
                "p2": -1,
                "via": 5
            },
            "path_num": 1,
            "paths": [
                {
                    "id1": 733979,
                    "x1": 46800,
                    "y1": 71280,
                    "real_x1": 46800,
                    "real_y1": 71280,
                    "r1": 297,
                    "c1": 195,
                    "l1": 2,
                    "p1": -1,
                    "id2": 1308571,
                    "x2": 46800,
                    "y2": 71280,
                    "real_x2": 46800,
                    "real_y2": 71280,
                    "r2": 297,
                    "c2": 195,
                    "l2": 4,
                    "p2": -1,
                    "via": 5
                }
            ],
            "patch_num": 1,
            "patchs": [
                490
            ]
        },
        {
            "id": 3900,
            "feature": {
                "wire_width": 140,
                "wire_len": 3360,
                "wire_density": 2.8345263311437162e-05,
                "drc_num": 0,
                "R": 2.999999999999999,
                "C": 0.00013614132896000008,
                "power": 2.4505439212800037e-06,
                "delay": 0.009588423986879997,
                "slew": 1.234794606841394e-09,
                "congestion": -5.5,
                "drc_type": []
            },
            "wire": {
                "id1": 1308571,
                "x1": 46800,
                "y1": 71280,
                "real_x1": 46800,
                "real_y1": 71280,
                "r1": 297,
                "c1": 195,
                "l1": 4,
                "p1": -1,
                "id2": 1316075,
                "x2": 46800,
                "y2": 74640,
                "real_x2": 46800,
                "real_y2": 74640,
                "r2": 311,
                "c2": 195,
                "l2": 4,
                "p2": -1
            },
            "path_num": 1,
            "paths": [
                {
                    "id1": 1308571,
                    "x1": 46800,
                    "y1": 71280,
                    "real_x1": 46800,
                    "real_y1": 71280,
                    "r1": 297,
                    "c1": 195,
                    "l1": 4,
                    "p1": -1,
                    "id2": 1316075,
                    "x2": 46800,
                    "y2": 74640,
                    "real_x2": 46800,
                    "real_y2": 74640,
                    "r2": 311,
                    "c2": 195,
                    "l2": 4,
                    "p2": -1
                }
            ],
            "patch_num": 2,
            "patchs": [
                490,
                520
            ]
        },
        {
            "id": 3901,
            "feature": {
                "wire_width": 0,
                "wire_len": 0,
                "wire_density": 0.0,
                "drc_num": 0,
                "R": 0.0,
                "C": 0.0,
                "power": 0.0,
                "delay": 0.0,
                "slew": 0.0,
                "congestion": 0.0,
                "drc_type": []
            },
            "wire": {
                "id1": 159387,
                "x1": 46800,
                "y1": 71280,
                "real_x1": 46800,
                "real_y1": 71280,
                "r1": 297,
                "c1": 195,
                "l1": 0,
                "p1": 965,
                "id2": 733979,
                "x2": 46800,
                "y2": 71280,
                "real_x2": 46800,
                "real_y2": 71280,
                "r2": 297,
                "c2": 195,
                "l2": 2,
                "p2": -1,
                "via": 0
            },
            "path_num": 1,
            "paths": [
                {
                    "id1": 159387,
                    "x1": 46800,
                    "y1": 71280,
                    "real_x1": 46800,
                    "real_y1": 71280,
                    "r1": 297,
                    "c1": 195,
                    "l1": 0,
                    "p1": 965,
                    "id2": 733979,
                    "x2": 46800,
                    "y2": 71280,
                    "real_x2": 46800,
                    "real_y2": 71280,
                    "r2": 297,
                    "c2": 195,
                    "l2": 2,
                    "p2": -1,
                    "via": 0
                }
            ],
            "patch_num": 1,
            "patchs": [
                490
            ]
        },
        {
            "id": 3902,
            "feature": {
                "wire_width": 140,
                "wire_len": 2160,
                "wire_density": null,
                "drc_num": 0,
                "R": 1.9285714285714286,
                "C": 9.720179407999999e-05,
                "power": 1.7496322934400043e-06,
                "delay": 0.006614005728857143,
                "slew": 2.1751222975541218e-09,
                "congestion": 4.0,
                "drc_type": []
            },
            "wire": {
                "id1": 741474,
                "x1": 44640,
                "y1": 74640,
                "real_x1": 44850,
                "real_y1": 74640,
                "r1": 311,