{
    "id": 452,
    "name": "dpath/b_reg/_043_",
    "feature": {
        "llx": 12960,
        "lly": 33600,
        "urx": 16320,
        "ury": 35520,
        "wire_len": 5280,
        "via_num": 2,
        "drc_num": 0,
        "drc_type": [],
        "R": 9.428571428571429,
        "C": 0.0031688016732800005,
        "power": 2.2327629825380772e-07,
        "delay": 0.01385717537273143,
        "slew": 0.002815103402978379,
        "aspect_ratio": 2,
        "width": 3360,
        "height": 1920,
        "area": 6451200,
        "volume": 6451200,
        "layer_ratio": [
            0.0,
            0.0,
            1.0,
            0.0,
            0.0,
            0.0,
            0.0,
            0.0,
            0.0,
            0.0,
            0.0
        ],
        "place_feature": {
            "pin_num": 2,
            "aspect_ratio": 10,
            "width": 3649,
            "height": 377,
            "area": 1375673,
            "l_ness": 1.0,
            "hpwl": 4026,
            "rsmt": 4026
        }
    },
    "pin_num": 2,
    "pins": [
        {
            "id": 1173,
            "i": "dpath/b_reg/_097_",
            "p": "X",
            "driver": 1
        },
        {
            "id": 1174,
            "i": "dpath/b_reg/_071_",
            "p": "A1",
            "driver": 0
        }
    ],
    "wire_num": 3,
    "wires": [
        {
            "id": 4652,
            "feature": {
                "wire_width": 0,
                "wire_len": 0,
                "wire_density": 0.0,
                "drc_num": 0,
                "R": 0.0,
                "C": 0.0,
                "power": 0.0,
                "delay": 0.0,
                "slew": 0.0,
                "congestion": 0.0,
                "drc_type": []
            },
            "wire": {
                "id1": 75094,
                "x1": 12960,
                "y1": 33600,
                "real_x1": 13170,
                "real_y1": 33815,
                "r1": 140,
                "c1": 54,
                "l1": 0,
                "p1": 1173,
                "id2": 649686,
                "x2": 12960,
                "y2": 33600,
                "real_x2": 13170,
                "real_y2": 33815,
                "r2": 140,
                "c2": 54,
                "l2": 2,
                "p2": -1,
                "via": 0
            },
            "path_num": 1,
            "paths": [
                {
                    "id1": 75094,
                    "x1": 12960,
                    "y1": 33600,
                    "real_x1": 13170,
                    "real_y1": 33815,
                    "r1": 140,
                    "c1": 54,
                    "l1": 0,
                    "p1": 1173,
                    "id2": 649686,
                    "x2": 12960,
                    "y2": 33600,
                    "real_x2": 13170,
                    "real_y2": 33815,
                    "r2": 140,
                    "c2": 54,
                    "l2": 2,
                    "p2": -1,
                    "via": 0
                }
            ],
            "patch_num": 1,
            "patchs": [
                213
            ]
        },
        {
            "id": 4653,
            "feature": {
                "wire_width": 0,
                "wire_len": 0,
                "wire_density": 0.0,
                "drc_num": 0,
                "R": 0.0,
                "C": 0.00022940083664000016,
                "power": 8.979870153229903e-06,
                "delay": 0.0,
                "slew": 0.0,
                "congestion": 0.0,
                "drc_type": []
            },
            "wire": {
                "id1": 79396,
                "x1": 16320,
                "y1": 35520,
                "real_x1": 16480,
                "real_y1": 35735,
                "r1": 148,
                "c1": 68,
                "l1": 0,
                "p1": 1174,
                "id2": 653988,
                "x2": 16320,
                "y2": 35520,
                "real_x2": 16480,
                "real_y2": 35735,
                "r2": 148,
                "c2": 68,
                "l2": 2,
                "p2": -1,
                "via": 0
            },
            "path_num": 1,
            "paths": [
                {
                    "id1": 79396,
                    "x1": 16320,
                    "y1": 35520,
                    "real_x1": 16480,
                    "real_y1": 35735,
                    "r1": 148,
                    "c1": 68,
                    "l1": 0,
                    "p1": 1174,
                    "id2": 653988,
                    "x2": 16320,
                    "y2": 35520,
                    "real_x2": 16480,
                    "real_y2": 35735,
                    "r2": 148,
                    "c2": 68,
                    "l2": 2,
                    "p2": -1,
                    "via": 0
                }
            ],
            "patch_num": 1,
            "patchs": [
                243
            ]
        },
        {
            "id": 4654,
            "feature": {
                "wire_width": 140,
                "wire_len": 5280,
                "wire_density": 4.4542556632258395e-05,
                "drc_num": 0,
                "R": 4.714285714285714,
                "C": 0.00022940083664000016,
                "power": 8.979870153229903e-06,
                "delay": 0.01385717537273143,
                "slew": 2.9362851108882815e-09,
                "congestion": 1.0,
                "drc_type": []
            },
            "wire": {
                "id1": 649686,
                "x1": 12960,
                "y1": 33600,
                "real_x1": 13170,
                "real_y1": 33815,
                "r1": 140,
                "c1": 54,
                "l1": 2,
                "p1": -1,
                "id2": 653988,
                "x2": 16320,
                "y2": 35520,
                "real_x2": 16480,
                "real_y2": 35735,
                "r2": 148,
                "c2": 68,
                "l2": 2,
                "p2": -1
            },
            "path_num": 3,
            "paths": [
                {
                    "id1": 649686,
                    "x1": 12960,
                    "y1": 33600,
                    "real_x1": 13170,
                    "real_y1": 33815,
                    "r1": 140,
                    "c1": 54,
                    "l1": 2,
                    "p1": -1,
                    "id2": 649687,
                    "x2": 13200,
                    "y2": 33600,
                    "real_x2": 13200,
                    "real_y2": 33815,
                    "r2": 140,
                    "c2": 55,
                    "l2": 2,
                    "p2": -1
                },
                {
                    "id1": 649687,
                    "x1": 13200,
                    "y1": 33600,
                    "real_x1": 13200,
                    "real_y1": 33815,
                    "r1": 140,
                    "c1": 55,
                    "l1": 2,
                    "p1": -1,
                    "id2": 653975,
                    "x2": 13200,
                    "y2": 35520,
                    "real_x2": 13200,
                    "real_y2": 35735,
                    "r2": 148,
                    "c2": 55,
                    "l2": 2,
                    "p2": -1
                },
                {
                    "id1": 653975,
                    "x1": 13200,
                    "y1": 35520,
                    "real_x1": 13200,
                    "real_y1": 35735,
                    "r1": 148,
                    "c1": 55,