{
    "id": 394,
    "name": "dpath/b_mux/_035_",
    "feature": {
        "llx": 16560,
        "lly": 84720,
        "urx": 18000,
        "ury": 86880,
        "wire_len": 3600,
        "via_num": 4,
        "drc_num": 0,
        "drc_type": [],
        "R": 6.428571428571428,
        "C": 0.00284220339696,
        "power": 1.9794851003630602e-07,
        "delay": 0.008620225891560002,
        "slew": 0.0008165943122698388,
        "aspect_ratio": 2,
        "width": 1440,
        "height": 2160,
        "area": 3110400,
        "volume": 6220800,
        "layer_ratio": [
            0.0,
            0.0,
            0.4000000059604645,
            0.0,
            0.6000000238418579,
            0.0,
            0.0,
            0.0,
            0.0,
            0.0,
            0.0
        ],
        "place_feature": {
            "pin_num": 2,
            "aspect_ratio": 2,
            "width": 1634,
            "height": 3507,
            "area": 5730438,
            "l_ness": 1.0,
            "hpwl": 5141,
            "rsmt": 5141
        }
    },
    "pin_num": 2,
    "pins": [
        {
            "id": 1045,
            "i": "dpath/b_mux/_062_",
            "p": "X",
            "driver": 1
        },
        {
            "id": 1046,
            "i": "dpath/b_mux/_103_",
            "p": "A",
            "driver": 0
        }
    ],
    "wire_num": 6,
    "wires": [
        {
            "id": 4210,
            "feature": {
                "wire_width": 0,
                "wire_len": 0,
                "wire_density": 0.0,
                "drc_num": 0,
                "R": 0.0,
                "C": 0.0,
                "power": 0.0,
                "delay": 0.0,
                "slew": 0.0,
                "congestion": 0.0,
                "drc_type": []
            },
            "wire": {
                "id1": 194107,
                "x1": 18000,
                "y1": 86880,
                "real_x1": 18000,
                "real_y1": 87095,
                "r1": 362,
                "c1": 75,
                "l1": 0,
                "p1": 1045,
                "id2": 768699,
                "x2": 18000,
                "y2": 86880,
                "real_x2": 18000,
                "real_y2": 87095,
                "r2": 362,
                "c2": 75,
                "l2": 2,
                "p2": -1,
                "via": 0
            },
            "path_num": 1,
            "paths": [
                {
                    "id1": 194107,
                    "x1": 18000,
                    "y1": 86880,
                    "real_x1": 18000,
                    "real_y1": 87095,
                    "r1": 362,
                    "c1": 75,
                    "l1": 0,
                    "p1": 1045,
                    "id2": 768699,
                    "x2": 18000,
                    "y2": 86880,
                    "real_x2": 18000,
                    "real_y2": 87095,
                    "r2": 362,
                    "c2": 75,
                    "l2": 2,
                    "p2": -1,
                    "via": 0
                }
            ],
            "patch_num": 1,
            "patchs": [
                604
            ]
        },
        {
            "id": 4211,
            "feature": {
                "wire_width": 0,
                "wire_len": 0,
                "wire_density": 0.0,
                "drc_num": 0,
                "R": 0.0,
                "C": 6.669432271999998e-05,
                "power": 2.580556929963673e-06,
                "delay": 0.0,
                "slew": 0.0,
                "congestion": 0.0,
                "drc_type": []
            },
            "wire": {
                "id1": 768693,
                "x1": 16560,
                "y1": 86880,
                "real_x1": 16560,
                "real_y1": 87095,
                "r1": 362,
                "c1": 69,
                "l1": 2,
                "p1": -1,
                "id2": 1343285,
                "x2": 16560,
                "y2": 86880,
                "real_x2": 16560,
                "real_y2": 87095,
                "r2": 362,
                "c2": 69,
                "l2": 4,
                "p2": -1,
                "via": 5
            },
            "path_num": 1,
            "paths": [
                {
                    "id1": 768693,
                    "x1": 16560,
                    "y1": 86880,
                    "real_x1": 16560,
                    "real_y1": 87095,
                    "r1": 362,
                    "c1": 69,
                    "l1": 2,
                    "p1": -1,
                    "id2": 1343285,
                    "x2": 16560,
                    "y2": 86880,
                    "real_x2": 16560,
                    "real_y2": 87095,
                    "r2": 362,
                    "c2": 69,
                    "l2": 4,
                    "p2": -1,
                    "via": 5
                }
            ],
            "patch_num": 1,
            "patchs": [
                603
            ]
        },
        {
            "id": 4212,
            "feature": {
                "wire_width": 140,
                "wire_len": 2160,
                "wire_density": 1.822195498592389e-05,
                "drc_num": 0,
                "R": 1.9285714285714288,
                "C": 8.940737576000005e-05,
                "power": 3.459377255781717e-06,
                "delay": 0.005051714224680002,
                "slew": 2.9099656018161113e-10,
                "congestion": -3.0,
                "drc_type": []
            },
            "wire": {
                "id1": 1338461,
                "x1": 16560,
                "y1": 84720,
                "real_x1": 16560,
                "real_y1": 84785,
                "r1": 353,
                "c1": 69,
                "l1": 4,
                "p1": -1,
                "id2": 1343285,
                "x2": 16560,
                "y2": 86880,
                "real_x2": 16560,
                "real_y2": 87095,
                "r2": 362,
                "c2": 69,
                "l2": 4,
                "p2": -1
            },
            "path_num": 1,
            "paths": [
                {
                    "id1": 1338461,
                    "x1": 16560,
                    "y1": 84720,
                    "real_x1": 16560,
                    "real_y1": 84785,
                    "r1": 353,
                    "c1": 69,
                    "l1": 4,
                    "p1": -1,
                    "id2": 1343285,
                    "x2": 16560,
                    "y2": 86880,
                    "real_x2": 16560,
                    "real_y2": 87095,
                    "r2": 362,
                    "c2": 69,
                    "l2": 4,
                    "p2": -1
                }
            ],
            "patch_num": 2,
            "patchs": [
                573,
                603
            ]
        },
        {
            "id": 4213,
            "feature": {
                "wire_width": 0,
                "wire_len": 0,
                "wire_density": 0.0,
                "drc_num": 0,
                "R": 0.0,
                "C": 8.940737576000005e-05,
                "power": 3.459377255781717e-06,
                "delay": 0.0,
                "slew": 0.0,
                "congestion": 0.0,
                "drc_type": []
            },
            "wire": {
                "id1": 763869,
                "x1": 16560,
                "y1": 84720,
                "real_x1": 16560,
                "real_y1": 84785,
                "r1": 353,
                "c1": 69,
                "l1": 2,
                "p1": -1,