{
    "id": 92,
    "name": "dpath/b_mux$out[3]",
    "feature": {
        "llx": 9360,
        "lly": 28320,
        "urx": 11280,
        "ury": 31680,
        "wire_len": 5280,
        "via_num": 4,
        "drc_num": 0,
        "drc_type": [],
        "R": 9.428571428571427,
        "C": 0.00297634793184,
        "power": 2.0768052290508605e-07,
        "delay": 0.01295153592096,
        "slew": 0.002467894428178588,
        "aspect_ratio": 2,
        "width": 1920,
        "height": 3360,
        "area": 6451200,
        "volume": 12902400,
        "layer_ratio": [
            0.0,
            0.0,
            0.36000001430511475,
            0.0,
            0.6399999856948853,
            0.0,
            0.0,
            0.0,
            0.0,
            0.0,
            0.0
        ],
        "place_feature": {
            "pin_num": 2,
            "aspect_ratio": 2,
            "width": 1715,
            "height": 3153,
            "area": 5407395,
            "l_ness": 1.0,
            "hpwl": 4868,
            "rsmt": 4868
        }
    },
    "pin_num": 2,
    "pins": [
        {
            "id": 318,
            "i": "dpath/b_mux/_079_",
            "p": "X",
            "driver": 1
        },
        {
            "id": 319,
            "i": "dpath/b_reg/_094_",
            "p": "A",
            "driver": 0
        }
    ],
    "wire_num": 6,
    "wires": [
        {
            "id": 1328,
            "feature": {
                "wire_width": 0,
                "wire_len": 0,
                "wire_density": 0.0,
                "drc_num": 0,
                "R": 0.0,
                "C": 8.703263695999984e-05,
                "power": 3.3738184378208754e-06,
                "delay": 0.0,
                "slew": 0.0,
                "congestion": 0.0,
                "drc_type": []
            },
            "wire": {
                "id1": 645391,
                "x1": 11280,
                "y1": 31680,
                "real_x1": 11280,
                "real_y1": 31875,
                "r1": 132,
                "c1": 47,
                "l1": 2,
                "p1": -1,
                "id2": 1219983,
                "x2": 11280,
                "y2": 31680,
                "real_x2": 11280,
                "real_y2": 31875,
                "r2": 132,
                "c2": 47,
                "l2": 4,
                "p2": -1,
                "via": 5
            },
            "path_num": 1,
            "paths": [
                {
                    "id1": 645391,
                    "x1": 11280,
                    "y1": 31680,
                    "real_x1": 11280,
                    "real_y1": 31875,
                    "r1": 132,
                    "c1": 47,
                    "l1": 2,
                    "p1": -1,
                    "id2": 1219983,
                    "x2": 11280,
                    "y2": 31680,
                    "real_x2": 11280,
                    "real_y2": 31875,
                    "r2": 132,
                    "c2": 47,
                    "l2": 4,
                    "p2": -1,
                    "via": 5
                }
            ],
            "patch_num": 1,
            "patchs": [
                212
            ]
        },
        {
            "id": 1329,
            "feature": {
                "wire_width": 0,
                "wire_len": 0,
                "wire_density": 0.0,
                "drc_num": 0,
                "R": 0.0,
                "C": 0.00013614132896000008,
                "power": 5.2775159048184015e-06,
                "delay": 0.0,
                "slew": 0.0,
                "congestion": 0.0,
                "drc_type": []
            },
            "wire": {
                "id1": 637887,
                "x1": 11280,
                "y1": 28320,
                "real_x1": 11280,
                "real_y1": 28435,
                "r1": 118,
                "c1": 47,
                "l1": 2,
                "p1": -1,
                "id2": 1212479,
                "x2": 11280,
                "y2": 28320,
                "real_x2": 11280,
                "real_y2": 28435,
                "r2": 118,
                "c2": 47,
                "l2": 4,
                "p2": -1,
                "via": 5
            },
            "path_num": 1,
            "paths": [
                {
                    "id1": 637887,
                    "x1": 11280,
                    "y1": 28320,
                    "real_x1": 11280,
                    "real_y1": 28435,
                    "r1": 118,
                    "c1": 47,
                    "l1": 2,
                    "p1": -1,
                    "id2": 1212479,
                    "x2": 11280,
                    "y2": 28320,
                    "real_x2": 11280,
                    "real_y2": 28435,
                    "r2": 118,
                    "c2": 47,
                    "l2": 4,
                    "p2": -1,
                    "via": 5
                }
            ],
            "patch_num": 1,
            "patchs": [
                182
            ]
        },
        {
            "id": 1330,
            "feature": {
                "wire_width": 140,
                "wire_len": 3360,
                "wire_density": 2.8345263311437162e-05,
                "drc_num": 0,
                "R": 2.9999999999999996,
                "C": 0.00013614132896000008,
                "power": 5.2775159048184015e-06,
                "delay": 0.007998423986879999,
                "slew": 1.0151182464057662e-09,
                "congestion": -2.5,
                "drc_type": []
            },
            "wire": {
                "id1": 1212479,
                "x1": 11280,
                "y1": 28320,
                "real_x1": 11280,
                "real_y1": 28435,
                "r1": 118,
                "c1": 47,
                "l1": 4,
                "p1": -1,
                "id2": 1219983,
                "x2": 11280,
                "y2": 31680,
                "real_x2": 11280,
                "real_y2": 31875,
                "r2": 132,
                "c2": 47,
                "l2": 4,
                "p2": -1
            },
            "path_num": 1,
            "paths": [
                {
                    "id1": 1212479,
                    "x1": 11280,
                    "y1": 28320,
                    "real_x1": 11280,
                    "real_y1": 28435,
                    "r1": 118,
                    "c1": 47,
                    "l1": 4,
                    "p1": -1,
                    "id2": 1219983,
                    "x2": 11280,
                    "y2": 31680,
                    "real_x2": 11280,
                    "real_y2": 31875,
                    "r2": 132,
                    "c2": 47,
                    "l2": 4,
                    "p2": -1
                }
            ],
            "patch_num": 2,
            "patchs": [
                182,
                212
            ]
        },
        {
            "id": 1331,
            "feature": {
                "wire_width": 0,
                "wire_len": 0,
                "wire_density": 0.0,
                "drc_num": 0,
                "R": 0.0,
                "C": 0.0,
                "power": 0.0,
                "delay": 0.0,
                "slew": 0.0,
                "congestion": 0.0,
                "drc_type": []
            },
            "wire": {
                "id1": 70791,
                "x1": 9360,
                "y1": 31680,
                "real_x1": 9365,
                "real_y1": 31875,
                "r1": 132,
                "c1": 39,
                "l1": 0,
                "p1": 318,