{
    "id": 373,
    "name": "dpath/b_mux/_014_",
    "feature": {
        "llx": 3600,
        "lly": 67920,
        "urx": 9360,
        "ury": 68400,
        "wire_len": 6240,
        "via_num": 2,
        "drc_num": 0,
        "drc_type": [],
        "R": 11.142857142857142,
        "C": 0.0036001549302399996,
        "power": 2.2696579826603926e-07,
        "delay": 0.018553288734239996,
        "slew": 0.004367263863948895,
        "aspect_ratio": 12,
        "width": 5760,
        "height": 480,
        "area": 2764800,
        "volume": 2764800,
        "layer_ratio": [
            0.0,
            0.0,
            1.0,
            0.0,
            0.0,
            0.0,
            0.0,
            0.0,
            0.0,
            0.0,
            0.0
        ],
        "place_feature": {
            "pin_num": 2,
            "aspect_ratio": 34,
            "width": 5842,
            "height": 173,
            "area": 1010666,
            "l_ness": 1.0,
            "hpwl": 6015,
            "rsmt": 6015
        }
    },
    "pin_num": 2,
    "pins": [
        {
            "id": 994,
            "i": "dpath/b_mux/_092_",
            "p": "X",
            "driver": 1
        },
        {
            "id": 995,
            "i": "dpath/b_mux/_059_",
            "p": "A0",
            "driver": 0
        }
    ],
    "wire_num": 3,
    "wires": [
        {
            "id": 4005,
            "feature": {
                "wire_width": 0,
                "wire_len": 0,
                "wire_density": 0.0,
                "drc_num": 0,
                "R": 0.0,
                "C": 0.0,
                "power": 0.0,
                "delay": 0.0,
                "slew": 0.0,
                "congestion": 0.0,
                "drc_type": []
            },
            "wire": {
                "id1": 151727,
                "x1": 9360,
                "y1": 67920,
                "real_x1": 9365,
                "real_y1": 67920,
                "r1": 283,
                "c1": 39,
                "l1": 0,
                "p1": 994,
                "id2": 726319,
                "x2": 9360,
                "y2": 67920,
                "real_x2": 9365,
                "real_y2": 67920,
                "r2": 283,
                "c2": 39,
                "l2": 2,
                "p2": -1,
                "via": 0
            },
            "path_num": 1,
            "paths": [
                {
                    "id1": 151727,
                    "x1": 9360,
                    "y1": 67920,
                    "real_x1": 9365,
                    "real_y1": 67920,
                    "r1": 283,
                    "c1": 39,
                    "l1": 0,
                    "p1": 994,
                    "id2": 726319,
                    "x2": 9360,
                    "y2": 67920,
                    "real_x2": 9365,
                    "real_y2": 67920,
                    "r2": 283,
                    "c2": 39,
                    "l2": 2,
                    "p2": -1,
                    "via": 0
                }
            ],
            "patch_num": 1,
            "patchs": [
                452
            ]
        },
        {
            "id": 4006,
            "feature": {
                "wire_width": 0,
                "wire_len": 0,
                "wire_density": 0.0,
                "drc_num": 0,
                "R": 0.0,
                "C": 0.0002700774651199999,
                "power": 9.4592144338853e-06,
                "delay": 0.0,
                "slew": 0.0,
                "congestion": 0.0,
                "drc_type": []
            },
            "wire": {
                "id1": 152775,
                "x1": 3600,
                "y1": 68400,
                "real_x1": 3600,
                "real_y1": 68465,
                "r1": 285,
                "c1": 15,
                "l1": 0,
                "p1": 995,
                "id2": 727367,
                "x2": 3600,
                "y2": 68400,
                "real_x2": 3600,
                "real_y2": 68465,
                "r2": 285,
                "c2": 15,
                "l2": 2,
                "p2": -1,
                "via": 0
            },
            "path_num": 1,
            "paths": [
                {
                    "id1": 152775,
                    "x1": 3600,
                    "y1": 68400,
                    "real_x1": 3600,
                    "real_y1": 68465,
                    "r1": 285,
                    "c1": 15,
                    "l1": 0,
                    "p1": 995,
                    "id2": 727367,
                    "x2": 3600,
                    "y2": 68400,
                    "real_x2": 3600,
                    "real_y2": 68465,
                    "r2": 285,
                    "c2": 15,
                    "l2": 2,
                    "p2": -1,
                    "via": 0
                }
            ],
            "patch_num": 1,
            "patchs": [
                450
            ]
        },
        {
            "id": 4007,
            "feature": {
                "wire_width": 140,
                "wire_len": 6240,
                "wire_density": 5.2641203292669014e-05,
                "drc_num": 0,
                "R": 5.571428571428571,
                "C": 0.0002700774651199999,
                "power": 9.4592144338853e-06,
                "delay": 0.018553288734239996,
                "slew": 4.6234419626145495e-09,
                "congestion": -11.0,
                "drc_type": []
            },
            "wire": {
                "id1": 726319,
                "x1": 9360,
                "y1": 67920,
                "real_x1": 9365,
                "real_y1": 67920,
                "r1": 283,
                "c1": 39,
                "l1": 2,
                "p1": -1,
                "id2": 727367,
                "x2": 3600,
                "y2": 68400,
                "real_x2": 3600,
                "real_y2": 68465,
                "r2": 285,
                "c2": 15,
                "l2": 2,
                "p2": -1
            },
            "path_num": 3,
            "paths": [
                {
                    "id1": 726319,
                    "x1": 9360,
                    "y1": 67920,
                    "real_x1": 9365,
                    "real_y1": 67920,
                    "r1": 283,
                    "c1": 39,
                    "l1": 2,
                    "p1": -1,
                    "id2": 726313,
                    "x2": 7920,
                    "y2": 67920,
                    "real_x2": 7920,
                    "real_y2": 67920,
                    "r2": 283,
                    "c2": 33,
                    "l2": 2,
                    "p2": -1
                },
                {
                    "id1": 726313,
                    "x1": 7920,
                    "y1": 67920,
                    "real_x1": 7920,
                    "real_y1": 67920,
                    "r1": 283,
                    "c1": 33,
                    "l1": 2,
                    "p1": -1,
                    "id2": 727385,
                    "x2": 7920,
                    "y2": 68400,
                    "real_x2": 7920,
                    "real_y2": 68465,
                    "r2": 285,
                    "c2": 33,
                    "l2": 2,
                    "p2": -1
                },
                {
                    "id1": 727385,
                    "x1": 7920,
                    "y1": 68400,
                    "real_x1": 7920,
                    "real_y1": 68465,
                    "r1": 285,
                    "c1": 33,
                    "l1": 2,
                    "p1": -1,