{
    "id": 214,
    "name": "dpath/a_mux/_025_",
    "feature": {
        "llx": 108720,
        "lly": 8880,
        "urx": 109680,
        "ury": 31200,
        "wire_len": 23280,
        "via_num": 4,
        "drc_num": 0,
        "drc_type": [],
        "R": 41.57142857142857,
        "C": 0.004611787596,
        "power": 4.095048618690922e-07,
        "delay": 0.07689206915069144,
        "slew": 0.04520540630797387,
        "aspect_ratio": 23,
        "width": 960,
        "height": 22320,
        "area": 21427200,
        "volume": 42854400,
        "layer_ratio": [
            0.0,
            0.0,
            0.03999999910593033,
            0.0,
            0.9599999785423279,
            0.0,
            0.0,
            0.0,
            0.0,
            0.0,
            0.0
        ],
        "place_feature": {
            "pin_num": 2,
            "aspect_ratio": 19,
            "width": 1202,
            "height": 23083,
            "area": 27745766,
            "l_ness": 1.0,
            "hpwl": 24285,
            "rsmt": 24285
        }
    },
    "pin_num": 2,
    "pins": [
        {
            "id": 612,
            "i": "dpath/a_mux/_173_",
            "p": "X",
            "driver": 1
        },
        {
            "id": 613,
            "i": "dpath/a_mux/_120_",
            "p": "A2",
            "driver": 0
        }
    ],
    "wire_num": 6,
    "wires": [
        {
            "id": 2398,
            "feature": {
                "wire_width": 140,
                "wire_len": 960,
                "wire_density": null,
                "drc_num": 0,
                "R": 0.8571428571428577,
                "C": 4.6356008480000124e-05,
                "power": 2.2867742538067908e-06,
                "delay": 0.0024140194358400063,
                "slew": 6.968668697648894e-11,
                "congestion": 3.0,
                "drc_type": []
            },
            "wire": {
                "id1": 644725,
                "x1": 108720,
                "y1": 31200,
                "real_x1": 108720,
                "real_y1": 31405,
                "r1": 130,
                "c1": 453,
                "l1": 2,
                "p1": -1,
                "id2": 644729,
                "x2": 109680,
                "y2": 31200,
                "real_x2": 109680,
                "real_y2": 31405,
                "r2": 130,
                "c2": 457,
                "l2": 2,
                "p2": -1
            },
            "path_num": 1,
            "paths": [
                {
                    "id1": 644725,
                    "x1": 108720,
                    "y1": 31200,
                    "real_x1": 108720,
                    "real_y1": 31405,
                    "r1": 130,
                    "c1": 453,
                    "l1": 2,
                    "p1": -1,
                    "id2": 644729,
                    "x2": 109680,
                    "y2": 31200,
                    "real_x2": 109680,
                    "real_y2": 31405,
                    "r2": 130,
                    "c2": 457,
                    "l2": 2,
                    "p2": -1
                }
            ],
            "patch_num": 1,
            "patchs": [
                235
            ]
        },
        {
            "id": 2399,
            "feature": {
                "wire_width": 0,
                "wire_len": 0,
                "wire_density": 0.0,
                "drc_num": 0,
                "R": 0.0,
                "C": 4.6356008480000124e-05,
                "power": 2.2867742538067908e-06,
                "delay": 0.0,
                "slew": 0.0,
                "congestion": 0.0,
                "drc_type": []
            },
            "wire": {
                "id1": 70133,
                "x1": 108720,
                "y1": 31200,
                "real_x1": 108720,
                "real_y1": 31405,
                "r1": 130,
                "c1": 453,
                "l1": 0,
                "p1": 613,
                "id2": 644725,
                "x2": 108720,
                "y2": 31200,
                "real_x2": 108720,
                "real_y2": 31405,
                "r2": 130,
                "c2": 453,
                "l2": 2,
                "p2": -1,
                "via": 0
            },
            "path_num": 1,
            "paths": [
                {
                    "id1": 70133,
                    "x1": 108720,
                    "y1": 31200,
                    "real_x1": 108720,
                    "real_y1": 31405,
                    "r1": 130,
                    "c1": 453,
                    "l1": 0,
                    "p1": 613,
                    "id2": 644725,
                    "x2": 108720,
                    "y2": 31200,
                    "real_x2": 108720,
                    "real_y2": 31405,
                    "r2": 130,
                    "c2": 453,
                    "l2": 2,
                    "p2": -1,
                    "via": 0
                }
            ],
            "patch_num": 1,
            "patchs": [
                235
            ]
        },
        {
            "id": 2400,
            "feature": {
                "wire_width": 0,
                "wire_len": 0,
                "wire_density": 0.0,
                "drc_num": 0,
                "R": 0.0,
                "C": 0.00087453778952,
                "power": 4.3141559565428484e-05,
                "delay": 0.0,
                "slew": 0.0,
                "congestion": 0.0,
                "drc_type": []
            },
            "wire": {
                "id1": 644729,
                "x1": 109680,
                "y1": 31200,
                "real_x1": 109680,
                "real_y1": 31405,
                "r1": 130,
                "c1": 457,
                "l1": 2,
                "p1": -1,
                "id2": 1219321,
                "x2": 109680,
                "y2": 31200,
                "real_x2": 109680,
                "real_y2": 31405,
                "r2": 130,
                "c2": 457,
                "l2": 4,
                "p2": -1,
                "via": 5
            },
            "path_num": 1,
            "paths": [
                {
                    "id1": 644729,
                    "x1": 109680,
                    "y1": 31200,
                    "real_x1": 109680,
                    "real_y1": 31405,
                    "r1": 130,
                    "c1": 457,
                    "l1": 2,
                    "p1": -1,
                    "id2": 1219321,
                    "x2": 109680,
                    "y2": 31200,
                    "real_x2": 109680,
                    "real_y2": 31405,
                    "r2": 130,
                    "c2": 457,
                    "l2": 4,
                    "p2": -1,
                    "via": 5
                }
            ],
            "patch_num": 1,
            "patchs": [
                235
            ]
        },
        {
            "id": 2401,
            "feature": {
                "wire_width": 140,
                "wire_len": 22320,
                "wire_density": null,
                "drc_num": 0,
                "R": 19.928571428571427,
                "C": 0.00087453778952,
                "power": 4.3141559565428484e-05,
                "delay": 0.07447804971485143,
                "slew": 6.957277010055662e-08,
                "congestion": -2.875,
                "drc_type": []
            },
            "wire": {
                "id1": 1169473,
                "x1": 109680,
                "y1": 8880,
                "real_x1": 109680,
                "real_y1": 8945,
                "r1": 37,