{
    "id": 300,
    "name": "dpath/a_reg/_007_",
    "feature": {
        "llx": 61440,
        "lly": 27840,
        "urx": 70560,
        "ury": 28080,
        "wire_len": 9360,
        "via_num": 2,
        "drc_num": 0,
        "drc_type": [],
        "R": 16.71428571428571,
        "C": 0.00257455301536,
        "power": 1.6061906241238678e-07,
        "delay": 0.01815402509989714,
        "slew": 0.005206116819647479,
        "aspect_ratio": 38,
        "width": 9120,
        "height": 240,
        "area": 2188800,
        "volume": 2188800,
        "layer_ratio": [
            0.0,
            0.0,
            1.0,
            0.0,
            0.0,
            0.0,
            0.0,
            0.0,
            0.0,
            0.0,
            0.0
        ],
        "place_feature": {
            "pin_num": 2,
            "aspect_ratio": 27,
            "width": 9197,
            "height": 344,
            "area": 3163768,
            "l_ness": 1.0,
            "hpwl": 9541,
            "rsmt": 9541
        }
    },
    "pin_num": 2,
    "pins": [
        {
            "id": 833,
            "i": "dpath/a_reg/_089_",
            "p": "X",
            "driver": 1
        },
        {
            "id": 834,
            "i": "dpath/a_reg/_133_",
            "p": "D",
            "driver": 0
        }
    ],
    "wire_num": 3,
    "wires": [
        {
            "id": 3408,
            "feature": {
                "wire_width": 0,
                "wire_len": 0,
                "wire_density": 0.0,
                "drc_num": 0,
                "R": 0.0,
                "C": 0.0,
                "power": 0.0,
                "delay": 0.0,
                "slew": 0.0,
                "congestion": 0.0,
                "drc_type": []
            },
            "wire": {
                "id1": 62470,
                "x1": 70560,
                "y1": 27840,
                "real_x1": 70770,
                "real_y1": 28065,
                "r1": 116,
                "c1": 294,
                "l1": 0,
                "p1": 833,
                "id2": 637062,
                "x2": 70560,
                "y2": 27840,
                "real_x2": 70770,
                "real_y2": 28065,
                "r2": 116,
                "c2": 294,
                "l2": 2,
                "p2": -1,
                "via": 0
            },
            "path_num": 1,
            "paths": [
                {
                    "id1": 62470,
                    "x1": 70560,
                    "y1": 27840,
                    "real_x1": 70770,
                    "real_y1": 28065,
                    "r1": 116,
                    "c1": 294,
                    "l1": 0,
                    "p1": 833,
                    "id2": 637062,
                    "x2": 70560,
                    "y2": 27840,
                    "real_x2": 70770,
                    "real_y2": 28065,
                    "r2": 116,
                    "c2": 294,
                    "l2": 2,
                    "p2": -1,
                    "via": 0
                }
            ],
            "patch_num": 1,
            "patchs": [
                196
            ]
        },
        {
            "id": 3409,
            "feature": {
                "wire_width": 0,
                "wire_len": 0,
                "wire_density": 0.0,
                "drc_num": 0,
                "R": 0.0,
                "C": 0.00040227650767999984,
                "power": 1.3942717026693048e-05,
                "delay": 0.0,
                "slew": 0.0,
                "congestion": 0.0,
                "drc_type": []
            },
            "wire": {
                "id1": 62968,
                "x1": 61440,
                "y1": 28080,
                "real_x1": 61630,
                "real_y1": 28080,
                "r1": 117,
                "c1": 256,
                "l1": 0,
                "p1": 834,
                "id2": 637560,
                "x2": 61440,
                "y2": 28080,
                "real_x2": 61630,
                "real_y2": 28080,
                "r2": 117,
                "c2": 256,
                "l2": 2,
                "p2": -1,
                "via": 0
            },
            "path_num": 1,
            "paths": [
                {
                    "id1": 62968,
                    "x1": 61440,
                    "y1": 28080,
                    "real_x1": 61630,
                    "real_y1": 28080,
                    "r1": 117,
                    "c1": 256,
                    "l1": 0,
                    "p1": 834,
                    "id2": 637560,
                    "x2": 61440,
                    "y2": 28080,
                    "real_x2": 61630,
                    "real_y2": 28080,
                    "r2": 117,
                    "c2": 256,
                    "l2": 2,
                    "p2": -1,
                    "via": 0
                }
            ],
            "patch_num": 1,
            "patchs": [
                194
            ]
        },
        {
            "id": 3410,
            "feature": {
                "wire_width": 140,
                "wire_len": 9360,
                "wire_density": 7.896180493900352e-05,
                "drc_num": 0,
                "R": 8.357142857142856,
                "C": 0.00040227650768000006,
                "power": 1.3942717026693062e-05,
                "delay": 0.01815402509989714,
                "slew": 8.332538374566933e-09,
                "congestion": -2.666666666666667,
                "drc_type": []
            },
            "wire": {
                "id1": 637062,
                "x1": 70560,
                "y1": 27840,
                "real_x1": 70770,
                "real_y1": 28065,
                "r1": 116,
                "c1": 294,
                "l1": 2,
                "p1": -1,
                "id2": 637560,
                "x2": 61440,
                "y2": 28080,
                "real_x2": 61630,
                "real_y2": 28080,
                "r2": 117,
                "c2": 256,
                "l2": 2,
                "p2": -1
            },
            "path_num": 3,
            "paths": [
                {
                    "id1": 637062,
                    "x1": 70560,
                    "y1": 27840,
                    "real_x1": 70770,
                    "real_y1": 28065,
                    "r1": 116,
                    "c1": 294,
                    "l1": 2,
                    "p1": -1,
                    "id2": 637025,
                    "x2": 61680,
                    "y2": 27840,
                    "real_x2": 61680,
                    "real_y2": 28065,
                    "r2": 116,
                    "c2": 257,
                    "l2": 2,
                    "p2": -1
                },
                {
                    "id1": 637025,
                    "x1": 61680,
                    "y1": 27840,
                    "real_x1": 61680,
                    "real_y1": 28065,
                    "r1": 116,
                    "c1": 257,
                    "l1": 2,
                    "p1": -1,
                    "id2": 637561,
                    "x2": 61680,
                    "y2": 28080,
                    "real_x2": 61680,
                    "real_y2": 28080,
                    "r2": 117,
                    "c2": 257,
                    "l2": 2,
                    "p2": -1
                },
                {
                    "id1": 637561,
                    "x1": 61680,
                    "y1": 28080,
                    "real_x1": 61680,
                    "real_y1": 28080,
                    "r1": 117,
                    "c1": 257,