{
    "id": 223,
    "name": "dpath/a_mux/_034_",
    "feature": {
        "llx": 37440,
        "lly": 87840,
        "urx": 41040,
        "ury": 89040,
        "wire_len": 5520,
        "via_num": 2,
        "drc_num": 0,
        "drc_type": [],
        "R": 9.857142857142856,
        "C": 0.0034091399875199996,
        "power": 1.10456135595648e-07,
        "delay": 0.015621452112102854,
        "slew": 0.0031886538757014624,
        "aspect_ratio": 3,
        "width": 3600,
        "height": 1200,
        "area": 4320000,
        "volume": 4320000,
        "layer_ratio": [
            0.0,
            0.0,
            1.0,
            0.0,
            0.0,
            0.0,
            0.0,
            0.0,
            0.0,
            0.0,
            0.0
        ],
        "place_feature": {
            "pin_num": 2,
            "aspect_ratio": 123,
            "width": 3328,
            "height": 27,
            "area": 89856,
            "l_ness": 1.0,
            "hpwl": 3355,
            "rsmt": 3355
        }
    },
    "pin_num": 2,
    "pins": [
        {
            "id": 630,
            "i": "dpath/a_mux/_204_",
            "p": "X",
            "driver": 1
        },
        {
            "id": 631,
            "i": "dpath/a_mux/_144_",
            "p": "B1",
            "driver": 0
        }
    ],
    "wire_num": 3,
    "wires": [
        {
            "id": 2486,
            "feature": {
                "wire_width": 0,
                "wire_len": 0,
                "wire_density": 0.0,
                "drc_num": 0,
                "R": 0.0,
                "C": 0.0,
                "power": 0.0,
                "delay": 0.0,
                "slew": 0.0,
                "congestion": 0.0,
                "drc_type": []
            },
            "wire": {
                "id1": 196332,
                "x1": 37440,
                "y1": 87840,
                "real_x1": 37650,
                "real_y1": 88005,
                "r1": 366,
                "c1": 156,
                "l1": 0,
                "p1": 630,
                "id2": 770924,
                "x2": 37440,
                "y2": 87840,
                "real_x2": 37650,
                "real_y2": 88005,
                "r2": 366,
                "c2": 156,
                "l2": 2,
                "p2": -1,
                "via": 0
            },
            "path_num": 1,
            "paths": [
                {
                    "id1": 196332,
                    "x1": 37440,
                    "y1": 87840,
                    "real_x1": 37650,
                    "real_y1": 88005,
                    "r1": 366,
                    "c1": 156,
                    "l1": 0,
                    "p1": 630,
                    "id2": 770924,
                    "x2": 37440,
                    "y2": 87840,
                    "real_x2": 37650,
                    "real_y2": 88005,
                    "r2": 366,
                    "c2": 156,
                    "l2": 2,
                    "p2": -1,
                    "via": 0
                }
            ],
            "patch_num": 1,
            "patchs": [
                608
            ]
        },
        {
            "id": 2487,
            "feature": {
                "wire_width": 0,
                "wire_len": 0,
                "wire_density": 0.0,
                "drc_num": 0,
                "R": 0.0,
                "C": 0.00023956999375999988,
                "power": 4.3122598876799956e-06,
                "delay": 0.0,
                "slew": 0.0,
                "congestion": 0.0,
                "drc_type": []
            },
            "wire": {
                "id1": 197419,
                "x1": 41040,
                "y1": 88320,
                "real_x1": 41040,
                "real_y1": 88475,
                "r1": 368,
                "c1": 171,
                "l1": 0,
                "p1": 631,
                "id2": 772011,
                "x2": 41040,
                "y2": 88320,
                "real_x2": 41040,
                "real_y2": 88475,
                "r2": 368,
                "c2": 171,
                "l2": 2,
                "p2": -1,
                "via": 0
            },
            "path_num": 1,
            "paths": [
                {
                    "id1": 197419,
                    "x1": 41040,
                    "y1": 88320,
                    "real_x1": 41040,
                    "real_y1": 88475,
                    "r1": 368,
                    "c1": 171,
                    "l1": 0,
                    "p1": 631,
                    "id2": 772011,
                    "x2": 41040,
                    "y2": 88320,
                    "real_x2": 41040,
                    "real_y2": 88475,
                    "r2": 368,
                    "c2": 171,
                    "l2": 2,
                    "p2": -1,
                    "via": 0
                }
            ],
            "patch_num": 1,
            "patchs": [
                609
            ]
        },
        {
            "id": 2488,
            "feature": {
                "wire_width": 140,
                "wire_len": 5520,
                "wire_density": 4.656721829736105e-05,
                "drc_num": 0,
                "R": 4.928571428571428,
                "C": 0.00023956999375999988,
                "power": 4.312259887680002e-06,
                "delay": 0.015621452112102854,
                "slew": 3.3272852459353963e-09,
                "congestion": 17.5,
                "drc_type": []
            },
            "wire": {
                "id1": 770924,
                "x1": 37440,
                "y1": 87840,
                "real_x1": 37650,
                "real_y1": 88005,
                "r1": 366,
                "c1": 156,
                "l1": 2,
                "p1": -1,
                "id2": 772011,
                "x2": 41040,
                "y2": 88320,
                "real_x2": 41040,
                "real_y2": 88475,
                "r2": 368,
                "c2": 171,
                "l2": 2,
                "p2": -1
            },
            "path_num": 6,
            "paths": [
                {
                    "id1": 770924,
                    "x1": 37440,
                    "y1": 87840,
                    "real_x1": 37650,
                    "real_y1": 88005,
                    "r1": 366,
                    "c1": 156,
                    "l1": 2,
                    "p1": -1,
                    "id2": 770925,
                    "x2": 37680,
                    "y2": 87840,
                    "real_x2": 37680,
                    "real_y2": 88005,
                    "r2": 366,
                    "c2": 157,
                    "l2": 2,
                    "p2": -1
                },
                {
                    "id1": 770925,
                    "x1": 37680,
                    "y1": 87840,
                    "real_x1": 37680,
                    "real_y1": 88005,
                    "r1": 366,
                    "c1": 157,
                    "l1": 2,
                    "p1": -1,
                    "id2": 771461,
                    "x2": 37680,
                    "y2": 88080,
                    "real_x2": 37680,
                    "real_y2": 88080,
                    "r2": 367,
                    "c2": 157,
                    "l2": 2,
                    "p2": -1
                },
                {
                    "id1": 771461,
                    "x1": 37680,
                    "y1": 88080,
                    "real_x1": 37680,
                    "real_y1": 88080,
                    "r1": 367,
                    "c1": 157,