{
    "id": 673,
    "name": "req_msg[14]",
    "feature": {
        "llx": 121680,
        "lly": 8160,
        "urx": 127920,
        "ury": 8400,
        "wire_len": 6480,
        "via_num": 5,
        "drc_num": 0,
        "drc_type": [],
        "R": 2.383771428571429,
        "C": 0.00311856429008,
        "power": 1.0104148299859201e-07,
        "delay": 0.0033206020061481967,
        "slew": 0.0032730192618278474,
        "aspect_ratio": 26,
        "width": 6240,
        "height": 240,
        "area": 1497600,
        "volume": 2995200,
        "layer_ratio": [
            0.0,
            0.0,
            0.0,
            0.0,
            0.03999999910593033,
            0.0,
            0.9599999785423279,
            0.0,
            0.0,
            0.0,
            0.0
        ],
        "place_feature": {
            "pin_num": 2,
            "aspect_ratio": 106,
            "width": 6343,
            "height": 60,
            "area": 380580,
            "l_ness": 1.0,
            "hpwl": 6403,
            "rsmt": 6403
        }
    },
    "pin_num": 2,
    "pins": [
        {
            "id": 1797,
            "i": "",
            "p": "req_msg[14]",
            "driver": 1
        },
        {
            "id": 1798,
            "i": "dpath/b_mux/_111_",
            "p": "A",
            "driver": 0
        }
    ],
    "wire_num": 7,
    "wires": [
        {
            "id": 6798,
            "feature": {
                "wire_width": 0,
                "wire_len": 0,
                "wire_density": 0.0,
                "drc_num": 0,
                "R": 0.0,
                "C": 0.00027964909439999984,
                "power": 5.033683699199995e-06,
                "delay": 0.0,
                "slew": 0.0,
                "congestion": 0.0,
                "drc_type": []
            },
            "wire": {
                "id1": 1168451,
                "x1": 121680,
                "y1": 8400,
                "real_x1": 121680,
                "real_y1": 8400,
                "r1": 35,
                "c1": 507,
                "l1": 4,
                "p1": -1,
                "id2": 1743043,
                "x2": 121680,
                "y2": 8400,
                "real_x2": 121680,
                "real_y2": 8400,
                "r2": 35,
                "c2": 507,
                "l2": 6,
                "p2": -1,
                "via": 10
            },
            "path_num": 1,
            "paths": [
                {
                    "id1": 1168451,
                    "x1": 121680,
                    "y1": 8400,
                    "real_x1": 121680,
                    "real_y1": 8400,
                    "r1": 35,
                    "c1": 507,
                    "l1": 4,
                    "p1": -1,
                    "id2": 1743043,
                    "x2": 121680,
                    "y2": 8400,
                    "real_x2": 121680,
                    "real_y2": 8400,
                    "r2": 35,
                    "c2": 507,
                    "l2": 6,
                    "p2": -1,
                    "via": 10
                }
            ],
            "patch_num": 1,
            "patchs": [
                58
            ]
        },
        {
            "id": 6799,
            "feature": {
                "wire_width": 300,
                "wire_len": 6240,
                "wire_density": 0.00011280257848429074,
                "drc_num": 0,
                "R": 0.9776,
                "C": 0.00027964909439999984,
                "power": 5.0336836992000015e-06,
                "delay": 0.002775323495296768,
                "slew": 3.227278487193158e-06,
                "congestion": 0.3333333333333333,
                "drc_type": []
            },
            "wire": {
                "id1": 1743043,
                "x1": 121680,
                "y1": 8400,
                "real_x1": 121680,
                "real_y1": 8400,
                "r1": 35,
                "c1": 507,
                "l1": 6,
                "p1": -1,
                "id2": 1743069,
                "x2": 127920,
                "y2": 8400,
                "real_x2": 127920,
                "real_y2": 8400,
                "r2": 35,
                "c2": 533,
                "l2": 6,
                "p2": -1
            },
            "path_num": 1,
            "paths": [
                {
                    "id1": 1743043,
                    "x1": 121680,
                    "y1": 8400,
                    "real_x1": 121680,
                    "real_y1": 8400,
                    "r1": 35,
                    "c1": 507,
                    "l1": 6,
                    "p1": -1,
                    "id2": 1743069,
                    "x2": 127920,
                    "y2": 8400,
                    "real_x2": 127920,
                    "real_y2": 8400,
                    "r2": 35,
                    "c2": 533,
                    "l2": 6,
                    "p2": -1
                }
            ],
            "patch_num": 2,
            "patchs": [
                58,
                59
            ]
        },
        {
            "id": 6800,
            "feature": {
                "wire_width": 0,
                "wire_len": 0,
                "wire_density": 0.0,
                "drc_num": 0,
                "R": 0.0,
                "C": 0.0,
                "power": 0.0,
                "delay": 0.0,
                "slew": 0.0,
                "congestion": 0.0,
                "drc_type": []
            },
            "wire": {
                "id1": 1743069,
                "x1": 127920,
                "y1": 8400,
                "real_x1": 127920,
                "real_y1": 8400,
                "r1": 35,
                "c1": 533,
                "l1": 6,
                "p1": -1,
                "id2": 2317661,
                "x2": 127920,
                "y2": 8400,
                "real_x2": 127920,
                "real_y2": 8400,
                "r2": 35,
                "c2": 533,
                "l2": 8,
                "p2": -1,
                "via": 15
            },
            "path_num": 1,
            "paths": [
                {
                    "id1": 1743069,
                    "x1": 127920,
                    "y1": 8400,
                    "real_x1": 127920,
                    "real_y1": 8400,
                    "r1": 35,
                    "c1": 533,
                    "l1": 6,
                    "p1": -1,
                    "id2": 2317661,
                    "x2": 127920,
                    "y2": 8400,
                    "real_x2": 127920,
                    "real_y2": 8400,
                    "r2": 35,
                    "c2": 533,
                    "l2": 8,
                    "p2": -1,
                    "via": 15
                }
            ],
            "patch_num": 1,
            "patchs": [
                59
            ]
        },
        {
            "id": 6801,
            "feature": {
                "wire_width": 0,
                "wire_len": 0,
                "wire_density": 0.0,
                "drc_num": 0,
                "R": 0.0,
                "C": 0.0,
                "power": 0.0,
                "delay": 0.0,
                "slew": 0.0,
                "congestion": 0.0,
                "drc_type": []
            },
            "wire": {
                "id1": 18731,
                "x1": 121680,
                "y1": 8160,
                "real_x1": 121680,
                "real_y1": 8375,
                "r1": 34,
                "c1": 507,
                "l1": 0,
                "p1": 1798,
                "id2": 593323,