{
    "id": 282,
    "name": "dpath/a_mux/_093_",
    "feature": {
        "llx": 81840,
        "lly": 25680,
        "urx": 84240,
        "ury": 28320,
        "wire_len": 5040,
        "via_num": 4,
        "drc_num": 0,
        "drc_type": [],
        "R": 9.0,
        "C": 0.0029609438164800005,
        "power": 2.0990317113648203e-07,
        "delay": 0.012333179824337143,
        "slew": 0.0007872079699823703,
        "aspect_ratio": 1,
        "width": 2400,
        "height": 2640,
        "area": 6336000,
        "volume": 12672000,
        "layer_ratio": [
            0.0,
            0.0,
            0.47999998927116394,
            0.0,
            0.5199999809265137,
            0.0,
            0.0,
            0.0,
            0.0,
            0.0,
            0.0
        ],
        "place_feature": {
            "pin_num": 2,
            "aspect_ratio": 1,
            "width": 3275,
            "height": 3594,
            "area": 11770350,
            "l_ness": 1.0,
            "hpwl": 6869,
            "rsmt": 6869
        }
    },
    "pin_num": 2,
    "pins": [
        {
            "id": 793,
            "i": "dpath/a_mux/_115_",
            "p": "Y",
            "driver": 1
        },
        {
            "id": 794,
            "i": "dpath/a_mux/_167_",
            "p": "A",
            "driver": 0
        }
    ],
    "wire_num": 6,
    "wires": [
        {
            "id": 3262,
            "feature": {
                "wire_width": 0,
                "wire_len": 0,
                "wire_density": 0.0,
                "drc_num": 0,
                "R": 0.0,
                "C": 0.0,
                "power": 0.0,
                "delay": 0.0,
                "slew": 0.0,
                "congestion": 0.0,
                "drc_type": []
            },
            "wire": {
                "id1": 57703,
                "x1": 84240,
                "y1": 25680,
                "real_x1": 84330,
                "real_y1": 25680,
                "r1": 107,
                "c1": 351,
                "l1": 0,
                "p1": 793,
                "id2": 632295,
                "x2": 84240,
                "y2": 25680,
                "real_x2": 84330,
                "real_y2": 25680,
                "r2": 107,
                "c2": 351,
                "l2": 2,
                "p2": -1,
                "via": 0
            },
            "path_num": 1,
            "paths": [
                {
                    "id1": 57703,
                    "x1": 84240,
                    "y1": 25680,
                    "real_x1": 84330,
                    "real_y1": 25680,
                    "r1": 107,
                    "c1": 351,
                    "l1": 0,
                    "p1": 793,
                    "id2": 632295,
                    "x2": 84240,
                    "y2": 25680,
                    "real_x2": 84330,
                    "real_y2": 25680,
                    "r2": 107,
                    "c2": 351,
                    "l2": 2,
                    "p2": -1,
                    "via": 0
                }
            ],
            "patch_num": 1,
            "patchs": [
                169
            ]
        },
        {
            "id": 3263,
            "feature": {
                "wire_width": 0,
                "wire_len": 0,
                "wire_density": 0.0,
                "drc_num": 0,
                "R": 0.0,
                "C": 0.00010810095704000006,
                "power": 4.257413831527623e-06,
                "delay": 0.0,
                "slew": 0.0,
                "congestion": 0.0,
                "drc_type": []
            },
            "wire": {
                "id1": 638181,
                "x1": 81840,
                "y1": 28320,
                "real_x1": 81840,
                "real_y1": 28435,
                "r1": 118,
                "c1": 341,
                "l1": 2,
                "p1": -1,
                "id2": 1212773,
                "x2": 81840,
                "y2": 28320,
                "real_x2": 81840,
                "real_y2": 28435,
                "r2": 118,
                "c2": 341,
                "l2": 4,
                "p2": -1,
                "via": 5
            },
            "path_num": 1,
            "paths": [
                {
                    "id1": 638181,
                    "x1": 81840,
                    "y1": 28320,
                    "real_x1": 81840,
                    "real_y1": 28435,
                    "r1": 118,
                    "c1": 341,
                    "l1": 2,
                    "p1": -1,
                    "id2": 1212773,
                    "x2": 81840,
                    "y2": 28320,
                    "real_x2": 81840,
                    "real_y2": 28435,
                    "r2": 118,
                    "c2": 341,
                    "l2": 4,
                    "p2": -1,
                    "via": 5
                }
            ],
            "patch_num": 1,
            "patchs": [
                198
            ]
        },
        {
            "id": 3264,
            "feature": {
                "wire_width": 0,
                "wire_len": 0,
                "wire_density": 0.0,
                "drc_num": 0,
                "R": 0.0,
                "C": 0.0,
                "power": 0.0,
                "delay": 0.0,
                "slew": 0.0,
                "congestion": 0.0,
                "drc_type": []
            },
            "wire": {
                "id1": 63589,
                "x1": 81840,
                "y1": 28320,
                "real_x1": 81840,
                "real_y1": 28435,
                "r1": 118,
                "c1": 341,
                "l1": 0,
                "p1": 794,
                "id2": 638181,
                "x2": 81840,
                "y2": 28320,
                "real_x2": 81840,
                "real_y2": 28435,
                "r2": 118,
                "c2": 341,
                "l2": 2,
                "p2": -1,
                "via": 0
            },
            "path_num": 1,
            "paths": [
                {
                    "id1": 63589,
                    "x1": 81840,
                    "y1": 28320,
                    "real_x1": 81840,
                    "real_y1": 28435,
                    "r1": 118,
                    "c1": 341,
                    "l1": 0,
                    "p1": 794,
                    "id2": 638181,
                    "x2": 81840,
                    "y2": 28320,
                    "real_x2": 81840,
                    "real_y2": 28435,
                    "r2": 118,
                    "c2": 341,
                    "l2": 2,
                    "p2": -1,
                    "via": 0
                }
            ],
            "patch_num": 1,
            "patchs": [
                198
            ]
        },
        {
            "id": 3265,
            "feature": {
                "wire_width": 0,
                "wire_len": 0,
                "wire_density": 0.0,
                "drc_num": 0,
                "R": 0.0,
                "C": 0.00010737095120000014,
                "power": 4.228663512886481e-06,
                "delay": 0.0,
                "slew": 0.0,
                "congestion": 0.0,
                "drc_type": []
            },
            "wire": {
                "id1": 632285,
                "x1": 81840,
                "y1": 25680,
                "real_x1": 81840,
                "real_y1": 25680,
                "r1": 107,
                "c1": 341,
                "l1": 2,
                "p1": -1,
                "id2": 1206877,
                "x2": 81840,