{
    "id": 205,
    "name": "dpath/a_mux/_016_",
    "feature": {
        "llx": 66480,
        "lly": 14640,
        "urx": 67200,
        "ury": 21600,
        "wire_len": 8160,
        "via_num": 4,
        "drc_num": 0,
        "drc_type": [],
        "R": 14.57142857142857,
        "C": 0.00344709546832,
        "power": 1.67528839760352e-07,
        "delay": 0.02264522999432571,
        "slew": 0.006613971381843699,
        "aspect_ratio": 10,
        "width": 720,
        "height": 6960,
        "area": 5011200,
        "volume": 10022400,
        "layer_ratio": [
            0.0,
            0.0,
            0.15000000596046448,
            0.0,
            0.8500000238418579,
            0.0,
            0.0,
            0.0,
            0.0,
            0.0,
            0.0
        ],
        "place_feature": {
            "pin_num": 2,
            "aspect_ratio": 9,
            "width": 722,
            "height": 6633,
            "area": 4789026,
            "l_ness": 1.0,
            "hpwl": 7355,
            "rsmt": 7355
        }
    },
    "pin_num": 2,
    "pins": [
        {
            "id": 594,
            "i": "dpath/a_mux/_161_",
            "p": "X",
            "driver": 1
        },
        {
            "id": 595,
            "i": "dpath/a_mux/_111_",
            "p": "A2",
            "driver": 0
        }
    ],
    "wire_num": 7,
    "wires": [
        {
            "id": 2329,
            "feature": {
                "wire_width": 0,
                "wire_len": 0,
                "wire_density": 0.0,
                "drc_num": 0,
                "R": 0.0,
                "C": 0.00027634318856000015,
                "power": 7.461266091120006e-06,
                "delay": 0.0,
                "slew": 0.0,
                "congestion": 0.0,
                "drc_type": []
            },
            "wire": {
                "id1": 623109,
                "x1": 66480,
                "y1": 21600,
                "real_x1": 66480,
                "real_y1": 21745,
                "r1": 90,
                "c1": 277,
                "l1": 2,
                "p1": -1,
                "id2": 1197701,
                "x2": 66480,
                "y2": 21600,
                "real_x2": 66480,
                "real_y2": 21745,
                "r2": 90,
                "c2": 277,
                "l2": 4,
                "p2": -1,
                "via": 5
            },
            "path_num": 1,
            "paths": [
                {
                    "id1": 623109,
                    "x1": 66480,
                    "y1": 21600,
                    "real_x1": 66480,
                    "real_y1": 21745,
                    "r1": 90,
                    "c1": 277,
                    "l1": 2,
                    "p1": -1,
                    "id2": 1197701,
                    "x2": 66480,
                    "y2": 21600,
                    "real_x2": 66480,
                    "real_y2": 21745,
                    "r2": 90,
                    "c2": 277,
                    "l2": 4,
                    "p2": -1,
                    "via": 5
                }
            ],
            "patch_num": 1,
            "patchs": [
                165
            ]
        },
        {
            "id": 2330,
            "feature": {
                "wire_width": 0,
                "wire_len": 0,
                "wire_density": 0.0,
                "drc_num": 0,
                "R": 0.0,
                "C": 0.0,
                "power": 0.0,
                "delay": 0.0,
                "slew": 0.0,
                "congestion": 0.0,
                "drc_type": []
            },
            "wire": {
                "id1": 32976,
                "x1": 67200,
                "y1": 14640,
                "real_x1": 67410,
                "real_y1": 14640,
                "r1": 61,
                "c1": 280,
                "l1": 0,
                "p1": 594,
                "id2": 607568,
                "x2": 67200,
                "y2": 14640,
                "real_x2": 67410,
                "real_y2": 14640,
                "r2": 61,
                "c2": 280,
                "l2": 2,
                "p2": -1,
                "via": 0
            },
            "path_num": 1,
            "paths": [
                {
                    "id1": 32976,
                    "x1": 67200,
                    "y1": 14640,
                    "real_x1": 67410,
                    "real_y1": 14640,
                    "r1": 61,
                    "c1": 280,
                    "l1": 0,
                    "p1": 594,
                    "id2": 607568,
                    "x2": 67200,
                    "y2": 14640,
                    "real_x2": 67410,
                    "real_y2": 14640,
                    "r2": 61,
                    "c2": 280,
                    "l2": 2,
                    "p2": -1,
                    "via": 0
                }
            ],
            "patch_num": 1,
            "patchs": [
                105
            ]
        },
        {
            "id": 2331,
            "feature": {
                "wire_width": 140,
                "wire_len": 720,
                "wire_density": 6.073984995307963e-06,
                "drc_num": 0,
                "R": 0.6428571428571428,
                "C": 3.618685135999998e-05,
                "power": 9.77044986719998e-07,
                "delay": 0.0021927269680457138,
                "slew": 1.245065876787077e-09,
                "congestion": 1.0,
                "drc_type": []
            },
            "wire": {
                "id1": 607565,
                "x1": 66480,
                "y1": 14640,
                "real_x1": 66480,
                "real_y1": 14640,
                "r1": 61,
                "c1": 277,
                "l1": 2,
                "p1": -1,
                "id2": 607568,
                "x2": 67200,
                "y2": 14640,
                "real_x2": 67410,
                "real_y2": 14640,
                "r2": 61,
                "c2": 280,
                "l2": 2,
                "p2": -1
            },
            "path_num": 1,
            "paths": [
                {
                    "id1": 607565,
                    "x1": 66480,
                    "y1": 14640,
                    "real_x1": 66480,
                    "real_y1": 14640,
                    "r1": 61,
                    "c1": 277,
                    "l1": 2,
                    "p1": -1,
                    "id2": 607568,
                    "x2": 67200,
                    "y2": 14640,
                    "real_x2": 67410,
                    "real_y2": 14640,
                    "r2": 61,
                    "c2": 280,
                    "l2": 2,
                    "p2": -1
                }
            ],
            "patch_num": 1,
            "patchs": [
                105
            ]
        },
        {
            "id": 2332,
            "feature": {
                "wire_width": 0,
                "wire_len": 0,
                "wire_density": 0.0,
                "drc_num": 0,
                "R": 0.0,
                "C": 3.618685135999998e-05,
                "power": 9.77044986719998e-07,
                "delay": 0.0,
                "slew": 0.0,
                "congestion": 0.0,
                "drc_type": []
            },
            "wire": {
                "id1": 607565,
                "x1": 66480,
                "y1": 14640,
                "real_x1": 66480,
                "real_y1": 14640,
                "r1": 61,
                "c1": 277,
                "l1": 2,
                "p1": -1,
                "id2": 1182157,