{
    "id": 385,
    "name": "dpath/b_mux/_026_",
    "feature": {
        "llx": 2400,
        "lly": 37680,
        "urx": 5760,
        "ury": 40320,
        "wire_len": 6000,
        "via_num": 4,
        "drc_num": 0,
        "drc_type": [],
        "R": 10.714285714285712,
        "C": 0.003233655833440001,
        "power": 1.0477044900345606e-07,
        "delay": 0.015915570560005716,
        "slew": 0.015571144735333432,
        "aspect_ratio": 1,
        "width": 3360,
        "height": 2640,
        "area": 8870400,
        "volume": 17740800,
        "layer_ratio": [
            0.0,
            0.0,
            0.5600000023841858,
            0.0,
            0.4399999976158142,
            0.0,
            0.0,
            0.0,
            0.0,
            0.0,
            0.0
        ],
        "place_feature": {
            "pin_num": 2,
            "aspect_ratio": 1,
            "width": 3649,
            "height": 3961,
            "area": 14453689,
            "l_ness": 1.0,
            "hpwl": 7610,
            "rsmt": 7610
        }
    },
    "pin_num": 2,
    "pins": [
        {
            "id": 1018,
            "i": "dpath/b_mux/_081_",
            "p": "X",
            "driver": 1
        },
        {
            "id": 1019,
            "i": "dpath/b_mux/_055_",
            "p": "A1",
            "driver": 0
        }
    ],
    "wire_num": 7,
    "wires": [
        {
            "id": 4115,
            "feature": {
                "wire_width": 0,
                "wire_len": 0,
                "wire_density": 0.0,
                "drc_num": 0,
                "R": 0.0,
                "C": 0.0,
                "power": 0.0,
                "delay": 0.0,
                "slew": 0.0,
                "congestion": 0.0,
                "drc_type": []
            },
            "wire": {
                "id1": 90058,
                "x1": 2400,
                "y1": 40320,
                "real_x1": 2610,
                "real_y1": 40475,
                "r1": 168,
                "c1": 10,
                "l1": 0,
                "p1": 1018,
                "id2": 664650,
                "x2": 2400,
                "y2": 40320,
                "real_x2": 2610,
                "real_y2": 40475,
                "r2": 168,
                "c2": 10,
                "l2": 2,
                "p2": -1,
                "via": 0
            },
            "path_num": 1,
            "paths": [
                {
                    "id1": 90058,
                    "x1": 2400,
                    "y1": 40320,
                    "real_x1": 2610,
                    "real_y1": 40475,
                    "r1": 168,
                    "c1": 10,
                    "l1": 0,
                    "p1": 1018,
                    "id2": 664650,
                    "x2": 2400,
                    "y2": 40320,
                    "real_x2": 2610,
                    "real_y2": 40475,
                    "r2": 168,
                    "c2": 10,
                    "l2": 2,
                    "p2": -1,
                    "via": 0
                }
            ],
            "patch_num": 1,
            "patchs": [
                270
            ]
        },
        {
            "id": 4116,
            "feature": {
                "wire_width": 0,
                "wire_len": 0,
                "wire_density": 0.0,
                "drc_num": 0,
                "R": 0.0,
                "C": 1.5848537120000117e-05,
                "power": 2.8527366816000053e-07,
                "delay": 0.0,
                "slew": 0.0,
                "congestion": 0.0,
                "drc_type": []
            },
            "wire": {
                "id1": 664651,
                "x1": 2640,
                "y1": 40320,
                "real_x1": 2640,
                "real_y1": 40475,
                "r1": 168,
                "c1": 11,
                "l1": 2,
                "p1": -1,
                "id2": 1239243,
                "x2": 2640,
                "y2": 40320,
                "real_x2": 2640,
                "real_y2": 40475,
                "r2": 168,
                "c2": 11,
                "l2": 4,
                "p2": -1,
                "via": 5
            },
            "path_num": 1,
            "paths": [
                {
                    "id1": 664651,
                    "x1": 2640,
                    "y1": 40320,
                    "real_x1": 2640,
                    "real_y1": 40475,
                    "r1": 168,
                    "c1": 11,
                    "l1": 2,
                    "p1": -1,
                    "id2": 1239243,
                    "x2": 2640,
                    "y2": 40320,
                    "real_x2": 2640,
                    "real_y2": 40475,
                    "r2": 168,
                    "c2": 11,
                    "l2": 4,
                    "p2": -1,
                    "via": 5
                }
            ],
            "patch_num": 1,
            "patchs": [
                270
            ]
        },
        {
            "id": 4117,
            "feature": {
                "wire_width": 140,
                "wire_len": 2640,
                "wire_density": 2.2271278316129197e-05,
                "drc_num": 0,
                "R": 2.357142857142857,
                "C": 0.00010810095704000006,
                "power": 1.9458172267200005e-06,
                "delay": 0.007292664819377144,
                "slew": 8.945730571957214e-06,
                "congestion": -7.0,
                "drc_type": []
            },
            "wire": {
                "id1": 1233347,
                "x1": 2640,
                "y1": 37680,
                "real_x1": 2640,
                "real_y1": 37730,
                "r1": 157,
                "c1": 11,
                "l1": 4,
                "p1": -1,
                "id2": 1239243,
                "x2": 2640,
                "y2": 40320,
                "real_x2": 2640,
                "real_y2": 40475,
                "r2": 168,
                "c2": 11,
                "l2": 4,
                "p2": -1
            },
            "path_num": 1,
            "paths": [
                {
                    "id1": 1233347,
                    "x1": 2640,
                    "y1": 37680,
                    "real_x1": 2640,
                    "real_y1": 37730,
                    "r1": 157,
                    "c1": 11,
                    "l1": 4,
                    "p1": -1,
                    "id2": 1239243,
                    "x2": 2640,
                    "y2": 40320,
                    "real_x2": 2640,
                    "real_y2": 40475,
                    "r2": 168,
                    "c2": 11,
                    "l2": 4,
                    "p2": -1
                }
            ],
            "patch_num": 2,
            "patchs": [
                240,
                270
            ]
        },
        {
            "id": 4118,
            "feature": {
                "wire_width": 0,
                "wire_len": 0,
                "wire_density": 0.0,
                "drc_num": 0,
                "R": 0.0,
                "C": 0.00013787842256000014,
                "power": 2.4818116060800028e-06,
                "delay": 0.0,
                "slew": 0.0,
                "congestion": 0.0,
                "drc_type": []
            },
            "wire": {
                "id1": 84176,
                "x1": 5760,
                "y1": 37680,
                "real_x1": 5920,
                "real_y1": 37730,
                "r1": 157,
                "c1": 24,
                "l1": 0,
                "p1": 1019,