{
    "id": 403,
    "name": "dpath/b_mux/_044_",
    "feature": {
        "llx": 1680,
        "lly": 44880,
        "urx": 8880,
        "ury": 47040,
        "wire_len": 9360,
        "via_num": 4,
        "drc_num": 0,
        "drc_type": [],
        "R": 16.71428571428571,
        "C": 0.0033303229387200003,
        "power": 2.3206637686456626e-07,
        "delay": 0.02446322822902286,
        "slew": 0.006283215173948871,
        "aspect_ratio": 3,
        "width": 7200,
        "height": 2160,
        "area": 15552000,
        "volume": 31104000,
        "layer_ratio": [
            0.0,
            0.0,
            0.7699999809265137,
            0.0,
            0.23000000417232513,
            0.0,
            0.0,
            0.0,
            0.0,
            0.0,
            0.0
        ],
        "place_feature": {
            "pin_num": 2,
            "aspect_ratio": 2,
            "width": 7394,
            "height": 3507,
            "area": 25930758,
            "l_ness": 1.0,
            "hpwl": 10901,
            "rsmt": 10901
        }
    },
    "pin_num": 2,
    "pins": [
        {
            "id": 1063,
            "i": "dpath/b_mux/_056_",
            "p": "X",
            "driver": 1
        },
        {
            "id": 1064,
            "i": "dpath/b_mux/_085_",
            "p": "A",
            "driver": 0
        }
    ],
    "wire_num": 6,
    "wires": [
        {
            "id": 4258,
            "feature": {
                "wire_width": 0,
                "wire_len": 0,
                "wire_density": 0.0,
                "drc_num": 0,
                "R": 0.0,
                "C": 0.0,
                "power": 0.0,
                "delay": 0.0,
                "slew": 0.0,
                "congestion": 0.0,
                "drc_type": []
            },
            "wire": {
                "id1": 105093,
                "x1": 8880,
                "y1": 47040,
                "real_x1": 8880,
                "real_y1": 47135,
                "r1": 196,
                "c1": 37,
                "l1": 0,
                "p1": 1063,
                "id2": 679685,
                "x2": 8880,
                "y2": 47040,
                "real_x2": 8880,
                "real_y2": 47135,
                "r2": 196,
                "c2": 37,
                "l2": 2,
                "p2": -1,
                "via": 0
            },
            "path_num": 1,
            "paths": [
                {
                    "id1": 105093,
                    "x1": 8880,
                    "y1": 47040,
                    "real_x1": 8880,
                    "real_y1": 47135,
                    "r1": 196,
                    "c1": 37,
                    "l1": 0,
                    "p1": 1063,
                    "id2": 679685,
                    "x2": 8880,
                    "y2": 47040,
                    "real_x2": 8880,
                    "real_y2": 47135,
                    "r2": 196,
                    "c2": 37,
                    "l2": 2,
                    "p2": -1,
                    "via": 0
                }
            ],
            "patch_num": 1,
            "patchs": [
                302
            ]
        },
        {
            "id": 4259,
            "feature": {
                "wire_width": 140,
                "wire_len": 7200,
                "wire_density": 6.0739849953079634e-05,
                "drc_num": 0,
                "R": 6.428571428571428,
                "C": 0.00031075409360000004,
                "power": 1.2030127395476755e-05,
                "delay": 0.019411514004342857,
                "slew": 6.447774800188988e-09,
                "congestion": -2.0,
                "drc_type": []
            },
            "wire": {
                "id1": 679655,
                "x1": 1680,
                "y1": 47040,
                "real_x1": 1680,
                "real_y1": 47135,
                "r1": 196,
                "c1": 7,
                "l1": 2,
                "p1": -1,
                "id2": 679685,
                "x2": 8880,
                "y2": 47040,
                "real_x2": 8880,
                "real_y2": 47135,
                "r2": 196,
                "c2": 37,
                "l2": 2,
                "p2": -1
            },
            "path_num": 1,
            "paths": [
                {
                    "id1": 679655,
                    "x1": 1680,
                    "y1": 47040,
                    "real_x1": 1680,
                    "real_y1": 47135,
                    "r1": 196,
                    "c1": 7,
                    "l1": 2,
                    "p1": -1,
                    "id2": 679685,
                    "x2": 8880,
                    "y2": 47040,
                    "real_x2": 8880,
                    "real_y2": 47135,
                    "r2": 196,
                    "c2": 37,
                    "l2": 2,
                    "p2": -1
                }
            ],
            "patch_num": 3,
            "patchs": [
                300,
                301,
                302
            ]
        },
        {
            "id": 4260,
            "feature": {
                "wire_width": 140,
                "wire_len": 2160,
                "wire_density": null,
                "drc_num": 0,
                "R": 1.928571428571428,
                "C": 8.940737576000005e-05,
                "power": 3.461200166433016e-06,
                "delay": 0.005051714224680003,
                "slew": 3.008489360412092e-10,
                "congestion": -9.0,
                "drc_type": []
            },
            "wire": {
                "id1": 1249423,
                "x1": 1680,
                "y1": 44880,
                "real_x1": 1680,
                "real_y1": 44880,
                "r1": 187,
                "c1": 7,
                "l1": 4,
                "p1": -1,
                "id2": 1254247,
                "x2": 1680,
                "y2": 47040,
                "real_x2": 1680,
                "real_y2": 47135,
                "r2": 196,
                "c2": 7,
                "l2": 4,
                "p2": -1
            },
            "path_num": 1,
            "paths": [
                {
                    "id1": 1249423,
                    "x1": 1680,
                    "y1": 44880,
                    "real_x1": 1680,
                    "real_y1": 44880,
                    "r1": 187,
                    "c1": 7,
                    "l1": 4,
                    "p1": -1,
                    "id2": 1254247,
                    "x2": 1680,
                    "y2": 47040,
                    "real_x2": 1680,
                    "real_y2": 47135,
                    "r2": 196,
                    "c2": 7,
                    "l2": 4,
                    "p2": -1
                }
            ],
            "patch_num": 1,
            "patchs": [
                300
            ]
        },
        {
            "id": 4261,
            "feature": {
                "wire_width": 0,
                "wire_len": 0,
                "wire_density": 0.0,
                "drc_num": 0,
                "R": 0.0,
                "C": 0.0,
                "power": 0.0,
                "delay": 0.0,
                "slew": 0.0,
                "congestion": 0.0,
                "drc_type": []
            },
            "wire": {
                "id1": 100239,
                "x1": 1680,
                "y1": 44880,
                "real_x1": 1680,
                "real_y1": 44880,
                "r1": 187,
                "c1": 7,
                "l1": 0,
                "p1": 1064,
                "id2": 674831,