{
    "id": 667,
    "name": "req_msg[8]",
    "feature": {
        "llx": 960,
        "lly": 74880,
        "urx": 1200,
        "ury": 75600,
        "wire_len": 960,
        "via_num": 5,
        "drc_num": 0,
        "drc_type": [],
        "R": 1.714285714285714,
        "C": 0.0026227120169600004,
        "power": 8.497586934950403e-08,
        "delay": 0.002208305150125714,
        "slew": 0.0022083051501257138,
        "aspect_ratio": 3,
        "width": 240,
        "height": 720,
        "area": 172800,
        "volume": 172800,
        "layer_ratio": [
            0.0,
            0.0,
            1.0,
            0.0,
            0.0,
            0.0,
            0.0,
            0.0,
            0.0,
            0.0,
            0.0
        ],
        "place_feature": {
            "pin_num": 2,
            "aspect_ratio": 2,
            "width": 477,
            "height": 940,
            "area": 448380,
            "l_ness": 1.0,
            "hpwl": 1417,
            "rsmt": 1417
        }
    },
    "pin_num": 2,
    "pins": [
        {
            "id": 1779,
            "i": "",
            "p": "req_msg[8]",
            "driver": 1
        },
        {
            "id": 1780,
            "i": "dpath/b_mux/_093_",
            "p": "A",
            "driver": 0
        }
    ],
    "wire_num": 6,
    "wires": [
        {
            "id": 6752,
            "feature": {
                "wire_width": 0,
                "wire_len": 0,
                "wire_density": 0.0,
                "drc_num": 0,
                "R": 0.0,
                "C": 0.0,
                "power": 0.0,
                "delay": 0.0,
                "slew": 0.0,
                "congestion": 0.0,
                "drc_type": []
            },
            "wire": {
                "id1": 1892621,
                "x1": 1200,
                "y1": 75600,
                "real_x1": 1200,
                "real_y1": 75715,
                "r1": 315,
                "c1": 5,
                "l1": 6,
                "p1": -1,
                "id2": 2467213,
                "x2": 1200,
                "y2": 75600,
                "real_x2": 1200,
                "real_y2": 75715,
                "r2": 315,
                "c2": 5,
                "l2": 8,
                "p2": -1,
                "via": 15
            },
            "path_num": 1,
            "paths": [
                {
                    "id1": 1892621,
                    "x1": 1200,
                    "y1": 75600,
                    "real_x1": 1200,
                    "real_y1": 75715,
                    "r1": 315,
                    "c1": 5,
                    "l1": 6,
                    "p1": -1,
                    "id2": 2467213,
                    "x2": 1200,
                    "y2": 75600,
                    "real_x2": 1200,
                    "real_y2": 75715,
                    "r2": 315,
                    "c2": 5,
                    "l2": 8,
                    "p2": -1,
                    "via": 15
                }
            ],
            "patch_num": 1,
            "patchs": [
                510
            ]
        },
        {
            "id": 6754,
            "feature": {
                "wire_width": 0,
                "wire_len": 0,
                "wire_density": 0.0,
                "drc_num": 0,
                "R": 0.0,
                "C": 4.6356008480000124e-05,
                "power": 8.344081526400011e-07,
                "delay": 0.0,
                "slew": 0.0,
                "congestion": 0.0,
                "drc_type": []
            },
            "wire": {
                "id1": 167236,
                "x1": 960,
                "y1": 74880,
                "real_x1": 1170,
                "real_y1": 75055,
                "r1": 312,
                "c1": 4,
                "l1": 0,
                "p1": 1780,
                "id2": 741828,
                "x2": 960,
                "y2": 74880,
                "real_x2": 1170,
                "real_y2": 75055,
                "r2": 312,
                "c2": 4,
                "l2": 2,
                "p2": -1,
                "via": 0
            },
            "path_num": 1,
            "paths": [
                {
                    "id1": 167236,
                    "x1": 960,
                    "y1": 74880,
                    "real_x1": 1170,
                    "real_y1": 75055,
                    "r1": 312,
                    "c1": 4,
                    "l1": 0,
                    "p1": 1780,
                    "id2": 741828,
                    "x2": 960,
                    "y2": 74880,
                    "real_x2": 1170,
                    "real_y2": 75055,
                    "r2": 312,
                    "c2": 4,
                    "l2": 2,
                    "p2": -1,
                    "via": 0
                }
            ],
            "patch_num": 1,
            "patchs": [
                510
            ]
        },
        {
            "id": 6755,
            "feature": {
                "wire_width": 0,
                "wire_len": 0,
                "wire_density": 0.0,
                "drc_num": 0,
                "R": 0.0,
                "C": 0.0,
                "power": 0.0,
                "delay": 0.0,
                "slew": 0.0,
                "congestion": 0.0,
                "drc_type": []
            },
            "wire": {
                "id1": 1318029,
                "x1": 1200,
                "y1": 75600,
                "real_x1": 1200,
                "real_y1": 75600,
                "r1": 315,
                "c1": 5,
                "l1": 4,
                "p1": -1,
                "id2": 1892621,
                "x2": 1200,
                "y2": 75600,
                "real_x2": 1200,
                "real_y2": 75715,
                "r2": 315,
                "c2": 5,
                "l2": 6,
                "p2": -1,
                "via": 10
            },
            "path_num": 1,
            "paths": [
                {
                    "id1": 1318029,
                    "x1": 1200,
                    "y1": 75600,
                    "real_x1": 1200,
                    "real_y1": 75600,
                    "r1": 315,
                    "c1": 5,
                    "l1": 4,
                    "p1": -1,
                    "id2": 1892621,
                    "x2": 1200,
                    "y2": 75600,
                    "real_x2": 1200,
                    "real_y2": 75715,
                    "r2": 315,
                    "c2": 5,
                    "l2": 6,
                    "p2": -1,
                    "via": 10
                }
            ],
            "patch_num": 1,
            "patchs": [
                510
            ]
        },
        {
            "id": 6756,
            "feature": {
                "wire_width": 0,
                "wire_len": 0,
                "wire_density": 0.0,
                "drc_num": 0,
                "R": 0.0,
                "C": 0.0,
                "power": 0.0,
                "delay": 0.0,
                "slew": 0.0,
                "congestion": 0.0,
                "drc_type": []
            },
            "wire": {
                "id1": 2467213,
                "x1": 1200,
                "y1": 75600,
                "real_x1": 1200,
                "real_y1": 75715,
                "r1": 315,
                "c1": 5,
                "l1": 8,
                "p1": -1,
                "id2": 3041805,
                "x2": 1200,
                "y2": 75600,
                "real_x2": 1200,
                "real_y2": 75715,
                "r2": 315,