{
    "id": 407,
    "name": "dpath/b_mux/_048_",
    "feature": {
        "llx": 8880,
        "lly": 74640,
        "urx": 12240,
        "ury": 74880,
        "wire_len": 3600,
        "via_num": 2,
        "drc_num": 0,
        "drc_type": [],
        "R": 6.428571428571428,
        "C": 0.0028464334736,
        "power": 1.982387095994177e-07,
        "delay": 0.008640696654,
        "slew": 0.0009412329264949643,
        "aspect_ratio": 14,
        "width": 3360,
        "height": 240,
        "area": 806400,
        "volume": 806400,
        "layer_ratio": [
            0.0,
            0.0,
            1.0,
            0.0,
            0.0,
            0.0,
            0.0,
            0.0,
            0.0,
            0.0,
            0.0
        ],
        "place_feature": {
            "pin_num": 2,
            "aspect_ratio": 41,
            "width": 3166,
            "height": 77,
            "area": 243782,
            "l_ness": 1.0,
            "hpwl": 3243,
            "rsmt": 3243
        }
    },
    "pin_num": 2,
    "pins": [
        {
            "id": 1071,
            "i": "dpath/b_mux/_060_",
            "p": "X",
            "driver": 1
        },
        {
            "id": 1072,
            "i": "dpath/b_mux/_097_",
            "p": "A",
            "driver": 0
        }
    ],
    "wire_num": 3,
    "wires": [
        {
            "id": 4276,
            "feature": {
                "wire_width": 0,
                "wire_len": 0,
                "wire_density": 0.0,
                "drc_num": 0,
                "R": 0.0,
                "C": 0.0001582167368,
                "power": 6.1216337394307566e-06,
                "delay": 0.0,
                "slew": 0.0,
                "congestion": 0.0,
                "drc_type": []
            },
            "wire": {
                "id1": 167283,
                "x1": 12240,
                "y1": 74880,
                "real_x1": 12240,
                "real_y1": 75055,
                "r1": 312,
                "c1": 51,
                "l1": 0,
                "p1": 1072,
                "id2": 741875,
                "x2": 12240,
                "y2": 74880,
                "real_x2": 12240,
                "real_y2": 75055,
                "r2": 312,
                "c2": 51,
                "l2": 2,
                "p2": -1,
                "via": 0
            },
            "path_num": 1,
            "paths": [
                {
                    "id1": 167283,
                    "x1": 12240,
                    "y1": 74880,
                    "real_x1": 12240,
                    "real_y1": 75055,
                    "r1": 312,
                    "c1": 51,
                    "l1": 0,
                    "p1": 1072,
                    "id2": 741875,
                    "x2": 12240,
                    "y2": 74880,
                    "real_x2": 12240,
                    "real_y2": 75055,
                    "r2": 312,
                    "c2": 51,
                    "l2": 2,
                    "p2": -1,
                    "via": 0
                }
            ],
            "patch_num": 1,
            "patchs": [
                512
            ]
        },
        {
            "id": 4277,
            "feature": {
                "wire_width": 0,
                "wire_len": 0,
                "wire_density": 0.0,
                "drc_num": 0,
                "R": 0.0,
                "C": 0.0,
                "power": 0.0,
                "delay": 0.0,
                "slew": 0.0,
                "congestion": 0.0,
                "drc_type": []
            },
            "wire": {
                "id1": 166733,
                "x1": 8880,
                "y1": 74640,
                "real_x1": 8880,
                "real_y1": 74640,
                "r1": 311,
                "c1": 37,
                "l1": 0,
                "p1": 1071,
                "id2": 741325,
                "x2": 8880,
                "y2": 74640,
                "real_x2": 8880,
                "real_y2": 74640,
                "r2": 311,
                "c2": 37,
                "l2": 2,
                "p2": -1,
                "via": 0
            },
            "path_num": 1,
            "paths": [
                {
                    "id1": 166733,
                    "x1": 8880,
                    "y1": 74640,
                    "real_x1": 8880,
                    "real_y1": 74640,
                    "r1": 311,
                    "c1": 37,
                    "l1": 0,
                    "p1": 1071,
                    "id2": 741325,
                    "x2": 8880,
                    "y2": 74640,
                    "real_x2": 8880,
                    "real_y2": 74640,
                    "r2": 311,
                    "c2": 37,
                    "l2": 2,
                    "p2": -1,
                    "via": 0
                }
            ],
            "patch_num": 1,
            "patchs": [
                512
            ]
        },
        {
            "id": 4278,
            "feature": {
                "wire_width": 140,
                "wire_len": 3600,
                "wire_density": 3.0369924976539817e-05,
                "drc_num": 0,
                "R": 3.214285714285714,
                "C": 0.0001582167368,
                "power": 6.121633739430743e-06,
                "delay": 0.008640696654,
                "slew": 9.525355018635828e-10,
                "congestion": -7.0,
                "drc_type": []
            },
            "wire": {
                "id1": 741875,
                "x1": 12240,
                "y1": 74880,
                "real_x1": 12240,
                "real_y1": 75055,
                "r1": 312,
                "c1": 51,
                "l1": 2,
                "p1": -1,
                "id2": 741325,
                "x2": 8880,
                "y2": 74640,
                "real_x2": 8880,
                "real_y2": 74640,
                "r2": 311,
                "c2": 37,
                "l2": 2,
                "p2": -1
            },
            "path_num": 3,
            "paths": [
                {
                    "id1": 741875,
                    "x1": 12240,
                    "y1": 74880,
                    "real_x1": 12240,
                    "real_y1": 75055,
                    "r1": 312,
                    "c1": 51,
                    "l1": 2,
                    "p1": -1,
                    "id2": 741868,
                    "x2": 10560,
                    "y2": 74880,
                    "real_x2": 10560,
                    "real_y2": 75055,
                    "r2": 312,
                    "c2": 44,
                    "l2": 2,
                    "p2": -1
                },
                {
                    "id1": 741868,
                    "x1": 10560,
                    "y1": 74880,
                    "real_x1": 10560,
                    "real_y1": 75055,
                    "r1": 312,
                    "c1": 44,
                    "l1": 2,
                    "p1": -1,
                    "id2": 741332,
                    "x2": 10560,
                    "y2": 74640,
                    "real_x2": 10560,
                    "real_y2": 74640,
                    "r2": 311,
                    "c2": 44,
                    "l2": 2,
                    "p2": -1
                },
                {
                    "id1": 741332,
                    "x1": 10560,
                    "y1": 74640,
                    "real_x1": 10560,
                    "real_y1": 74640,
                    "r1": 311,
                    "c1": 44,
                    "l1": 2,
                    "p1": -1,