{
    "id": 319,
    "name": "dpath/a_reg/_026_",
    "feature": {
        "llx": 114240,
        "lly": 41520,
        "urx": 116880,
        "ury": 45360,
        "wire_len": 6480,
        "via_num": 4,
        "drc_num": 0,
        "drc_type": [],
        "R": 11.571428571428571,
        "C": 0.00307475003712,
        "power": 1.9681741525316081e-07,
        "delay": 0.016175714524422857,
        "slew": 0.002960519253984842,
        "aspect_ratio": 1,
        "width": 2640,
        "height": 3840,
        "area": 10137600,
        "volume": 20275200,
        "layer_ratio": [
            0.0,
            0.0,
            0.4099999964237213,
            0.0,
            0.5899999737739563,
            0.0,
            0.0,
            0.0,
            0.0,
            0.0,
            0.0
        ],
        "place_feature": {
            "pin_num": 2,
            "aspect_ratio": 1,
            "width": 2206,
            "height": 3153,
            "area": 6955518,
            "l_ness": 1.0,
            "hpwl": 5359,
            "rsmt": 5359
        }
    },
    "pin_num": 2,
    "pins": [
        {
            "id": 871,
            "i": "dpath/a_reg/_071_",
            "p": "X",
            "driver": 1
        },
        {
            "id": 872,
            "i": "dpath/a_reg/_098_",
            "p": "A",
            "driver": 0
        }
    ],
    "wire_num": 6,
    "wires": [
        {
            "id": 3521,
            "feature": {
                "wire_width": 140,
                "wire_len": 3840,
                "wire_density": null,
                "drc_num": 0,
                "R": 3.4285714285714275,
                "C": 0.0001548349102400001,
                "power": 5.506176013676139e-06,
                "delay": 0.009205148263679998,
                "slew": 1.189626945563571e-09,
                "congestion": 1.0,
                "drc_type": []
            },
            "wire": {
                "id1": 1242399,
                "x1": 116880,
                "y1": 41520,
                "real_x1": 116880,
                "real_y1": 41595,
                "r1": 173,
                "c1": 487,
                "l1": 4,
                "p1": -1,
                "id2": 1250975,
                "x2": 116880,
                "y2": 45360,
                "real_x2": 116880,
                "real_y2": 45360,
                "r2": 189,
                "c2": 487,
                "l2": 4,
                "p2": -1
            },
            "path_num": 1,
            "paths": [
                {
                    "id1": 1242399,
                    "x1": 116880,
                    "y1": 41520,
                    "real_x1": 116880,
                    "real_y1": 41595,
                    "r1": 173,
                    "c1": 487,
                    "l1": 4,
                    "p1": -1,
                    "id2": 1250975,
                    "x2": 116880,
                    "y2": 45360,
                    "real_x2": 116880,
                    "real_y2": 45360,
                    "r2": 189,
                    "c2": 487,
                    "l2": 4,
                    "p2": -1
                }
            ],
            "patch_num": 2,
            "patchs": [
                297,
                327
            ]
        },
        {
            "id": 3522,
            "feature": {
                "wire_width": 0,
                "wire_len": 0,
                "wire_density": 0.0,
                "drc_num": 0,
                "R": 0.0,
                "C": 0.0,
                "power": 0.0,
                "delay": 0.0,
                "slew": 0.0,
                "congestion": 0.0,
                "drc_type": []
            },
            "wire": {
                "id1": 93215,
                "x1": 116880,
                "y1": 41520,
                "real_x1": 116880,
                "real_y1": 41595,
                "r1": 173,
                "c1": 487,
                "l1": 0,
                "p1": 872,
                "id2": 667807,
                "x2": 116880,
                "y2": 41520,
                "real_x2": 116880,
                "real_y2": 41595,
                "r2": 173,
                "c2": 487,
                "l2": 2,
                "p2": -1,
                "via": 0
            },
            "path_num": 1,
            "paths": [
                {
                    "id1": 93215,
                    "x1": 116880,
                    "y1": 41520,
                    "real_x1": 116880,
                    "real_y1": 41595,
                    "r1": 173,
                    "c1": 487,
                    "l1": 0,
                    "p1": 872,
                    "id2": 667807,
                    "x2": 116880,
                    "y2": 41520,
                    "real_x2": 116880,
                    "real_y2": 41595,
                    "r2": 173,
                    "c2": 487,
                    "l2": 2,
                    "p2": -1,
                    "via": 0
                }
            ],
            "patch_num": 1,
            "patchs": [
                297
            ]
        },
        {
            "id": 3523,
            "feature": {
                "wire_width": 140,
                "wire_len": 2640,
                "wire_density": null,
                "drc_num": 0,
                "R": 2.357142857142857,
                "C": 0.00011754010831999985,
                "power": 4.179913457974681e-06,
                "delay": 0.006970566260742858,
                "slew": 2.3178957087033325e-09,
                "congestion": -0.5,
                "drc_type": []
            },
            "wire": {
                "id1": 676372,
                "x1": 114240,
                "y1": 45360,
                "real_x1": 114415,
                "real_y1": 45360,
                "r1": 189,
                "c1": 476,
                "l1": 2,
                "p1": -1,
                "id2": 676383,
                "x2": 116880,
                "y2": 45360,
                "real_x2": 116880,
                "real_y2": 45360,
                "r2": 189,
                "c2": 487,
                "l2": 2,
                "p2": -1
            },
            "path_num": 1,
            "paths": [
                {
                    "id1": 676372,
                    "x1": 114240,
                    "y1": 45360,
                    "real_x1": 114415,
                    "real_y1": 45360,
                    "r1": 189,
                    "c1": 476,
                    "l1": 2,
                    "p1": -1,
                    "id2": 676383,
                    "x2": 116880,
                    "y2": 45360,
                    "real_x2": 116880,
                    "real_y2": 45360,
                    "r2": 189,
                    "c2": 487,
                    "l2": 2,
                    "p2": -1
                }
            ],
            "patch_num": 2,
            "patchs": [
                326,
                327
            ]
        },
        {
            "id": 3524,
            "feature": {
                "wire_width": 0,
                "wire_len": 0,
                "wire_density": 0.0,
                "drc_num": 0,
                "R": 0.0,
                "C": 0.00011754010831999985,
                "power": 4.179913457974695e-06,
                "delay": 0.0,
                "slew": 0.0,
                "congestion": 0.0,
                "drc_type": []
            },
            "wire": {
                "id1": 676383,
                "x1": 116880,
                "y1": 45360,
                "real_x1": 116880,
                "real_y1": 45360,
                "r1": 189,
                "c1": 487,
                "l1": 2,