{
    "id": 499,
    "name": "dpath/b_zero/_24_",
    "feature": {
        "llx": 62160,
        "lly": 68160,
        "urx": 67920,
        "ury": 70320,
        "wire_len": 7920,
        "via_num": 4,
        "drc_num": 0,
        "drc_type": [],
        "R": 14.142857142857142,
        "C": 0.0032082930532800003,
        "power": 5.075619869446876e-11,
        "delay": 0.020267134294165715,
        "slew": 0.004205307994462053,
        "aspect_ratio": 3,
        "width": 5760,
        "height": 2160,
        "area": 12441600,
        "volume": 24883200,
        "layer_ratio": [
            0.0,
            0.0,
            0.7300000190734863,
            0.0,
            0.27000001072883606,
            0.0,
            0.0,
            0.0,
            0.0,
            0.0,
            0.0
        ],
        "place_feature": {
            "pin_num": 2,
            "aspect_ratio": 2,
            "width": 5582,
            "height": 3153,
            "area": 17600046,
            "l_ness": 1.0,
            "hpwl": 8735,
            "rsmt": 8735
        }
    },
    "pin_num": 2,
    "pins": [
        {
            "id": 1276,
            "i": "dpath/b_zero/_33_",
            "p": "X",
            "driver": 1
        },
        {
            "id": 1277,
            "i": "dpath/b_zero/_50_",
            "p": "A",
            "driver": 0
        }
    ],
    "wire_num": 6,
    "wires": [
        {
            "id": 4992,
            "feature": {
                "wire_width": 140,
                "wire_len": 5760,
                "wire_density": null,
                "drc_num": 0,
                "R": 5.142857142857142,
                "C": 0.00024973915088,
                "power": 2.19497300578125e-09,
                "delay": 0.015215420069485714,
                "slew": 4.1175479345567645e-09,
                "congestion": 6.0,
                "drc_type": []
            },
            "wire": {
                "id1": 731899,
                "x1": 62160,
                "y1": 70320,
                "real_x1": 62160,
                "real_y1": 70445,
                "r1": 293,
                "c1": 259,
                "l1": 2,
                "p1": -1,
                "id2": 731923,
                "x2": 67920,
                "y2": 70320,
                "real_x2": 67920,
                "real_y2": 70445,
                "r2": 293,
                "c2": 283,
                "l2": 2,
                "p2": -1
            },
            "path_num": 1,
            "paths": [
                {
                    "id1": 731899,
                    "x1": 62160,
                    "y1": 70320,
                    "real_x1": 62160,
                    "real_y1": 70445,
                    "r1": 293,
                    "c1": 259,
                    "l1": 2,
                    "p1": -1,
                    "id2": 731923,
                    "x2": 67920,
                    "y2": 70320,
                    "real_x2": 67920,
                    "real_y2": 70445,
                    "r2": 293,
                    "c2": 283,
                    "l2": 2,
                    "p2": -1
                }
            ],
            "patch_num": 2,
            "patchs": [
                494,
                495
            ]
        },
        {
            "id": 4993,
            "feature": {
                "wire_width": 0,
                "wire_len": 0,
                "wire_density": 0.0,
                "drc_num": 0,
                "R": 0.0,
                "C": 0.0,
                "power": 0.0,
                "delay": 0.0,
                "slew": 0.0,
                "congestion": 0.0,
                "drc_type": []
            },
            "wire": {
                "id1": 152507,
                "x1": 67920,
                "y1": 68160,
                "real_x1": 67920,
                "real_y1": 68395,
                "r1": 284,
                "c1": 283,
                "l1": 0,
                "p1": 1277,
                "id2": 727099,
                "x2": 67920,
                "y2": 68160,
                "real_x2": 67920,
                "real_y2": 68395,
                "r2": 284,
                "c2": 283,
                "l2": 2,
                "p2": -1,
                "via": 0
            },
            "path_num": 1,
            "paths": [
                {
                    "id1": 152507,
                    "x1": 67920,
                    "y1": 68160,
                    "real_x1": 67920,
                    "real_y1": 68395,
                    "r1": 284,
                    "c1": 283,
                    "l1": 0,
                    "p1": 1277,
                    "id2": 727099,
                    "x2": 67920,
                    "y2": 68160,
                    "real_x2": 67920,
                    "real_y2": 68395,
                    "r2": 284,
                    "c2": 283,
                    "l2": 2,
                    "p2": -1,
                    "via": 0
                }
            ],
            "patch_num": 1,
            "patchs": [
                465
            ]
        },
        {
            "id": 4994,
            "feature": {
                "wire_width": 0,
                "wire_len": 0,
                "wire_density": 0.0,
                "drc_num": 0,
                "R": 0.0,
                "C": 0.0,
                "power": 0.0,
                "delay": 0.0,
                "slew": 0.0,
                "congestion": 0.0,
                "drc_type": []
            },
            "wire": {
                "id1": 157307,
                "x1": 62160,
                "y1": 70320,
                "real_x1": 62160,
                "real_y1": 70445,
                "r1": 293,
                "c1": 259,
                "l1": 0,
                "p1": 1276,
                "id2": 731899,
                "x2": 62160,
                "y2": 70320,
                "real_x2": 62160,
                "real_y2": 70445,
                "r2": 293,
                "c2": 259,
                "l2": 2,
                "p2": -1,
                "via": 0
            },
            "path_num": 1,
            "paths": [
                {
                    "id1": 157307,
                    "x1": 62160,
                    "y1": 70320,
                    "real_x1": 62160,
                    "real_y1": 70445,
                    "r1": 293,
                    "c1": 259,
                    "l1": 0,
                    "p1": 1276,
                    "id2": 731899,
                    "x2": 62160,
                    "y2": 70320,
                    "real_x2": 62160,
                    "real_y2": 70445,
                    "r2": 293,
                    "c2": 259,
                    "l2": 2,
                    "p2": -1,
                    "via": 0
                }
            ],
            "patch_num": 1,
            "patchs": [
                494
            ]
        },
        {
            "id": 4995,
            "feature": {
                "wire_width": 140,
                "wire_len": 2160,
                "wire_density": null,
                "drc_num": 0,
                "R": 1.9285714285714288,
                "C": 8.940737576000005e-05,
                "power": 7.858070135156275e-10,
                "delay": 0.005051714224680001,
                "slew": 2.8584021261046644e-10,
                "congestion": -5.0,
                "drc_type": []
            },
            "wire": {
                "id1": 1301691,
                "x1": 67920,
                "y1": 68160,
                "real_x1": 67920,
                "real_y1": 68395,
                "r1": 284,
                "c1": 283,
                "l1": 4,