{
    "id": 398,
    "name": "dpath/b_mux/_039_",
    "feature": {
        "llx": 118080,
        "lly": 108720,
        "urx": 118320,
        "ury": 111360,
        "wire_len": 2880,
        "via_num": 4,
        "drc_num": 0,
        "drc_type": [],
        "R": 5.142857142857143,
        "C": 0.0027778989883200005,
        "power": 1.934204415771118e-07,
        "delay": 0.006810248781137143,
        "slew": 0.000526968895431093,
        "aspect_ratio": 11,
        "width": 240,
        "height": 2640,
        "area": 633600,
        "volume": 1267200,
        "layer_ratio": [
            0.0,
            0.0,
            0.07999999821186066,
            0.0,
            0.9200000166893005,
            0.0,
            0.0,
            0.0,
            0.0,
            0.0,
            0.0
        ],
        "place_feature": {
            "pin_num": 2,
            "aspect_ratio": 16,
            "width": 194,
            "height": 3153,
            "area": 611682,
            "l_ness": 1.0,
            "hpwl": 3347,
            "rsmt": 3347
        }
    },
    "pin_num": 2,
    "pins": [
        {
            "id": 1053,
            "i": "dpath/b_mux/_066_",
            "p": "X",
            "driver": 1
        },
        {
            "id": 1054,
            "i": "dpath/b_mux/_115_",
            "p": "A",
            "driver": 0
        }
    ],
    "wire_num": 6,
    "wires": [
        {
            "id": 4235,
            "feature": {
                "wire_width": 0,
                "wire_len": 0,
                "wire_density": 0.0,
                "drc_num": 0,
                "R": 0.0,
                "C": 0.0,
                "power": 0.0,
                "delay": 0.0,
                "slew": 0.0,
                "congestion": 0.0,
                "drc_type": []
            },
            "wire": {
                "id1": 249197,
                "x1": 118320,
                "y1": 111360,
                "real_x1": 118320,
                "real_y1": 111585,
                "r1": 464,
                "c1": 493,
                "l1": 0,
                "p1": 1054,
                "id2": 823789,
                "x2": 118320,
                "y2": 111360,
                "real_x2": 118320,
                "real_y2": 111585,
                "r2": 464,
                "c2": 493,
                "l2": 2,
                "p2": -1,
                "via": 0
            },
            "path_num": 1,
            "paths": [
                {
                    "id1": 249197,
                    "x1": 118320,
                    "y1": 111360,
                    "real_x1": 118320,
                    "real_y1": 111585,
                    "r1": 464,
                    "c1": 493,
                    "l1": 0,
                    "p1": 1054,
                    "id2": 823789,
                    "x2": 118320,
                    "y2": 111360,
                    "real_x2": 118320,
                    "real_y2": 111585,
                    "r2": 464,
                    "c2": 493,
                    "l2": 2,
                    "p2": -1,
                    "via": 0
                }
            ],
            "patch_num": 1,
            "patchs": [
                777
            ]
        },
        {
            "id": 4236,
            "feature": {
                "wire_width": 140,
                "wire_len": 2640,
                "wire_density": 2.2271278316129197e-05,
                "drc_num": 0,
                "R": 2.357142857142857,
                "C": 0.00010810095704000006,
                "power": 4.1816045014794105e-06,
                "delay": 0.006218380827308572,
                "slew": 4.451893853563149e-10,
                "congestion": 2.0,
                "drc_type": []
            },
            "wire": {
                "id1": 1392485,
                "x1": 118320,
                "y1": 108720,
                "real_x1": 118320,
                "real_y1": 108845,
                "r1": 453,
                "c1": 493,
                "l1": 4,
                "p1": -1,
                "id2": 1398381,
                "x2": 118320,
                "y2": 111360,
                "real_x2": 118320,
                "real_y2": 111585,
                "r2": 464,
                "c2": 493,
                "l2": 4,
                "p2": -1
            },
            "path_num": 1,
            "paths": [
                {
                    "id1": 1392485,
                    "x1": 118320,
                    "y1": 108720,
                    "real_x1": 118320,
                    "real_y1": 108845,
                    "r1": 453,
                    "c1": 493,
                    "l1": 4,
                    "p1": -1,
                    "id2": 1398381,
                    "x2": 118320,
                    "y2": 111360,
                    "real_x2": 118320,
                    "real_y2": 111585,
                    "r2": 464,
                    "c2": 493,
                    "l2": 4,
                    "p2": -1
                }
            ],
            "patch_num": 1,
            "patchs": [
                777
            ]
        },
        {
            "id": 4237,
            "feature": {
                "wire_width": 0,
                "wire_len": 0,
                "wire_density": 0.0,
                "drc_num": 0,
                "R": 0.0,
                "C": 0.0,
                "power": 0.0,
                "delay": 0.0,
                "slew": 0.0,
                "congestion": 0.0,
                "drc_type": []
            },
            "wire": {
                "id1": 243300,
                "x1": 118080,
                "y1": 108720,
                "real_x1": 118290,
                "real_y1": 108845,
                "r1": 453,
                "c1": 492,
                "l1": 0,
                "p1": 1053,
                "id2": 817892,
                "x2": 118080,
                "y2": 108720,
                "real_x2": 118290,
                "real_y2": 108845,
                "r2": 453,
                "c2": 492,
                "l2": 2,
                "p2": -1,
                "via": 0
            },
            "path_num": 1,
            "paths": [
                {
                    "id1": 243300,
                    "x1": 118080,
                    "y1": 108720,
                    "real_x1": 118290,
                    "real_y1": 108845,
                    "r1": 453,
                    "c1": 492,
                    "l1": 0,
                    "p1": 1053,
                    "id2": 817892,
                    "x2": 118080,
                    "y2": 108720,
                    "real_x2": 118290,
                    "real_y2": 108845,
                    "r2": 453,
                    "c2": 492,
                    "l2": 2,
                    "p2": -1,
                    "via": 0
                }
            ],
            "patch_num": 1,
            "patchs": [
                777
            ]
        },
        {
            "id": 4238,
            "feature": {
                "wire_width": 0,
                "wire_len": 0,
                "wire_density": 0.0,
                "drc_num": 0,
                "R": 0.0,
                "C": 1.5848537120000117e-05,
                "power": 6.130594582833649e-07,
                "delay": 0.0,
                "slew": 0.0,
                "congestion": 0.0,
                "drc_type": []
            },
            "wire": {
                "id1": 817893,
                "x1": 118320,
                "y1": 108720,
                "real_x1": 118320,
                "real_y1": 108845,
                "r1": 453,
                "c1": 493,
                "l1": 2,