{
    "id": 215,
    "name": "dpath/a_mux/_026_",
    "feature": {
        "llx": 104400,
        "lly": 31440,
        "urx": 104400,
        "ury": 35040,
        "wire_len": 3600,
        "via_num": 4,
        "drc_num": 0,
        "drc_type": [],
        "R": 6.428571428571428,
        "C": 0.0030609762392,
        "power": 2.839389715838145e-07,
        "delay": 0.009371211813,
        "slew": 0.001334591969936877,
        "aspect_ratio": 1,
        "width": 0,
        "height": 3600,
        "area": 0,
        "volume": 0,
        "layer_ratio": [
            0.0,
            0.0,
            0.0,
            0.0,
            1.0,
            0.0,
            0.0,
            0.0,
            0.0,
            0.0,
            0.0
        ],
        "place_feature": {
            "pin_num": 2,
            "aspect_ratio": 15,
            "width": 242,
            "height": 3557,
            "area": 860794,
            "l_ness": 1.0,
            "hpwl": 3799,
            "rsmt": 3799
        }
    },
    "pin_num": 2,
    "pins": [
        {
            "id": 614,
            "i": "dpath/a_mux/_177_",
            "p": "X",
            "driver": 1
        },
        {
            "id": 615,
            "i": "dpath/a_mux/_123_",
            "p": "A2",
            "driver": 0
        }
    ],
    "wire_num": 5,
    "wires": [
        {
            "id": 2405,
            "feature": {
                "wire_width": 0,
                "wire_len": 0,
                "wire_density": 0.0,
                "drc_num": 0,
                "R": 0.0,
                "C": 0.00014548811960000008,
                "power": 7.497562111768102e-06,
                "delay": 0.0,
                "slew": 0.0,
                "congestion": 0.0,
                "drc_type": []
            },
            "wire": {
                "id1": 653283,
                "x1": 104400,
                "y1": 35040,
                "real_x1": 104400,
                "real_y1": 35195,
                "r1": 146,
                "c1": 435,
                "l1": 2,
                "p1": -1,
                "id2": 1227875,
                "x2": 104400,
                "y2": 35040,
                "real_x2": 104400,
                "real_y2": 35195,
                "r2": 146,
                "c2": 435,
                "l2": 4,
                "p2": -1,
                "via": 5
            },
            "path_num": 1,
            "paths": [
                {
                    "id1": 653283,
                    "x1": 104400,
                    "y1": 35040,
                    "real_x1": 104400,
                    "real_y1": 35195,
                    "r1": 146,
                    "c1": 435,
                    "l1": 2,
                    "p1": -1,
                    "id2": 1227875,
                    "x2": 104400,
                    "y2": 35040,
                    "real_x2": 104400,
                    "real_y2": 35195,
                    "r2": 146,
                    "c2": 435,
                    "l2": 4,
                    "p2": -1,
                    "via": 5
                }
            ],
            "patch_num": 1,
            "patchs": [
                264
            ]
        },
        {
            "id": 2406,
            "feature": {
                "wire_width": 140,
                "wire_len": 3600,
                "wire_density": 3.0369924976539817e-05,
                "drc_num": 0,
                "R": 3.214285714285714,
                "C": 0.00014548811960000008,
                "power": 7.497562111768129e-06,
                "delay": 0.009371211813,
                "slew": 1.3622201561203084e-09,
                "congestion": 4.0,
                "drc_type": []
            },
            "wire": {
                "id1": 1219835,
                "x1": 104400,
                "y1": 31440,
                "real_x1": 104400,
                "real_y1": 31440,
                "r1": 131,
                "c1": 435,
                "l1": 4,
                "p1": -1,
                "id2": 1227875,
                "x2": 104400,
                "y2": 35040,
                "real_x2": 104400,
                "real_y2": 35195,
                "r2": 146,
                "c2": 435,
                "l2": 4,
                "p2": -1
            },
            "path_num": 1,
            "paths": [
                {
                    "id1": 1219835,
                    "x1": 104400,
                    "y1": 31440,
                    "real_x1": 104400,
                    "real_y1": 31440,
                    "r1": 131,
                    "c1": 435,
                    "l1": 4,
                    "p1": -1,
                    "id2": 1227875,
                    "x2": 104400,
                    "y2": 35040,
                    "real_x2": 104400,
                    "real_y2": 35195,
                    "r2": 146,
                    "c2": 435,
                    "l2": 4,
                    "p2": -1
                }
            ],
            "patch_num": 2,
            "patchs": [
                234,
                264
            ]
        },
        {
            "id": 2407,
            "feature": {
                "wire_width": 0,
                "wire_len": 0,
                "wire_density": 0.0,
                "drc_num": 0,
                "R": 0.0,
                "C": 0.0,
                "power": 0.0,
                "delay": 0.0,
                "slew": 0.0,
                "congestion": 0.0,
                "drc_type": []
            },
            "wire": {
                "id1": 78691,
                "x1": 104400,
                "y1": 35040,
                "real_x1": 104400,
                "real_y1": 35195,
                "r1": 146,
                "c1": 435,
                "l1": 0,
                "p1": 615,
                "id2": 653283,
                "x2": 104400,
                "y2": 35040,
                "real_x2": 104400,
                "real_y2": 35195,
                "r2": 146,
                "c2": 435,
                "l2": 2,
                "p2": -1,
                "via": 0
            },
            "path_num": 1,
            "paths": [
                {
                    "id1": 78691,
                    "x1": 104400,
                    "y1": 35040,
                    "real_x1": 104400,
                    "real_y1": 35195,
                    "r1": 146,
                    "c1": 435,
                    "l1": 0,
                    "p1": 615,
                    "id2": 653283,
                    "x2": 104400,
                    "y2": 35040,
                    "real_x2": 104400,
                    "real_y2": 35195,
                    "r2": 146,
                    "c2": 435,
                    "l2": 2,
                    "p2": -1,
                    "via": 0
                }
            ],
            "patch_num": 1,
            "patchs": [
                264
            ]
        },
        {
            "id": 2408,
            "feature": {
                "wire_width": 0,
                "wire_len": 0,
                "wire_density": 0.0,
                "drc_num": 0,
                "R": 0.0,
                "C": 0.0,
                "power": 0.0,
                "delay": 0.0,
                "slew": 0.0,
                "congestion": 0.0,
                "drc_type": []
            },
            "wire": {
                "id1": 70651,
                "x1": 104400,
                "y1": 31440,
                "real_x1": 104465,
                "real_y1": 31440,
                "r1": 131,
                "c1": 435,
                "l1": 0,
                "p1": 614,
                "id2": 645243,
                "x2": 104400,