{
    "id": 565,
    "name": "dpath/sub/_065_",
    "feature": {
        "llx": 73680,
        "lly": 11040,
        "urx": 76800,
        "ury": 14400,
        "wire_len": 6480,
        "via_num": 4,
        "drc_num": 0,
        "drc_type": [],
        "R": 11.57142857142857,
        "C": 0.00598939826304,
        "power": 1.9405650372249602e-07,
        "delay": 0.03303433587404571,
        "slew": 0.008349992654210346,
        "aspect_ratio": 1,
        "width": 3120,
        "height": 3360,
        "area": 10483200,
        "volume": 20966400,
        "layer_ratio": [
            0.0,
            0.0,
            0.47999998927116394,
            0.0,
            0.5199999809265137,
            0.0,
            0.0,
            0.0,
            0.0,
            0.0,
            0.0
        ],
        "place_feature": {
            "pin_num": 2,
            "aspect_ratio": 1,
            "width": 4497,
            "height": 3604,
            "area": 16207188,
            "l_ness": 1.0,
            "hpwl": 8101,
            "rsmt": 8101
        }
    },
    "pin_num": 2,
    "pins": [
        {
            "id": 1470,
            "i": "dpath/sub/_125_",
            "p": "Y",
            "driver": 1
        },
        {
            "id": 1471,
            "i": "dpath/sub/_126_",
            "p": "C",
            "driver": 0
        }
    ],
    "wire_num": 7,
    "wires": [
        {
            "id": 5725,
            "feature": {
                "wire_width": 140,
                "wire_len": 1920,
                "wire_density": null,
                "drc_num": 0,
                "R": 1.714285714285714,
                "C": 8.703263696000028e-05,
                "power": 1.5665874652799996e-06,
                "delay": 0.010118341073279998,
                "slew": 4.578830314905247e-09,
                "congestion": 2.5,
                "drc_type": []
            },
            "wire": {
                "id1": 607059,
                "x1": 73680,
                "y1": 14400,
                "real_x1": 73680,
                "real_y1": 14585,
                "r1": 60,
                "c1": 307,
                "l1": 2,
                "p1": -1,
                "id2": 607067,
                "x2": 75600,
                "y2": 14400,
                "real_x2": 75600,
                "real_y2": 14585,
                "r2": 60,
                "c2": 315,
                "l2": 2,
                "p2": -1
            },
            "path_num": 1,
            "paths": [
                {
                    "id1": 607059,
                    "x1": 73680,
                    "y1": 14400,
                    "real_x1": 73680,
                    "real_y1": 14585,
                    "r1": 60,
                    "c1": 307,
                    "l1": 2,
                    "p1": -1,
                    "id2": 607067,
                    "x2": 75600,
                    "y2": 14400,
                    "real_x2": 75600,
                    "real_y2": 14585,
                    "r2": 60,
                    "c2": 315,
                    "l2": 2,
                    "p2": -1
                }
            ],
            "patch_num": 1,
            "patchs": [
                107
            ]
        },
        {
            "id": 5726,
            "feature": {
                "wire_width": 0,
                "wire_len": 0,
                "wire_density": 0.0,
                "drc_num": 0,
                "R": 0.0,
                "C": 8.703263696000028e-05,
                "power": 1.5665874652800131e-06,
                "delay": 0.0,
                "slew": 0.0,
                "congestion": 0.0,
                "drc_type": []
            },
            "wire": {
                "id1": 607067,
                "x1": 75600,
                "y1": 14400,
                "real_x1": 75600,
                "real_y1": 14585,
                "r1": 60,
                "c1": 315,
                "l1": 2,
                "p1": -1,
                "id2": 1181659,
                "x2": 75600,
                "y2": 14400,
                "real_x2": 75600,
                "real_y2": 14585,
                "r2": 60,
                "c2": 315,
                "l2": 4,
                "p2": -1,
                "via": 5
            },
            "path_num": 1,
            "paths": [
                {
                    "id1": 607067,
                    "x1": 75600,
                    "y1": 14400,
                    "real_x1": 75600,
                    "real_y1": 14585,
                    "r1": 60,
                    "c1": 315,
                    "l1": 2,
                    "p1": -1,
                    "id2": 1181659,
                    "x2": 75600,
                    "y2": 14400,
                    "real_x2": 75600,
                    "real_y2": 14585,
                    "r2": 60,
                    "c2": 315,
                    "l2": 4,
                    "p2": -1,
                    "via": 5
                }
            ],
            "patch_num": 1,
            "patchs": [
                107
            ]
        },
        {
            "id": 5727,
            "feature": {
                "wire_width": 0,
                "wire_len": 0,
                "wire_density": 0.0,
                "drc_num": 0,
                "R": 0.0,
                "C": 0.00013614132896000008,
                "power": 2.450543921279997e-06,
                "delay": 0.0,
                "slew": 0.0,
                "congestion": 0.0,
                "drc_type": []
            },
            "wire": {
                "id1": 599563,
                "x1": 75600,
                "y1": 11040,
                "real_x1": 75600,
                "real_y1": 11255,
                "r1": 46,
                "c1": 315,
                "l1": 2,
                "p1": -1,
                "id2": 1174155,
                "x2": 75600,
                "y2": 11040,
                "real_x2": 75600,
                "real_y2": 11255,
                "r2": 46,
                "c2": 315,
                "l2": 4,
                "p2": -1,
                "via": 5
            },
            "path_num": 1,
            "paths": [
                {
                    "id1": 599563,
                    "x1": 75600,
                    "y1": 11040,
                    "real_x1": 75600,
                    "real_y1": 11255,
                    "r1": 46,
                    "c1": 315,
                    "l1": 2,
                    "p1": -1,
                    "id2": 1174155,
                    "x2": 75600,
                    "y2": 11040,
                    "real_x2": 75600,
                    "real_y2": 11255,
                    "r2": 46,
                    "c2": 315,
                    "l2": 4,
                    "p2": -1,
                    "via": 5
                }
            ],
            "patch_num": 1,
            "patchs": [
                77
            ]
        },
        {
            "id": 5728,
            "feature": {
                "wire_width": 0,
                "wire_len": 0,
                "wire_density": 0.0,
                "drc_num": 0,
                "R": 0.0,
                "C": 5.652516559999984e-05,
                "power": 1.017452980799999e-06,
                "delay": 0.0,
                "slew": 0.0,
                "congestion": 0.0,
                "drc_type": []
            },
            "wire": {
                "id1": 24976,
                "x1": 76800,
                "y1": 11040,
                "real_x1": 77010,
                "real_y1": 11255,
                "r1": 46,
                "c1": 320,
                "l1": 0,
                "p1": 1471,