{
    "id": 454,
    "name": "dpath/b_reg/_045_",
    "feature": {
        "llx": 15840,
        "lly": 55200,
        "urx": 19920,
        "ury": 55920,
        "wire_len": 5280,
        "via_num": 2,
        "drc_num": 0,
        "drc_type": [],
        "R": 9.428571428571429,
        "C": 0.0031688016732800005,
        "power": 2.231278436963525e-07,
        "delay": 0.01385717537273143,
        "slew": 0.002815103402978379,
        "aspect_ratio": 6,
        "width": 4080,
        "height": 720,
        "area": 2937600,
        "volume": 2937600,
        "layer_ratio": [
            0.0,
            0.0,
            1.0,
            0.0,
            0.0,
            0.0,
            0.0,
            0.0,
            0.0,
            0.0,
            0.0
        ],
        "place_feature": {
            "pin_num": 2,
            "aspect_ratio": 8,
            "width": 3169,
            "height": 377,
            "area": 1194713,
            "l_ness": 1.0,
            "hpwl": 3546,
            "rsmt": 3546
        }
    },
    "pin_num": 2,
    "pins": [
        {
            "id": 1177,
            "i": "dpath/b_reg/_103_",
            "p": "X",
            "driver": 1
        },
        {
            "id": 1178,
            "i": "dpath/b_reg/_073_",
            "p": "A1",
            "driver": 0
        }
    ],
    "wire_num": 3,
    "wires": [
        {
            "id": 4662,
            "feature": {
                "wire_width": 0,
                "wire_len": 0,
                "wire_density": 0.0,
                "drc_num": 0,
                "R": 0.0,
                "C": 0.0,
                "power": 0.0,
                "delay": 0.0,
                "slew": 0.0,
                "congestion": 0.0,
                "drc_type": []
            },
            "wire": {
                "id1": 123882,
                "x1": 15840,
                "y1": 55440,
                "real_x1": 16050,
                "real_y1": 55565,
                "r1": 231,
                "c1": 66,
                "l1": 0,
                "p1": 1177,
                "id2": 698474,
                "x2": 15840,
                "y2": 55440,
                "real_x2": 16050,
                "real_y2": 55565,
                "r2": 231,
                "c2": 66,
                "l2": 2,
                "p2": -1,
                "via": 0
            },
            "path_num": 1,
            "paths": [
                {
                    "id1": 123882,
                    "x1": 15840,
                    "y1": 55440,
                    "real_x1": 16050,
                    "real_y1": 55565,
                    "r1": 231,
                    "c1": 66,
                    "l1": 0,
                    "p1": 1177,
                    "id2": 698474,
                    "x2": 15840,
                    "y2": 55440,
                    "real_x2": 16050,
                    "real_y2": 55565,
                    "r2": 231,
                    "c2": 66,
                    "l2": 2,
                    "p2": -1,
                    "via": 0
                }
            ],
            "patch_num": 1,
            "patchs": [
                363
            ]
        },
        {
            "id": 4663,
            "feature": {
                "wire_width": 0,
                "wire_len": 0,
                "wire_density": 0.0,
                "drc_num": 0,
                "R": 0.0,
                "C": 0.00022940083664000016,
                "power": 8.973899512100382e-06,
                "delay": 0.0,
                "slew": 0.0,
                "congestion": 0.0,
                "drc_type": []
            },
            "wire": {
                "id1": 123363,
                "x1": 19920,
                "y1": 55200,
                "real_x1": 19980,
                "real_y1": 55430,
                "r1": 230,
                "c1": 83,
                "l1": 0,
                "p1": 1178,
                "id2": 697955,
                "x2": 19920,
                "y2": 55200,
                "real_x2": 19980,
                "real_y2": 55430,
                "r2": 230,
                "c2": 83,
                "l2": 2,
                "p2": -1,
                "via": 0
            },
            "path_num": 1,
            "paths": [
                {
                    "id1": 123363,
                    "x1": 19920,
                    "y1": 55200,
                    "real_x1": 19980,
                    "real_y1": 55430,
                    "r1": 230,
                    "c1": 83,
                    "l1": 0,
                    "p1": 1178,
                    "id2": 697955,
                    "x2": 19920,
                    "y2": 55200,
                    "real_x2": 19980,
                    "real_y2": 55430,
                    "r2": 230,
                    "c2": 83,
                    "l2": 2,
                    "p2": -1,
                    "via": 0
                }
            ],
            "patch_num": 1,
            "patchs": [
                364
            ]
        },
        {
            "id": 4664,
            "feature": {
                "wire_width": 140,
                "wire_len": 5280,
                "wire_density": 4.4542556632258395e-05,
                "drc_num": 0,
                "R": 4.714285714285714,
                "C": 0.00022940083664000016,
                "power": 8.973899512100368e-06,
                "delay": 0.01385717537273143,
                "slew": 2.9362851108882815e-09,
                "congestion": 3.0,
                "drc_type": []
            },
            "wire": {
                "id1": 698474,
                "x1": 15840,
                "y1": 55440,
                "real_x1": 16050,
                "real_y1": 55565,
                "r1": 231,
                "c1": 66,
                "l1": 2,
                "p1": -1,
                "id2": 697955,
                "x2": 19920,
                "y2": 55200,
                "real_x2": 19980,
                "real_y2": 55430,
                "r2": 230,
                "c2": 83,
                "l2": 2,
                "p2": -1
            },
            "path_num": 4,
            "paths": [
                {
                    "id1": 698474,
                    "x1": 15840,
                    "y1": 55440,
                    "real_x1": 16050,
                    "real_y1": 55565,
                    "r1": 231,
                    "c1": 66,
                    "l1": 2,
                    "p1": -1,
                    "id2": 698475,
                    "x2": 16080,
                    "y2": 55440,
                    "real_x2": 16080,
                    "real_y2": 55565,
                    "r2": 231,
                    "c2": 67,
                    "l2": 2,
                    "p2": -1
                },
                {
                    "id1": 698475,
                    "x1": 16080,
                    "y1": 55440,
                    "real_x1": 16080,
                    "real_y1": 55565,
                    "r1": 231,
                    "c1": 67,
                    "l1": 2,
                    "p1": -1,
                    "id2": 699547,
                    "x2": 16080,
                    "y2": 55920,
                    "real_x2": 16080,
                    "real_y2": 55920,
                    "r2": 233,
                    "c2": 67,
                    "l2": 2,
                    "p2": -1
                },
                {
                    "id1": 699547,
                    "x1": 16080,
                    "y1": 55920,
                    "real_x1": 16080,
                    "real_y1": 55920,
                    "r1": 233,
                    "c1": 67,