{
    "id": 480,
    "name": "dpath/b_zero/_05_",
    "feature": {
        "llx": 95760,
        "lly": 74640,
        "urx": 96960,
        "ury": 78000,
        "wire_len": 5520,
        "via_num": 4,
        "drc_num": 0,
        "drc_type": [],
        "R": 9.857142857142856,
        "C": 0.009248045006080001,
        "power": 2.99636658196992e-07,
        "delay": 0.044401493588399996,
        "slew": 0.01243003573060504,
        "aspect_ratio": 3,
        "width": 1200,
        "height": 3360,
        "area": 4032000,
        "volume": 8064000,
        "layer_ratio": [
            0.0,
            0.0,
            0.38999998569488525,
            0.0,
            0.6100000143051147,
            0.0,
            0.0,
            0.0,
            0.0,
            0.0,
            0.0
        ],
        "place_feature": {
            "pin_num": 2,
            "aspect_ratio": 6,
            "width": 482,
            "height": 2903,
            "area": 1399246,
            "l_ness": 1.0,
            "hpwl": 3385,
            "rsmt": 3385
        }
    },
    "pin_num": 2,
    "pins": [
        {
            "id": 1238,
            "i": "dpath/b_zero/_49_",
            "p": "X",
            "driver": 1
        },
        {
            "id": 1239,
            "i": "dpath/b_zero/_27_",
            "p": "B",
            "driver": 0
        }
    ],
    "wire_num": 7,
    "wires": [
        {
            "id": 4868,
            "feature": {
                "wire_width": 140,
                "wire_len": 1200,
                "wire_density": null,
                "drc_num": 0,
                "R": 1.0714285714285714,
                "C": 5.6525165600000704e-05,
                "power": 1.0174529808000261e-06,
                "delay": 0.009848056971942857,
                "slew": 5.275465689291714e-09,
                "congestion": 2.0,
                "drc_type": []
            },
            "wire": {
                "id1": 741687,
                "x1": 95760,
                "y1": 74640,
                "real_x1": 95760,
                "real_y1": 74640,
                "r1": 311,
                "c1": 399,
                "l1": 2,
                "p1": -1,
                "id2": 741692,
                "x2": 96960,
                "y2": 74640,
                "real_x2": 97170,
                "real_y2": 74640,
                "r2": 311,
                "c2": 404,
                "l2": 2,
                "p2": -1
            },
            "path_num": 1,
            "paths": [
                {
                    "id1": 741687,
                    "x1": 95760,
                    "y1": 74640,
                    "real_x1": 95760,
                    "real_y1": 74640,
                    "r1": 311,
                    "c1": 399,
                    "l1": 2,
                    "p1": -1,
                    "id2": 741692,
                    "x2": 96960,
                    "y2": 74640,
                    "real_x2": 97170,
                    "real_y2": 74640,
                    "r2": 311,
                    "c2": 404,
                    "l2": 2,
                    "p2": -1
                }
            ],
            "patch_num": 1,
            "patchs": [
                532
            ]
        },
        {
            "id": 4869,
            "feature": {
                "wire_width": 140,
                "wire_len": 960,
                "wire_density": null,
                "drc_num": 0,
                "R": 0.8571428571428568,
                "C": 4.635600848000056e-05,
                "power": 8.344081526400079e-07,
                "delay": 0.007556876578697143,
                "slew": 3.962253442013619e-10,
                "congestion": 8.0,
                "drc_type": []
            },
            "wire": {
                "id1": 749191,
                "x1": 95760,
                "y1": 78000,
                "real_x1": 95760,
                "real_y1": 78000,
                "r1": 325,
                "c1": 399,
                "l1": 2,
                "p1": -1,
                "id2": 749195,
                "x2": 96720,
                "y2": 78000,
                "real_x2": 96720,
                "real_y2": 78000,
                "r2": 325,
                "c2": 403,
                "l2": 2,
                "p2": -1
            },
            "path_num": 1,
            "paths": [
                {
                    "id1": 749191,
                    "x1": 95760,
                    "y1": 78000,
                    "real_x1": 95760,
                    "real_y1": 78000,
                    "r1": 325,
                    "c1": 399,
                    "l1": 2,
                    "p1": -1,
                    "id2": 749195,
                    "x2": 96720,
                    "y2": 78000,
                    "real_x2": 96720,
                    "real_y2": 78000,
                    "r2": 325,
                    "c2": 403,
                    "l2": 2,
                    "p2": -1
                }
            ],
            "patch_num": 1,
            "patchs": [
                562
            ]
        },
        {
            "id": 4870,
            "feature": {
                "wire_width": 0,
                "wire_len": 0,
                "wire_density": 0.0,
                "drc_num": 0,
                "R": 0.0,
                "C": 4.635600848000056e-05,
                "power": 8.344081526400079e-07,
                "delay": 0.0,
                "slew": 0.0,
                "congestion": 0.0,
                "drc_type": []
            },
            "wire": {
                "id1": 174603,
                "x1": 96720,
                "y1": 78000,
                "real_x1": 96720,
                "real_y1": 78000,
                "r1": 325,
                "c1": 403,
                "l1": 0,
                "p1": 1239,
                "id2": 749195,
                "x2": 96720,
                "y2": 78000,
                "real_x2": 96720,
                "real_y2": 78000,
                "r2": 325,
                "c2": 403,
                "l2": 2,
                "p2": -1,
                "via": 0
            },
            "path_num": 1,
            "paths": [
                {
                    "id1": 174603,
                    "x1": 96720,
                    "y1": 78000,
                    "real_x1": 96720,
                    "real_y1": 78000,
                    "r1": 325,
                    "c1": 403,
                    "l1": 0,
                    "p1": 1239,
                    "id2": 749195,
                    "x2": 96720,
                    "y2": 78000,
                    "real_x2": 96720,
                    "real_y2": 78000,
                    "r2": 325,
                    "c2": 403,
                    "l2": 2,
                    "p2": -1,
                    "via": 0
                }
            ],
            "patch_num": 1,
            "patchs": [
                562
            ]
        },
        {
            "id": 4871,
            "feature": {
                "wire_width": 0,
                "wire_len": 0,
                "wire_density": 0.0,
                "drc_num": 0,
                "R": 0.0,
                "C": 0.0,
                "power": 0.0,
                "delay": 0.0,
                "slew": 0.0,
                "congestion": 0.0,
                "drc_type": []
            },
            "wire": {
                "id1": 167100,
                "x1": 96960,
                "y1": 74640,
                "real_x1": 97170,
                "real_y1": 74640,
                "r1": 311,
                "c1": 404,
                "l1": 0,
                "p1": 1238,
                "id2": 741692,