{
    "id": 77,
    "name": "dpath/a_mux$out[4]",
    "feature": {
        "llx": 109680,
        "lly": 48240,
        "urx": 110160,
        "ury": 50400,
        "wire_len": 2640,
        "via_num": 4,
        "drc_num": 0,
        "drc_type": [],
        "R": 4.714285714285714,
        "C": 0.00276085014,
        "power": 2.0724567430701883e-07,
        "delay": 0.006247504342851428,
        "slew": 0.0005991807792351533,
        "aspect_ratio": 5,
        "width": 480,
        "height": 2160,
        "area": 1036800,
        "volume": 2073600,
        "layer_ratio": [
            0.0,
            0.0,
            0.18000000715255737,
            0.0,
            0.8199999928474426,
            0.0,
            0.0,
            0.0,
            0.0,
            0.0,
            0.0
        ],
        "place_feature": {
            "pin_num": 2,
            "aspect_ratio": 11,
            "width": 275,
            "height": 3153,
            "area": 867075,
            "l_ness": 1.0,
            "hpwl": 3428,
            "rsmt": 3428
        }
    },
    "pin_num": 2,
    "pins": [
        {
            "id": 288,
            "i": "dpath/a_mux/_179_",
            "p": "X",
            "driver": 1
        },
        {
            "id": 289,
            "i": "dpath/a_reg/_097_",
            "p": "A",
            "driver": 0
        }
    ],
    "wire_num": 6,
    "wires": [
        {
            "id": 1228,
            "feature": {
                "wire_width": 140,
                "wire_len": 2160,
                "wire_density": null,
                "drc_num": 0,
                "R": 1.9285714285714286,
                "C": 8.940737576000005e-05,
                "power": 3.7285801550247176e-06,
                "delay": 0.005152068188177142,
                "slew": 9.121105259968232e-10,
                "congestion": -1.0,
                "drc_type": []
            },
            "wire": {
                "id1": 1257377,
                "x1": 109680,
                "y1": 48240,
                "real_x1": 109680,
                "real_y1": 48255,
                "r1": 201,
                "c1": 457,
                "l1": 4,
                "p1": -1,
                "id2": 1262201,
                "x2": 109680,
                "y2": 50400,
                "real_x2": 109680,
                "real_y2": 50540,
                "r2": 210,
                "c2": 457,
                "l2": 4,
                "p2": -1
            },
            "path_num": 1,
            "paths": [
                {
                    "id1": 1257377,
                    "x1": 109680,
                    "y1": 48240,
                    "real_x1": 109680,
                    "real_y1": 48255,
                    "r1": 201,
                    "c1": 457,
                    "l1": 4,
                    "p1": -1,
                    "id2": 1262201,
                    "x2": 109680,
                    "y2": 50400,
                    "real_x2": 109680,
                    "real_y2": 50540,
                    "r2": 210,
                    "c2": 457,
                    "l2": 4,
                    "p2": -1
                }
            ],
            "patch_num": 1,
            "patchs": [
                355
            ]
        },
        {
            "id": 1230,
            "feature": {
                "wire_width": 0,
                "wire_len": 0,
                "wire_density": 0.0,
                "drc_num": 0,
                "R": 0.0,
                "C": 8.940737576000005e-05,
                "power": 3.728580155024731e-06,
                "delay": 0.0,
                "slew": 0.0,
                "congestion": 0.0,
                "drc_type": []
            },
            "wire": {
                "id1": 682785,
                "x1": 109680,
                "y1": 48240,
                "real_x1": 109680,
                "real_y1": 48255,
                "r1": 201,
                "c1": 457,
                "l1": 2,
                "p1": -1,
                "id2": 1257377,
                "x2": 109680,
                "y2": 48240,
                "real_x2": 109680,
                "real_y2": 48255,
                "r2": 201,
                "c2": 457,
                "l2": 4,
                "p2": -1,
                "via": 5
            },
            "path_num": 1,
            "paths": [
                {
                    "id1": 682785,
                    "x1": 109680,
                    "y1": 48240,
                    "real_x1": 109680,
                    "real_y1": 48255,
                    "r1": 201,
                    "c1": 457,
                    "l1": 2,
                    "p1": -1,
                    "id2": 1257377,
                    "x2": 109680,
                    "y2": 48240,
                    "real_x2": 109680,
                    "real_y2": 48255,
                    "r2": 201,
                    "c2": 457,
                    "l2": 4,
                    "p2": -1,
                    "via": 5
                }
            ],
            "patch_num": 1,
            "patchs": [
                355
            ]
        },
        {
            "id": 1231,
            "feature": {
                "wire_width": 0,
                "wire_len": 0,
                "wire_density": 0.0,
                "drc_num": 0,
                "R": 0.0,
                "C": 2.601769423999983e-05,
                "power": 1.0850229927693034e-06,
                "delay": 0.0,
                "slew": 0.0,
                "congestion": 0.0,
                "drc_type": []
            },
            "wire": {
                "id1": 108195,
                "x1": 110160,
                "y1": 48240,
                "real_x1": 110160,
                "real_y1": 48255,
                "r1": 201,
                "c1": 459,
                "l1": 0,
                "p1": 289,
                "id2": 682787,
                "x2": 110160,
                "y2": 48240,
                "real_x2": 110160,
                "real_y2": 48255,
                "r2": 201,
                "c2": 459,
                "l2": 2,
                "p2": -1,
                "via": 0
            },
            "path_num": 1,
            "paths": [
                {
                    "id1": 108195,
                    "x1": 110160,
                    "y1": 48240,
                    "real_x1": 110160,
                    "real_y1": 48255,
                    "r1": 201,
                    "c1": 459,
                    "l1": 0,
                    "p1": 289,
                    "id2": 682787,
                    "x2": 110160,
                    "y2": 48240,
                    "real_x2": 110160,
                    "real_y2": 48255,
                    "r2": 201,
                    "c2": 459,
                    "l2": 2,
                    "p2": -1,
                    "via": 0
                }
            ],
            "patch_num": 1,
            "patchs": [
                355
            ]
        },
        {
            "id": 1232,
            "feature": {
                "wire_width": 140,
                "wire_len": 480,
                "wire_density": null,
                "drc_num": 0,
                "R": 0.4285714285714286,
                "C": 2.601769423999983e-05,
                "power": 1.0850229927692899e-06,
                "delay": 0.0010954361546742855,
                "slew": 2.930927375799364e-11,
                "congestion": 2.0,
                "drc_type": []
            },
            "wire": {
                "id1": 682785,
                "x1": 109680,
                "y1": 48240,
                "real_x1": 109680,
                "real_y1": 48255,
                "r1": 201,