{
    "id": 578,
    "name": "dpath/sub/_078_",
    "feature": {
        "llx": 93840,
        "lly": 27120,
        "urx": 96960,
        "ury": 28320,
        "wire_len": 4800,
        "via_num": 2,
        "drc_num": 0,
        "drc_type": [],
        "R": 8.571428571428571,
        "C": 0.0027181250447999997,
        "power": 1.9947121602111927e-07,
        "delay": 0.010753125095999998,
        "slew": 0.000928865519895225,
        "aspect_ratio": 3,
        "width": 3120,
        "height": 1200,
        "area": 3744000,
        "volume": 3744000,
        "layer_ratio": [
            0.0,
            0.0,
            1.0,
            0.0,
            0.0,
            0.0,
            0.0,
            0.0,
            0.0,
            0.0,
            0.0
        ],
        "place_feature": {
            "pin_num": 2,
            "aspect_ratio": 11,
            "width": 3209,
            "height": 292,
            "area": 937028,
            "l_ness": 1.0,
            "hpwl": 3501,
            "rsmt": 3501
        }
    },
    "pin_num": 2,
    "pins": [
        {
            "id": 1512,
            "i": "dpath/sub/_140_",
            "p": "Y",
            "driver": 1
        },
        {
            "id": 1513,
            "i": "dpath/sub/_141_",
            "p": "B",
            "driver": 0
        }
    ],
    "wire_num": 3,
    "wires": [
        {
            "id": 5900,
            "feature": {
                "wire_width": 0,
                "wire_len": 0,
                "wire_density": 0.0,
                "drc_num": 0,
                "R": 0.0,
                "C": 0.0,
                "power": 0.0,
                "delay": 0.0,
                "slew": 0.0,
                "congestion": 0.0,
                "drc_type": []
            },
            "wire": {
                "id1": 60961,
                "x1": 94320,
                "y1": 27120,
                "real_x1": 94390,
                "real_y1": 27155,
                "r1": 113,
                "c1": 393,
                "l1": 0,
                "p1": 1512,
                "id2": 635553,
                "x2": 94320,
                "y2": 27120,
                "real_x2": 94390,
                "real_y2": 27155,
                "r2": 113,
                "c2": 393,
                "l2": 2,
                "p2": -1,
                "via": 0
            },
            "path_num": 1,
            "paths": [
                {
                    "id1": 60961,
                    "x1": 94320,
                    "y1": 27120,
                    "real_x1": 94390,
                    "real_y1": 27155,
                    "r1": 113,
                    "c1": 393,
                    "l1": 0,
                    "p1": 1512,
                    "id2": 635553,
                    "x2": 94320,
                    "y2": 27120,
                    "real_x2": 94390,
                    "real_y2": 27155,
                    "r2": 113,
                    "c2": 393,
                    "l2": 2,
                    "p2": -1,
                    "via": 0
                }
            ],
            "patch_num": 1,
            "patchs": [
                201
            ]
        },
        {
            "id": 5901,
            "feature": {
                "wire_width": 0,
                "wire_len": 0,
                "wire_density": 0.0,
                "drc_num": 0,
                "R": 0.0,
                "C": 0.00020906252239999987,
                "power": 8.523431671186927e-06,
                "delay": 0.0,
                "slew": 0.0,
                "congestion": 0.0,
                "drc_type": []
            },
            "wire": {
                "id1": 63652,
                "x1": 96960,
                "y1": 28320,
                "real_x1": 97160,
                "real_y1": 28540,
                "r1": 118,
                "c1": 404,
                "l1": 0,
                "p1": 1513,
                "id2": 638244,
                "x2": 96960,
                "y2": 28320,
                "real_x2": 97160,
                "real_y2": 28540,
                "r2": 118,
                "c2": 404,
                "l2": 2,
                "p2": -1,
                "via": 0
            },
            "path_num": 1,
            "paths": [
                {
                    "id1": 63652,
                    "x1": 96960,
                    "y1": 28320,
                    "real_x1": 97160,
                    "real_y1": 28540,
                    "r1": 118,
                    "c1": 404,
                    "l1": 0,
                    "p1": 1513,
                    "id2": 638244,
                    "x2": 96960,
                    "y2": 28320,
                    "real_x2": 97160,
                    "real_y2": 28540,
                    "r2": 118,
                    "c2": 404,
                    "l2": 2,
                    "p2": -1,
                    "via": 0
                }
            ],
            "patch_num": 1,
            "patchs": [
                202
            ]
        },
        {
            "id": 5902,
            "feature": {
                "wire_width": 140,
                "wire_len": 4800,
                "wire_density": 4.0493233302053085e-05,
                "drc_num": 0,
                "R": 4.285714285714286,
                "C": 0.00020906252239999987,
                "power": 8.523431671186927e-06,
                "delay": 0.010753125095999998,
                "slew": 9.358485097976654e-10,
                "congestion": 16.0,
                "drc_type": []
            },
            "wire": {
                "id1": 635553,
                "x1": 94320,
                "y1": 27120,
                "real_x1": 94390,
                "real_y1": 27155,
                "r1": 113,
                "c1": 393,
                "l1": 2,
                "p1": -1,
                "id2": 638244,
                "x2": 96960,
                "y2": 28320,
                "real_x2": 97160,
                "real_y2": 28540,
                "r2": 118,
                "c2": 404,
                "l2": 2,
                "p2": -1
            },
            "path_num": 5,
            "paths": [
                {
                    "id1": 635553,
                    "x1": 94320,
                    "y1": 27120,
                    "real_x1": 94390,
                    "real_y1": 27155,
                    "r1": 113,
                    "c1": 393,
                    "l1": 2,
                    "p1": -1,
                    "id2": 635551,
                    "x2": 93840,
                    "y2": 27120,
                    "real_x2": 93840,
                    "real_y2": 27155,
                    "r2": 113,
                    "c2": 391,
                    "l2": 2,
                    "p2": -1
                },
                {
                    "id1": 635551,
                    "x1": 93840,
                    "y1": 27120,
                    "real_x1": 93840,
                    "real_y1": 27155,
                    "r1": 113,
                    "c1": 391,
                    "l1": 2,
                    "p1": -1,
                    "id2": 637695,
                    "x2": 93840,
                    "y2": 28080,
                    "real_x2": 93840,
                    "real_y2": 28080,
                    "r2": 117,
                    "c2": 391,
                    "l2": 2,
                    "p2": -1
                },
                {
                    "id1": 637695,
                    "x1": 93840,
                    "y1": 28080,
                    "real_x1": 93840,
                    "real_y1": 28080,
                    "r1": 117,
                    "c1": 391,