{
    "id": 26,
    "name": "ctrl/next_state__0[0]",
    "feature": {
        "llx": 82080,
        "lly": 54960,
        "urx": 85680,
        "ury": 55440,
        "wire_len": 4080,
        "via_num": 2,
        "drc_num": 0,
        "drc_type": [],
        "R": 7.285714285714286,
        "C": 0.00288711010208,
        "power": 1.1693102634023844e-07,
        "delay": 0.009866879114502857,
        "slew": 0.001533693154587748,
        "aspect_ratio": 8,
        "width": 3600,
        "height": 480,
        "area": 1728000,
        "volume": 1728000,
        "layer_ratio": [
            0.0,
            0.0,
            1.0,
            0.0,
            0.0,
            0.0,
            0.0,
            0.0,
            0.0,
            0.0,
            0.0
        ],
        "place_feature": {
            "pin_num": 2,
            "aspect_ratio": 41,
            "width": 3155,
            "height": 77,
            "area": 242935,
            "l_ness": 1.0,
            "hpwl": 3232,
            "rsmt": 3232
        }
    },
    "pin_num": 2,
    "pins": [
        {
            "id": 73,
            "i": "ctrl/_39_",
            "p": "X",
            "driver": 1
        },
        {
            "id": 74,
            "i": "ctrl/state/_09_",
            "p": "A",
            "driver": 0
        }
    ],
    "wire_num": 3,
    "wires": [
        {
            "id": 291,
            "feature": {
                "wire_width": 0,
                "wire_len": 0,
                "wire_density": 0.0,
                "drc_num": 0,
                "R": 0.0,
                "C": 0.0,
                "power": 0.0,
                "delay": 0.0,
                "slew": 0.0,
                "congestion": 0.0,
                "drc_type": []
            },
            "wire": {
                "id1": 124158,
                "x1": 82080,
                "y1": 55440,
                "real_x1": 82290,
                "real_y1": 55565,
                "r1": 231,
                "c1": 342,
                "l1": 0,
                "p1": 73,
                "id2": 698750,
                "x2": 82080,
                "y2": 55440,
                "real_x2": 82290,
                "real_y2": 55565,
                "r2": 231,
                "c2": 342,
                "l2": 2,
                "p2": -1,
                "via": 0
            },
            "path_num": 1,
            "paths": [
                {
                    "id1": 124158,
                    "x1": 82080,
                    "y1": 55440,
                    "real_x1": 82290,
                    "real_y1": 55565,
                    "r1": 231,
                    "c1": 342,
                    "l1": 0,
                    "p1": 73,
                    "id2": 698750,
                    "x2": 82080,
                    "y2": 55440,
                    "real_x2": 82290,
                    "real_y2": 55565,
                    "r2": 231,
                    "c2": 342,
                    "l2": 2,
                    "p2": -1,
                    "via": 0
                }
            ],
            "patch_num": 1,
            "patchs": [
                379
            ]
        },
        {
            "id": 292,
            "feature": {
                "wire_width": 0,
                "wire_len": 0,
                "wire_density": 0.0,
                "drc_num": 0,
                "R": 0.0,
                "C": 0.00017855505103999986,
                "power": 4.017594033505253e-06,
                "delay": 0.0,
                "slew": 0.0,
                "congestion": 0.0,
                "drc_type": []
            },
            "wire": {
                "id1": 123101,
                "x1": 85680,
                "y1": 54960,
                "real_x1": 85680,
                "real_y1": 54995,
                "r1": 229,
                "c1": 357,
                "l1": 0,
                "p1": 74,
                "id2": 697693,
                "x2": 85680,
                "y2": 54960,
                "real_x2": 85680,
                "real_y2": 54995,
                "r2": 229,
                "c2": 357,
                "l2": 2,
                "p2": -1,
                "via": 0
            },
            "path_num": 1,
            "paths": [
                {
                    "id1": 123101,
                    "x1": 85680,
                    "y1": 54960,
                    "real_x1": 85680,
                    "real_y1": 54995,
                    "r1": 229,
                    "c1": 357,
                    "l1": 0,
                    "p1": 74,
                    "id2": 697693,
                    "x2": 85680,
                    "y2": 54960,
                    "real_x2": 85680,
                    "real_y2": 54995,
                    "r2": 229,
                    "c2": 357,
                    "l2": 2,
                    "p2": -1,
                    "via": 0
                }
            ],
            "patch_num": 1,
            "patchs": [
                379
            ]
        },
        {
            "id": 293,
            "feature": {
                "wire_width": 140,
                "wire_len": 4080,
                "wire_density": 3.4419248306745123e-05,
                "drc_num": 0,
                "R": 3.642857142857143,
                "C": 0.00017855505103999986,
                "power": 4.017594033505253e-06,
                "delay": 0.009866879114502857,
                "slew": 2.3381357891483212e-09,
                "congestion": 0.0,
                "drc_type": []
            },
            "wire": {
                "id1": 698750,
                "x1": 82080,
                "y1": 55440,
                "real_x1": 82290,
                "real_y1": 55565,
                "r1": 231,
                "c1": 342,
                "l1": 2,
                "p1": -1,
                "id2": 697693,
                "x2": 85680,
                "y2": 54960,
                "real_x2": 85680,
                "real_y2": 54995,
                "r2": 229,
                "c2": 357,
                "l2": 2,
                "p2": -1
            },
            "path_num": 2,
            "paths": [
                {
                    "id1": 698750,
                    "x1": 82080,
                    "y1": 55440,
                    "real_x1": 82290,
                    "real_y1": 55565,
                    "r1": 231,
                    "c1": 342,
                    "l1": 2,
                    "p1": -1,
                    "id2": 698765,
                    "x2": 85680,
                    "y2": 55440,
                    "real_x2": 85680,
                    "real_y2": 55565,
                    "r2": 231,
                    "c2": 357,
                    "l2": 2,
                    "p2": -1
                },
                {
                    "id1": 698765,
                    "x1": 85680,
                    "y1": 55440,
                    "real_x1": 85680,
                    "real_y1": 55565,
                    "r1": 231,
                    "c1": 357,
                    "l1": 2,
                    "p1": -1,
                    "id2": 697693,
                    "x2": 85680,
                    "y2": 54960,
                    "real_x2": 85680,
                    "real_y2": 54995,
                    "r2": 229,
                    "c2": 357,
                    "l2": 2,
                    "p2": -1
                }
            ],
            "patch_num": 1,
            "patchs": [
                379
            ]
        }
    ],
    "routing_graph": {
        "vertices": [
            {
                "id": 0,
                "is_pin": 1,
                "is_driver_pin": 1,