{
    "id": 301,
    "name": "dpath/a_reg/_008_",
    "feature": {
        "llx": 113760,
        "lly": 4320,
        "urx": 118080,
        "ury": 10320,
        "wire_len": 10320,
        "via_num": 4,
        "drc_num": 0,
        "drc_type": [],
        "R": 18.428571428571427,
        "C": 0.00263671922832,
        "power": 1.65379072973997e-07,
        "delay": 0.020277715959617144,
        "slew": 0.005797386385209286,
        "aspect_ratio": 1,
        "width": 4320,
        "height": 6000,
        "area": 25920000,
        "volume": 51840000,
        "layer_ratio": [
            0.0,
            0.0,
            0.41999998688697815,
            0.0,
            0.5799999833106995,
            0.0,
            0.0,
            0.0,
            0.0,
            0.0,
            0.0
        ],
        "place_feature": {
            "pin_num": 2,
            "aspect_ratio": 1,
            "width": 4397,
            "height": 6316,
            "area": 27771452,
            "l_ness": 1.0,
            "hpwl": 10713,
            "rsmt": 10713
        }
    },
    "pin_num": 2,
    "pins": [
        {
            "id": 835,
            "i": "dpath/a_reg/_092_",
            "p": "X",
            "driver": 1
        },
        {
            "id": 836,
            "i": "dpath/a_reg/_134_",
            "p": "D",
            "driver": 0
        }
    ],
    "wire_num": 7,
    "wires": [
        {
            "id": 3411,
            "feature": {
                "wire_width": 0,
                "wire_len": 0,
                "wire_density": 0.0,
                "drc_num": 0,
                "R": 0.0,
                "C": 3.618685135999998e-05,
                "power": 1.2609415577018938e-06,
                "delay": 0.0,
                "slew": 0.0,
                "congestion": 0.0,
                "drc_type": []
            },
            "wire": {
                "id1": 10122,
                "x1": 113760,
                "y1": 4320,
                "real_x1": 113950,
                "real_y1": 4540,
                "r1": 18,
                "c1": 474,
                "l1": 0,
                "p1": 836,
                "id2": 584714,
                "x2": 113760,
                "y2": 4320,
                "real_x2": 113950,
                "real_y2": 4540,
                "r2": 18,
                "c2": 474,
                "l2": 2,
                "p2": -1,
                "via": 0
            },
            "path_num": 1,
            "paths": [
                {
                    "id1": 10122,
                    "x1": 113760,
                    "y1": 4320,
                    "real_x1": 113950,
                    "real_y1": 4540,
                    "r1": 18,
                    "c1": 474,
                    "l1": 0,
                    "p1": 836,
                    "id2": 584714,
                    "x2": 113760,
                    "y2": 4320,
                    "real_x2": 113950,
                    "real_y2": 4540,
                    "r2": 18,
                    "c2": 474,
                    "l2": 2,
                    "p2": -1,
                    "via": 0
                }
            ],
            "patch_num": 1,
            "patchs": [
                56
            ]
        },
        {
            "id": 3412,
            "feature": {
                "wire_width": 140,
                "wire_len": 720,
                "wire_density": 6.073984995307963e-06,
                "drc_num": 0,
                "R": 0.6428571428571423,
                "C": 3.618685135999998e-05,
                "power": 1.2609415577018938e-06,
                "delay": 0.001161120118731429,
                "slew": 3.373534437911552e-11,
                "congestion": -5.0,
                "drc_type": []
            },
            "wire": {
                "id1": 584714,
                "x1": 113760,
                "y1": 4320,
                "real_x1": 113950,
                "real_y1": 4540,
                "r1": 18,
                "c1": 474,
                "l1": 2,
                "p1": -1,
                "id2": 584717,
                "x2": 114480,
                "y2": 4320,
                "real_x2": 114480,
                "real_y2": 4540,
                "r2": 18,
                "c2": 477,
                "l2": 2,
                "p2": -1
            },
            "path_num": 1,
            "paths": [
                {
                    "id1": 584714,
                    "x1": 113760,
                    "y1": 4320,
                    "real_x1": 113950,
                    "real_y1": 4540,
                    "r1": 18,
                    "c1": 474,
                    "l1": 2,
                    "p1": -1,
                    "id2": 584717,
                    "x2": 114480,
                    "y2": 4320,
                    "real_x2": 114480,
                    "real_y2": 4540,
                    "r2": 18,
                    "c2": 477,
                    "l2": 2,
                    "p2": -1
                }
            ],
            "patch_num": 1,
            "patchs": [
                56
            ]
        },
        {
            "id": 3413,
            "feature": {
                "wire_width": 0,
                "wire_len": 0,
                "wire_density": 0.0,
                "drc_num": 0,
                "R": 0.0,
                "C": 0.0,
                "power": 0.0,
                "delay": 0.0,
                "slew": 0.0,
                "congestion": 0.0,
                "drc_type": []
            },
            "wire": {
                "id1": 23540,
                "x1": 118080,
                "y1": 10320,
                "real_x1": 118290,
                "real_y1": 10505,
                "r1": 43,
                "c1": 492,
                "l1": 0,
                "p1": 835,
                "id2": 598132,
                "x2": 118080,
                "y2": 10320,
                "real_x2": 118290,
                "real_y2": 10505,
                "r2": 43,
                "c2": 492,
                "l2": 2,
                "p2": -1,
                "via": 0
            },
            "path_num": 1,
            "paths": [
                {
                    "id1": 23540,
                    "x1": 118080,
                    "y1": 10320,
                    "real_x1": 118290,
                    "real_y1": 10505,
                    "r1": 43,
                    "c1": 492,
                    "l1": 0,
                    "p1": 835,
                    "id2": 598132,
                    "x2": 118080,
                    "y2": 10320,
                    "real_x2": 118290,
                    "real_y2": 10505,
                    "r2": 43,
                    "c2": 492,
                    "l2": 2,
                    "p2": -1,
                    "via": 0
                }
            ],
            "patch_num": 1,
            "patchs": [
                87
            ]
        },
        {
            "id": 3414,
            "feature": {
                "wire_width": 0,
                "wire_len": 0,
                "wire_density": 0.0,
                "drc_num": 0,
                "R": 0.0,
                "C": 0.00023895602599999992,
                "power": 8.326493527971123e-06,
                "delay": 0.0,
                "slew": 0.0,
                "congestion": 0.0,
                "drc_type": []
            },
            "wire": {
                "id1": 584717,
                "x1": 114480,
                "y1": 4320,
                "real_x1": 114480,
                "real_y1": 4540,
                "r1": 18,
                "c1": 477,
                "l1": 2,
                "p1": -1,
                "id2": 1159309,