{
    "id": 280,
    "name": "dpath/a_mux/_091_",
    "feature": {
        "llx": 89520,
        "lly": 83760,
        "urx": 92400,
        "ury": 84720,
        "wire_len": 3840,
        "via_num": 2,
        "drc_num": 0,
        "drc_type": [],
        "R": 6.857142857142856,
        "C": 0.0028667717878400004,
        "power": 2.1501090500220193e-07,
        "delay": 0.009251608779154284,
        "slew": 0.00044183986906098927,
        "aspect_ratio": 3,
        "width": 2880,
        "height": 960,
        "area": 2764800,
        "volume": 2764800,
        "layer_ratio": [
            0.0,
            0.0,
            1.0,
            0.0,
            0.0,
            0.0,
            0.0,
            0.0,
            0.0,
            0.0,
            0.0
        ],
        "place_feature": {
            "pin_num": 2,
            "aspect_ratio": 21,
            "width": 3445,
            "height": 164,
            "area": 564980,
            "l_ness": 1.0,
            "hpwl": 3609,
            "rsmt": 3609
        }
    },
    "pin_num": 2,
    "pins": [
        {
            "id": 789,
            "i": "dpath/a_mux/_154_",
            "p": "Y",
            "driver": 1
        },
        {
            "id": 790,
            "i": "dpath/a_mux/_219_",
            "p": "A",
            "driver": 0
        }
    ],
    "wire_num": 3,
    "wires": [
        {
            "id": 3252,
            "feature": {
                "wire_width": 0,
                "wire_len": 0,
                "wire_density": 0.0,
                "drc_num": 0,
                "R": 0.0,
                "C": 0.0,
                "power": 0.0,
                "delay": 0.0,
                "slew": 0.0,
                "congestion": 0.0,
                "drc_type": []
            },
            "wire": {
                "id1": 187437,
                "x1": 89520,
                "y1": 83760,
                "real_x1": 89560,
                "real_y1": 83765,
                "r1": 349,
                "c1": 373,
                "l1": 0,
                "p1": 789,
                "id2": 762029,
                "x2": 89520,
                "y2": 83760,
                "real_x2": 89560,
                "real_y2": 83765,
                "r2": 349,
                "c2": 373,
                "l2": 2,
                "p2": -1,
                "via": 0
            },
            "path_num": 1,
            "paths": [
                {
                    "id1": 187437,
                    "x1": 89520,
                    "y1": 83760,
                    "real_x1": 89560,
                    "real_y1": 83765,
                    "r1": 349,
                    "c1": 373,
                    "l1": 0,
                    "p1": 789,
                    "id2": 762029,
                    "x2": 89520,
                    "y2": 83760,
                    "real_x2": 89560,
                    "real_y2": 83765,
                    "r2": 349,
                    "c2": 373,
                    "l2": 2,
                    "p2": -1,
                    "via": 0
                }
            ],
            "patch_num": 1,
            "patchs": [
                590
            ]
        },
        {
            "id": 3253,
            "feature": {
                "wire_width": 0,
                "wire_len": 0,
                "wire_density": 0.0,
                "drc_num": 0,
                "R": 0.0,
                "C": 0.00016838589392000015,
                "power": 7.016177490985602e-06,
                "delay": 0.0,
                "slew": 0.0,
                "congestion": 0.0,
                "drc_type": []
            },
            "wire": {
                "id1": 189593,
                "x1": 92400,
                "y1": 84720,
                "real_x1": 92400,
                "real_y1": 84785,
                "r1": 353,
                "c1": 385,
                "l1": 0,
                "p1": 790,
                "id2": 764185,
                "x2": 92400,
                "y2": 84720,
                "real_x2": 92400,
                "real_y2": 84785,
                "r2": 353,
                "c2": 385,
                "l2": 2,
                "p2": -1,
                "via": 0
            },
            "path_num": 1,
            "paths": [
                {
                    "id1": 189593,
                    "x1": 92400,
                    "y1": 84720,
                    "real_x1": 92400,
                    "real_y1": 84785,
                    "r1": 353,
                    "c1": 385,
                    "l1": 0,
                    "p1": 790,
                    "id2": 764185,
                    "x2": 92400,
                    "y2": 84720,
                    "real_x2": 92400,
                    "real_y2": 84785,
                    "r2": 353,
                    "c2": 385,
                    "l2": 2,
                    "p2": -1,
                    "via": 0
                }
            ],
            "patch_num": 1,
            "patchs": [
                591
            ]
        },
        {
            "id": 3254,
            "feature": {
                "wire_width": 140,
                "wire_len": 3840,
                "wire_density": 3.239458664164247e-05,
                "drc_num": 0,
                "R": 3.428571428571428,
                "C": 0.00016838589392000015,
                "power": 7.016177490985602e-06,
                "delay": 0.009251608779154284,
                "slew": 8.268665474542303e-10,
                "congestion": -3.0,
                "drc_type": []
            },
            "wire": {
                "id1": 762029,
                "x1": 89520,
                "y1": 83760,
                "real_x1": 89560,
                "real_y1": 83765,
                "r1": 349,
                "c1": 373,
                "l1": 2,
                "p1": -1,
                "id2": 764185,
                "x2": 92400,
                "y2": 84720,
                "real_x2": 92400,
                "real_y2": 84785,
                "r2": 353,
                "c2": 385,
                "l2": 2,
                "p2": -1
            },
            "path_num": 3,
            "paths": [
                {
                    "id1": 762029,
                    "x1": 89520,
                    "y1": 83760,
                    "real_x1": 89560,
                    "real_y1": 83765,
                    "r1": 349,
                    "c1": 373,
                    "l1": 2,
                    "p1": -1,
                    "id2": 762036,
                    "x2": 91200,
                    "y2": 83760,
                    "real_x2": 91200,
                    "real_y2": 83765,
                    "r2": 349,
                    "c2": 380,
                    "l2": 2,
                    "p2": -1
                },
                {
                    "id1": 762036,
                    "x1": 91200,
                    "y1": 83760,
                    "real_x1": 91200,
                    "real_y1": 83765,
                    "r1": 349,
                    "c1": 380,
                    "l1": 2,
                    "p1": -1,
                    "id2": 764180,
                    "x2": 91200,
                    "y2": 84720,
                    "real_x2": 91200,
                    "real_y2": 84785,
                    "r2": 353,
                    "c2": 380,
                    "l2": 2,
                    "p2": -1
                },
                {
                    "id1": 764180,
                    "x1": 91200,
                    "y1": 84720,
                    "real_x1": 91200,
                    "real_y1": 84785,
                    "r1": 353,
                    "c1": 380,