{
    "id": 106,
    "name": "dpath/a_lt_b/_007_",
    "feature": {
        "llx": 50160,
        "lly": 24720,
        "urx": 54240,
        "ury": 25440,
        "wire_len": 4800,
        "via_num": 2,
        "drc_num": 0,
        "drc_type": [],
        "R": 8.571428571428571,
        "C": 0.0058081250448000004,
        "power": 1.8818325145152004e-07,
        "delay": 0.02399598223885714,
        "slew": 0.0053840881296161325,
        "aspect_ratio": 6,
        "width": 4080,
        "height": 720,
        "area": 2937600,
        "volume": 2937600,
        "layer_ratio": [
            0.0,
            0.0,
            1.0,
            0.0,
            0.0,
            0.0,
            0.0,
            0.0,
            0.0,
            0.0,
            0.0
        ],
        "place_feature": {
            "pin_num": 2,
            "aspect_ratio": 33,
            "width": 4717,
            "height": 144,
            "area": 679248,
            "l_ness": 1.0,
            "hpwl": 4861,
            "rsmt": 4861
        }
    },
    "pin_num": 2,
    "pins": [
        {
            "id": 352,
            "i": "dpath/a_lt_b/_163_",
            "p": "X",
            "driver": 1
        },
        {
            "id": 353,
            "i": "dpath/a_lt_b/_097_",
            "p": "C",
            "driver": 0
        }
    ],
    "wire_num": 3,
    "wires": [
        {
            "id": 1426,
            "feature": {
                "wire_width": 0,
                "wire_len": 0,
                "wire_density": 0.0,
                "drc_num": 0,
                "R": 0.0,
                "C": 0.0002090625224000003,
                "power": 3.7631254032000153e-06,
                "delay": 0.0,
                "slew": 0.0,
                "congestion": 0.0,
                "drc_type": []
            },
            "wire": {
                "id1": 55417,
                "x1": 50160,
                "y1": 24720,
                "real_x1": 50160,
                "real_y1": 24825,
                "r1": 103,
                "c1": 209,
                "l1": 0,
                "p1": 353,
                "id2": 630009,
                "x2": 50160,
                "y2": 24720,
                "real_x2": 50160,
                "real_y2": 24825,
                "r2": 103,
                "c2": 209,
                "l2": 2,
                "p2": -1,
                "via": 0
            },
            "path_num": 1,
            "paths": [
                {
                    "id1": 55417,
                    "x1": 50160,
                    "y1": 24720,
                    "real_x1": 50160,
                    "real_y1": 24825,
                    "r1": 103,
                    "c1": 209,
                    "l1": 0,
                    "p1": 353,
                    "id2": 630009,
                    "x2": 50160,
                    "y2": 24720,
                    "real_x2": 50160,
                    "real_y2": 24825,
                    "r2": 103,
                    "c2": 209,
                    "l2": 2,
                    "p2": -1,
                    "via": 0
                }
            ],
            "patch_num": 1,
            "patchs": [
                161
            ]
        },
        {
            "id": 1427,
            "feature": {
                "wire_width": 0,
                "wire_len": 0,
                "wire_density": 0.0,
                "drc_num": 0,
                "R": 0.0,
                "C": 0.0,
                "power": 0.0,
                "delay": 0.0,
                "slew": 0.0,
                "congestion": 0.0,
                "drc_type": []
            },
            "wire": {
                "id1": 57042,
                "x1": 54240,
                "y1": 25440,
                "real_x1": 54450,
                "real_y1": 25670,
                "r1": 106,
                "c1": 226,
                "l1": 0,
                "p1": 352,
                "id2": 631634,
                "x2": 54240,
                "y2": 25440,
                "real_x2": 54450,
                "real_y2": 25670,
                "r2": 106,
                "c2": 226,
                "l2": 2,
                "p2": -1,
                "via": 0
            },
            "path_num": 1,
            "paths": [
                {
                    "id1": 57042,
                    "x1": 54240,
                    "y1": 25440,
                    "real_x1": 54450,
                    "real_y1": 25670,
                    "r1": 106,
                    "c1": 226,
                    "l1": 0,
                    "p1": 352,
                    "id2": 631634,
                    "x2": 54240,
                    "y2": 25440,
                    "real_x2": 54450,
                    "real_y2": 25670,
                    "r2": 106,
                    "c2": 226,
                    "l2": 2,
                    "p2": -1,
                    "via": 0
                }
            ],
            "patch_num": 1,
            "patchs": [
                162
            ]
        },
        {
            "id": 1428,
            "feature": {
                "wire_width": 140,
                "wire_len": 4800,
                "wire_density": 4.0493233302053085e-05,
                "drc_num": 0,
                "R": 4.285714285714286,
                "C": 0.0002090625224000003,
                "power": 3.763125403200002e-06,
                "delay": 0.02399598223885714,
                "slew": 5.669513511441515e-09,
                "congestion": 14.0,
                "drc_type": []
            },
            "wire": {
                "id1": 630009,
                "x1": 50160,
                "y1": 24720,
                "real_x1": 50160,
                "real_y1": 24825,
                "r1": 103,
                "c1": 209,
                "l1": 2,
                "p1": -1,
                "id2": 631634,
                "x2": 54240,
                "y2": 25440,
                "real_x2": 54450,
                "real_y2": 25670,
                "r2": 106,
                "c2": 226,
                "l2": 2,
                "p2": -1
            },
            "path_num": 3,
            "paths": [
                {
                    "id1": 630009,
                    "x1": 50160,
                    "y1": 24720,
                    "real_x1": 50160,
                    "real_y1": 24825,
                    "r1": 103,
                    "c1": 209,
                    "l1": 2,
                    "p1": -1,
                    "id2": 630012,
                    "x2": 50880,
                    "y2": 24720,
                    "real_x2": 50880,
                    "real_y2": 24825,
                    "r2": 103,
                    "c2": 212,
                    "l2": 2,
                    "p2": -1
                },
                {
                    "id1": 630012,
                    "x1": 50880,
                    "y1": 24720,
                    "real_x1": 50880,
                    "real_y1": 24825,
                    "r1": 103,
                    "c1": 212,
                    "l1": 2,
                    "p1": -1,
                    "id2": 631620,
                    "x2": 50880,
                    "y2": 25440,
                    "real_x2": 50880,
                    "real_y2": 25670,
                    "r2": 106,
                    "c2": 212,
                    "l2": 2,
                    "p2": -1
                },
                {
                    "id1": 631620,
                    "x1": 50880,
                    "y1": 25440,
                    "real_x1": 50880,
                    "real_y1": 25670,
                    "r1": 106,
                    "c1": 212,