{
    "id": 185,
    "name": "dpath/a_lt_b/_086_",
    "feature": {
        "llx": 60960,
        "lly": 86880,
        "urx": 68880,
        "ury": 89040,
        "wire_len": 10320,
        "via_num": 2,
        "drc_num": 0,
        "drc_type": [],
        "R": 18.428571428571427,
        "C": 0.0034159062723200006,
        "power": 7.610035674720861e-08,
        "delay": 0.02739363961176,
        "slew": 0.002346382276720571,
        "aspect_ratio": 4,
        "width": 7920,
        "height": 2160,
        "area": 17107200,
        "volume": 17107200,
        "layer_ratio": [
            0.0,
            0.0,
            1.0,
            0.0,
            0.0,
            0.0,
            0.0,
            0.0,
            0.0,
            0.0,
            0.0
        ],
        "place_feature": {
            "pin_num": 2,
            "aspect_ratio": 26,
            "width": 7820,
            "height": 304,
            "area": 2377280,
            "l_ness": 1.0,
            "hpwl": 8124,
            "rsmt": 8124
        }
    },
    "pin_num": 2,
    "pins": [
        {
            "id": 554,
            "i": "dpath/a_lt_b/_144_",
            "p": "Y",
            "driver": 1
        },
        {
            "id": 555,
            "i": "dpath/a_lt_b/_147_",
            "p": "B",
            "driver": 0
        }
    ],
    "wire_num": 3,
    "wires": [
        {
            "id": 2193,
            "feature": {
                "wire_width": 0,
                "wire_len": 0,
                "wire_density": 0.0,
                "drc_num": 0,
                "R": 0.0,
                "C": 0.0,
                "power": 0.0,
                "delay": 0.0,
                "slew": 0.0,
                "congestion": 0.0,
                "drc_type": []
            },
            "wire": {
                "id1": 194286,
                "x1": 60960,
                "y1": 86880,
                "real_x1": 61185,
                "real_y1": 87095,
                "r1": 362,
                "c1": 254,
                "l1": 0,
                "p1": 554,
                "id2": 768878,
                "x2": 60960,
                "y2": 86880,
                "real_x2": 61185,
                "real_y2": 87095,
                "r2": 362,
                "c2": 254,
                "l2": 2,
                "p2": -1,
                "via": 0
            },
            "path_num": 1,
            "paths": [
                {
                    "id1": 194286,
                    "x1": 60960,
                    "y1": 86880,
                    "real_x1": 61185,
                    "real_y1": 87095,
                    "r1": 362,
                    "c1": 254,
                    "l1": 0,
                    "p1": 554,
                    "id2": 768878,
                    "x2": 60960,
                    "y2": 86880,
                    "real_x2": 61185,
                    "real_y2": 87095,
                    "r2": 362,
                    "c2": 254,
                    "l2": 2,
                    "p2": -1,
                    "via": 0
                }
            ],
            "patch_num": 1,
            "patchs": [
                614
            ]
        },
        {
            "id": 2194,
            "feature": {
                "wire_width": 0,
                "wire_len": 0,
                "wire_density": 0.0,
                "drc_num": 0,
                "R": 0.0,
                "C": 0.0004429531361600002,
                "power": 5.482340718320419e-06,
                "delay": 0.0,
                "slew": 0.0,
                "congestion": 0.0,
                "drc_type": []
            },
            "wire": {
                "id1": 199142,
                "x1": 68640,
                "y1": 89040,
                "real_x1": 68825,
                "real_y1": 89040,
                "r1": 371,
                "c1": 286,
                "l1": 0,
                "p1": 555,
                "id2": 773734,
                "x2": 68640,
                "y2": 89040,
                "real_x2": 68825,
                "real_y2": 89040,
                "r2": 371,
                "c2": 286,
                "l2": 2,
                "p2": -1,
                "via": 0
            },
            "path_num": 1,
            "paths": [
                {
                    "id1": 199142,
                    "x1": 68640,
                    "y1": 89040,
                    "real_x1": 68825,
                    "real_y1": 89040,
                    "r1": 371,
                    "c1": 286,
                    "l1": 0,
                    "p1": 555,
                    "id2": 773734,
                    "x2": 68640,
                    "y2": 89040,
                    "real_x2": 68825,
                    "real_y2": 89040,
                    "r2": 371,
                    "c2": 286,
                    "l2": 2,
                    "p2": -1,
                    "via": 0
                }
            ],
            "patch_num": 1,
            "patchs": [
                615
            ]
        },
        {
            "id": 2195,
            "feature": {
                "wire_width": 140,
                "wire_len": 10320,
                "wire_density": 8.706045159941414e-05,
                "drc_num": 0,
                "R": 9.214285714285714,
                "C": 0.0004429531361600002,
                "power": 5.482340718320412e-06,
                "delay": 0.02739363961176,
                "slew": 2.3637240775808976e-09,
                "congestion": 7.833333333333334,
                "drc_type": []
            },
            "wire": {
                "id1": 768878,
                "x1": 60960,
                "y1": 86880,
                "real_x1": 61185,
                "real_y1": 87095,
                "r1": 362,
                "c1": 254,
                "l1": 2,
                "p1": -1,
                "id2": 773734,
                "x2": 68640,
                "y2": 89040,
                "real_x2": 68825,
                "real_y2": 89040,
                "r2": 371,
                "c2": 286,
                "l2": 2,
                "p2": -1
            },
            "path_num": 5,
            "paths": [
                {
                    "id1": 768878,
                    "x1": 60960,
                    "y1": 86880,
                    "real_x1": 61185,
                    "real_y1": 87095,
                    "r1": 362,
                    "c1": 254,
                    "l1": 2,
                    "p1": -1,
                    "id2": 768889,
                    "x2": 63600,
                    "y2": 86880,
                    "real_x2": 63600,
                    "real_y2": 87095,
                    "r2": 362,
                    "c2": 265,
                    "l2": 2,
                    "p2": -1
                },
                {
                    "id1": 768889,
                    "x1": 63600,
                    "y1": 86880,
                    "real_x1": 63600,
                    "real_y1": 87095,
                    "r1": 362,
                    "c1": 265,
                    "l1": 2,
                    "p1": -1,
                    "id2": 770497,
                    "x2": 63600,
                    "y2": 87600,
                    "real_x2": 63600,
                    "real_y2": 87600,
                    "r2": 365,
                    "c2": 265,
                    "l2": 2,
                    "p2": -1
                },
                {
                    "id1": 770497,
                    "x1": 63600,
                    "y1": 87600,
                    "real_x1": 63600,
                    "real_y1": 87600,
                    "r1": 365,
                    "c1": 265,