{
    "id": 401,
    "name": "dpath/b_mux/_042_",
    "feature": {
        "llx": 5520,
        "lly": 31440,
        "urx": 8400,
        "ury": 31680,
        "wire_len": 3120,
        "via_num": 2,
        "drc_num": 0,
        "drc_type": [],
        "R": 5.571428571428571,
        "C": 0.0028057568451200004,
        "power": 1.9577719476459733e-07,
        "delay": 0.007431947034274286,
        "slew": 0.000702625584134843,
        "aspect_ratio": 12,
        "width": 2880,
        "height": 240,
        "area": 691200,
        "volume": 691200,
        "layer_ratio": [
            0.0,
            0.0,
            1.0,
            0.0,
            0.0,
            0.0,
            0.0,
            0.0,
            0.0,
            0.0,
            0.0
        ],
        "place_feature": {
            "pin_num": 2,
            "aspect_ratio": 35,
            "width": 2686,
            "height": 77,
            "area": 206822,
            "l_ness": 1.0,
            "hpwl": 2763,
            "rsmt": 2763
        }
    },
    "pin_num": 2,
    "pins": [
        {
            "id": 1059,
            "i": "dpath/b_mux/_054_",
            "p": "X",
            "driver": 1
        },
        {
            "id": 1060,
            "i": "dpath/b_mux/_079_",
            "p": "A",
            "driver": 0
        }
    ],
    "wire_num": 3,
    "wires": [
        {
            "id": 4250,
            "feature": {
                "wire_width": 0,
                "wire_len": 0,
                "wire_density": 0.0,
                "drc_num": 0,
                "R": 0.0,
                "C": 0.00013787842256000014,
                "power": 5.344854303614634e-06,
                "delay": 0.0,
                "slew": 0.0,
                "congestion": 0.0,
                "drc_type": []
            },
            "wire": {
                "id1": 70251,
                "x1": 8400,
                "y1": 31440,
                "real_x1": 8400,
                "real_y1": 31505,
                "r1": 131,
                "c1": 35,
                "l1": 0,
                "p1": 1060,
                "id2": 644843,
                "x2": 8400,
                "y2": 31440,
                "real_x2": 8400,
                "real_y2": 31505,
                "r2": 131,
                "c2": 35,
                "l2": 2,
                "p2": -1,
                "via": 0
            },
            "path_num": 1,
            "paths": [
                {
                    "id1": 70251,
                    "x1": 8400,
                    "y1": 31440,
                    "real_x1": 8400,
                    "real_y1": 31505,
                    "r1": 131,
                    "c1": 35,
                    "l1": 0,
                    "p1": 1060,
                    "id2": 644843,
                    "x2": 8400,
                    "y2": 31440,
                    "real_x2": 8400,
                    "real_y2": 31505,
                    "r2": 131,
                    "c2": 35,
                    "l2": 2,
                    "p2": -1,
                    "via": 0
                }
            ],
            "patch_num": 1,
            "patchs": [
                211
            ]
        },
        {
            "id": 4251,
            "feature": {
                "wire_width": 0,
                "wire_len": 0,
                "wire_density": 0.0,
                "drc_num": 0,
                "R": 0.0,
                "C": 0.0,
                "power": 0.0,
                "delay": 0.0,
                "slew": 0.0,
                "congestion": 0.0,
                "drc_type": []
            },
            "wire": {
                "id1": 70775,
                "x1": 5520,
                "y1": 31680,
                "real_x1": 5520,
                "real_y1": 31875,
                "r1": 132,
                "c1": 23,
                "l1": 0,
                "p1": 1059,
                "id2": 645367,
                "x2": 5520,
                "y2": 31680,
                "real_x2": 5520,
                "real_y2": 31875,
                "r2": 132,
                "c2": 23,
                "l2": 2,
                "p2": -1,
                "via": 0
            },
            "path_num": 1,
            "paths": [
                {
                    "id1": 70775,
                    "x1": 5520,
                    "y1": 31680,
                    "real_x1": 5520,
                    "real_y1": 31875,
                    "r1": 132,
                    "c1": 23,
                    "l1": 0,
                    "p1": 1059,
                    "id2": 645367,
                    "x2": 5520,
                    "y2": 31680,
                    "real_x2": 5520,
                    "real_y2": 31875,
                    "r2": 132,
                    "c2": 23,
                    "l2": 2,
                    "p2": -1,
                    "via": 0
                }
            ],
            "patch_num": 1,
            "patchs": [
                211
            ]
        },
        {
            "id": 4252,
            "feature": {
                "wire_width": 140,
                "wire_len": 3120,
                "wire_density": 2.6320601646334507e-05,
                "drc_num": 0,
                "R": 2.7857142857142856,
                "C": 0.00013787842256000014,
                "power": 5.344854303614648e-06,
                "delay": 0.007431947034274286,
                "slew": 7.089623194067585e-10,
                "congestion": 0.5,
                "drc_type": []
            },
            "wire": {
                "id1": 644843,
                "x1": 8400,
                "y1": 31440,
                "real_x1": 8400,
                "real_y1": 31505,
                "r1": 131,
                "c1": 35,
                "l1": 2,
                "p1": -1,
                "id2": 645367,
                "x2": 5520,
                "y2": 31680,
                "real_x2": 5520,
                "real_y2": 31875,
                "r2": 132,
                "c2": 23,
                "l2": 2,
                "p2": -1
            },
            "path_num": 2,
            "paths": [
                {
                    "id1": 644843,
                    "x1": 8400,
                    "y1": 31440,
                    "real_x1": 8400,
                    "real_y1": 31505,
                    "r1": 131,
                    "c1": 35,
                    "l1": 2,
                    "p1": -1,
                    "id2": 645379,
                    "x2": 8400,
                    "y2": 31680,
                    "real_x2": 8400,
                    "real_y2": 31875,
                    "r2": 132,
                    "c2": 35,
                    "l2": 2,
                    "p2": -1
                },
                {
                    "id1": 645379,
                    "x1": 8400,
                    "y1": 31680,
                    "real_x1": 8400,
                    "real_y1": 31875,
                    "r1": 132,
                    "c1": 35,
                    "l1": 2,
                    "p1": -1,
                    "id2": 645367,
                    "x2": 5520,
                    "y2": 31680,
                    "real_x2": 5520,
                    "real_y2": 31875,
                    "r2": 132,
                    "c2": 23,
                    "l2": 2,
                    "p2": -1
                }
            ],
            "patch_num": 1,
            "patchs": [
                211
            ]
        }
    ],
    "routing_graph": {
        "vertices": [
            {
                "id": 0,
                "is_pin": 0,
                "is_driver_pin": 0,
                "x": 8400,