{
    "id": 542,
    "name": "dpath/sub/_042_",
    "feature": {
        "llx": 18480,
        "lly": 114960,
        "urx": 42480,
        "ury": 115920,
        "wire_len": 25440,
        "via_num": 2,
        "drc_num": 0,
        "drc_type": [],
        "R": 45.42857142857142,
        "C": 0.00750722006944,
        "power": 1.2221079796245208e-07,
        "delay": 0.14590771364578284,
        "slew": 0.08944605631699097,
        "aspect_ratio": 25,
        "width": 24000,
        "height": 960,
        "area": 23040000,
        "volume": 23040000,
        "layer_ratio": [
            0.0,
            0.0,
            1.0,
            0.0,
            0.0,
            0.0,
            0.0,
            0.0,
            0.0,
            0.0,
            0.0
        ],
        "place_feature": {
            "pin_num": 2,
            "aspect_ratio": 889,
            "width": 23995,
            "height": 27,
            "area": 647865,
            "l_ness": 1.0,
            "hpwl": 24022,
            "rsmt": 24022
        }
    },
    "pin_num": 2,
    "pins": [
        {
            "id": 1407,
            "i": "dpath/sub/_185_",
            "p": "X",
            "driver": 1
        },
        {
            "id": 1408,
            "i": "dpath/sub/_186_",
            "p": "B",
            "driver": 0
        }
    ],
    "wire_num": 3,
    "wires": [
        {
            "id": 5492,
            "feature": {
                "wire_width": 0,
                "wire_len": 0,
                "wire_density": 0.0,
                "drc_num": 0,
                "R": 0.0,
                "C": 0.0,
                "power": 0.0,
                "delay": 0.0,
                "slew": 0.0,
                "congestion": 0.0,
                "drc_type": []
            },
            "wire": {
                "id1": 257893,
                "x1": 18480,
                "y1": 115440,
                "real_x1": 18480,
                "real_y1": 115505,
                "r1": 481,
                "c1": 77,
                "l1": 0,
                "p1": 1407,
                "id2": 832485,
                "x2": 18480,
                "y2": 115440,
                "real_x2": 18480,
                "real_y2": 115505,
                "r2": 481,
                "c2": 77,
                "l2": 2,
                "p2": -1,
                "via": 0
            },
            "path_num": 1,
            "paths": [
                {
                    "id1": 257893,
                    "x1": 18480,
                    "y1": 115440,
                    "real_x1": 18480,
                    "real_y1": 115505,
                    "r1": 481,
                    "c1": 77,
                    "l1": 0,
                    "p1": 1407,
                    "id2": 832485,
                    "x2": 18480,
                    "y2": 115440,
                    "real_x2": 18480,
                    "real_y2": 115505,
                    "r2": 481,
                    "c2": 77,
                    "l2": 2,
                    "p2": -1,
                    "via": 0
                }
            ],
            "patch_num": 1,
            "patchs": [
                784
            ]
        },
        {
            "id": 5493,
            "feature": {
                "wire_width": 0,
                "wire_len": 0,
                "wire_density": 0.0,
                "drc_num": 0,
                "R": 0.0,
                "C": 0.00108361003472,
                "power": 9.800109894083905e-06,
                "delay": 0.0,
                "slew": 0.0,
                "congestion": 0.0,
                "drc_type": []
            },
            "wire": {
                "id1": 256921,
                "x1": 42480,
                "y1": 114960,
                "real_x1": 42480,
                "real_y1": 114960,
                "r1": 479,
                "c1": 177,
                "l1": 0,
                "p1": 1408,
                "id2": 831513,
                "x2": 42480,
                "y2": 114960,
                "real_x2": 42480,
                "real_y2": 114960,
                "r2": 479,
                "c2": 177,
                "l2": 2,
                "p2": -1,
                "via": 0
            },
            "path_num": 1,
            "paths": [
                {
                    "id1": 256921,
                    "x1": 42480,
                    "y1": 114960,
                    "real_x1": 42480,
                    "real_y1": 114960,
                    "r1": 479,
                    "c1": 177,
                    "l1": 0,
                    "p1": 1408,
                    "id2": 831513,
                    "x2": 42480,
                    "y2": 114960,
                    "real_x2": 42480,
                    "real_y2": 114960,
                    "r2": 479,
                    "c2": 177,
                    "l2": 2,
                    "p2": -1,
                    "via": 0
                }
            ],
            "patch_num": 1,
            "patchs": [
                789
            ]
        },
        {
            "id": 5494,
            "feature": {
                "wire_width": 140,
                "wire_len": 25440,
                "wire_density": 0.00021461413650088136,
                "drc_num": 0,
                "R": 22.71428571428571,
                "C": 0.00108361003472,
                "power": 9.800109894083905e-06,
                "delay": 0.14590771364578284,
                "slew": 1.4329878278429575e-07,
                "congestion": 18.428571428571427,
                "drc_type": []
            },
            "wire": {
                "id1": 832485,
                "x1": 18480,
                "y1": 115440,
                "real_x1": 18480,
                "real_y1": 115505,
                "r1": 481,
                "c1": 77,
                "l1": 2,
                "p1": -1,
                "id2": 831513,
                "x2": 42480,
                "y2": 114960,
                "real_x2": 42480,
                "real_y2": 114960,
                "r2": 479,
                "c2": 177,
                "l2": 2,
                "p2": -1
            },
            "path_num": 6,
            "paths": [
                {
                    "id1": 832485,
                    "x1": 18480,
                    "y1": 115440,
                    "real_x1": 18480,
                    "real_y1": 115505,
                    "r1": 481,
                    "c1": 77,
                    "l1": 2,
                    "p1": -1,
                    "id2": 832494,
                    "x2": 20640,
                    "y2": 115440,
                    "real_x2": 20640,
                    "real_y2": 115505,
                    "r2": 481,
                    "c2": 86,
                    "l2": 2,
                    "p2": -1
                },
                {
                    "id1": 832494,
                    "x1": 20640,
                    "y1": 115440,
                    "real_x1": 20640,
                    "real_y1": 115505,
                    "r1": 481,
                    "c1": 86,
                    "l1": 2,
                    "p1": -1,
                    "id2": 833566,
                    "x2": 20640,
                    "y2": 115920,
                    "real_x2": 20640,
                    "real_y2": 115920,
                    "r2": 483,
                    "c2": 86,
                    "l2": 2,
                    "p2": -1
                },
                {
                    "id1": 833566,
                    "x1": 20640,
                    "y1": 115920,
                    "real_x1": 20640,
                    "real_y1": 115920,
                    "r1": 483,