{
    "id": 321,
    "name": "dpath/a_reg/_028_",
    "feature": {
        "llx": 54480,
        "lly": 48240,
        "urx": 56880,
        "ury": 50400,
        "wire_len": 4560,
        "via_num": 4,
        "drc_num": 0,
        "drc_type": [],
        "R": 8.142857142857142,
        "C": 0.0029235566539200005,
        "power": 1.8693786543160163e-07,
        "delay": 0.011117368503308573,
        "slew": 0.001474403471643293,
        "aspect_ratio": 1,
        "width": 2400,
        "height": 2160,
        "area": 5184000,
        "volume": 10368000,
        "layer_ratio": [
            0.0,
            0.0,
            0.5299999713897705,
            0.0,
            0.4699999988079071,
            0.0,
            0.0,
            0.0,
            0.0,
            0.0,
            0.0
        ],
        "place_feature": {
            "pin_num": 2,
            "aspect_ratio": 1,
            "width": 2206,
            "height": 3153,
            "area": 6955518,
            "l_ness": 1.0,
            "hpwl": 5359,
            "rsmt": 5359
        }
    },
    "pin_num": 2,
    "pins": [
        {
            "id": 875,
            "i": "dpath/a_reg/_073_",
            "p": "X",
            "driver": 1
        },
        {
            "id": 876,
            "i": "dpath/a_reg/_104_",
            "p": "A",
            "driver": 0
        }
    ],
    "wire_num": 6,
    "wires": [
        {
            "id": 3534,
            "feature": {
                "wire_width": 0,
                "wire_len": 0,
                "wire_density": 0.0,
                "drc_num": 0,
                "R": 0.0,
                "C": 0.0,
                "power": 0.0,
                "delay": 0.0,
                "slew": 0.0,
                "congestion": 0.0,
                "drc_type": []
            },
            "wire": {
                "id1": 112787,
                "x1": 54480,
                "y1": 50400,
                "real_x1": 54480,
                "real_y1": 50465,
                "r1": 210,
                "c1": 227,
                "l1": 0,
                "p1": 875,
                "id2": 687379,
                "x2": 54480,
                "y2": 50400,
                "real_x2": 54480,
                "real_y2": 50465,
                "r2": 210,
                "c2": 227,
                "l2": 2,
                "p2": -1,
                "via": 0
            },
            "path_num": 1,
            "paths": [
                {
                    "id1": 112787,
                    "x1": 54480,
                    "y1": 50400,
                    "real_x1": 54480,
                    "real_y1": 50465,
                    "r1": 210,
                    "c1": 227,
                    "l1": 0,
                    "p1": 875,
                    "id2": 687379,
                    "x2": 54480,
                    "y2": 50400,
                    "real_x2": 54480,
                    "real_y2": 50465,
                    "r2": 210,
                    "c2": 227,
                    "l2": 2,
                    "p2": -1,
                    "via": 0
                }
            ],
            "patch_num": 1,
            "patchs": [
                342
            ]
        },
        {
            "id": 3535,
            "feature": {
                "wire_width": 140,
                "wire_len": 2400,
                "wire_density": 2.0246616651026542e-05,
                "drc_num": 0,
                "R": 2.1428571428571423,
                "C": 0.00010737095120000014,
                "power": 3.8141701288120944e-06,
                "delay": 0.0056515091811428575,
                "slew": 4.5824325584087333e-10,
                "congestion": 0.0,
                "drc_type": []
            },
            "wire": {
                "id1": 682555,
                "x1": 54480,
                "y1": 48240,
                "real_x1": 54480,
                "real_y1": 48255,
                "r1": 201,
                "c1": 227,
                "l1": 2,
                "p1": -1,
                "id2": 682565,
                "x2": 56880,
                "y2": 48240,
                "real_x2": 56880,
                "real_y2": 48255,
                "r2": 201,
                "c2": 237,
                "l2": 2,
                "p2": -1
            },
            "path_num": 1,
            "paths": [
                {
                    "id1": 682555,
                    "x1": 54480,
                    "y1": 48240,
                    "real_x1": 54480,
                    "real_y1": 48255,
                    "r1": 201,
                    "c1": 227,
                    "l1": 2,
                    "p1": -1,
                    "id2": 682565,
                    "x2": 56880,
                    "y2": 48240,
                    "real_x2": 56880,
                    "real_y2": 48255,
                    "r2": 201,
                    "c2": 237,
                    "l2": 2,
                    "p2": -1
                }
            ],
            "patch_num": 2,
            "patchs": [
                342,
                343
            ]
        },
        {
            "id": 3536,
            "feature": {
                "wire_width": 0,
                "wire_len": 0,
                "wire_density": 0.0,
                "drc_num": 0,
                "R": 0.0,
                "C": 8.940737576000005e-05,
                "power": 3.1760447132861994e-06,
                "delay": 0.0,
                "slew": 0.0,
                "congestion": 0.0,
                "drc_type": []
            },
            "wire": {
                "id1": 682555,
                "x1": 54480,
                "y1": 48240,
                "real_x1": 54480,
                "real_y1": 48255,
                "r1": 201,
                "c1": 227,
                "l1": 2,
                "p1": -1,
                "id2": 1257147,
                "x2": 54480,
                "y2": 48240,
                "real_x2": 54480,
                "real_y2": 48255,
                "r2": 201,
                "c2": 227,
                "l2": 4,
                "p2": -1,
                "via": 5
            },
            "path_num": 1,
            "paths": [
                {
                    "id1": 682555,
                    "x1": 54480,
                    "y1": 48240,
                    "real_x1": 54480,
                    "real_y1": 48255,
                    "r1": 201,
                    "c1": 227,
                    "l1": 2,
                    "p1": -1,
                    "id2": 1257147,
                    "x2": 54480,
                    "y2": 48240,
                    "real_x2": 54480,
                    "real_y2": 48255,
                    "r2": 201,
                    "c2": 227,
                    "l2": 4,
                    "p2": -1,
                    "via": 5
                }
            ],
            "patch_num": 1,
            "patchs": [
                342
            ]
        },
        {
            "id": 3537,
            "feature": {
                "wire_width": 0,
                "wire_len": 0,
                "wire_density": 0.0,
                "drc_num": 0,
                "R": 0.0,
                "C": 0.0,
                "power": 0.0,
                "delay": 0.0,
                "slew": 0.0,
                "congestion": 0.0,
                "drc_type": []
            },
            "wire": {
                "id1": 687379,
                "x1": 54480,
                "y1": 50400,
                "real_x1": 54480,
                "real_y1": 50465,
                "r1": 210,
                "c1": 227,
                "l1": 2,
                "p1": -1,
                "id2": 1261971,