{
    "id": 136,
    "name": "dpath/a_lt_b/_037_",
    "feature": {
        "llx": 48720,
        "lly": 20400,
        "urx": 50640,
        "ury": 23760,
        "wire_len": 6960,
        "via_num": 4,
        "drc_num": 0,
        "drc_type": [],
        "R": 12.428571428571427,
        "C": 0.005950074891520001,
        "power": 1.9278242648524805e-07,
        "delay": 0.03511106430380571,
        "slew": 0.016256772965824666,
        "aspect_ratio": 2,
        "width": 1920,
        "height": 3360,
        "area": 6451200,
        "volume": 12902400,
        "layer_ratio": [
            0.0,
            0.0,
            0.5199999809265137,
            0.0,
            0.47999998927116394,
            0.0,
            0.0,
            0.0,
            0.0,
            0.0,
            0.0
        ],
        "place_feature": {
            "pin_num": 2,
            "aspect_ratio": 1,
            "width": 1746,
            "height": 2051,
            "area": 3581046,
            "l_ness": 1.0,
            "hpwl": 3797,
            "rsmt": 3797
        }
    },
    "pin_num": 2,
    "pins": [
        {
            "id": 435,
            "i": "dpath/a_lt_b/_095_",
            "p": "Y",
            "driver": 1
        },
        {
            "id": 436,
            "i": "dpath/a_lt_b/_097_",
            "p": "A",
            "driver": 0
        }
    ],
    "wire_num": 7,
    "wires": [
        {
            "id": 1739,
            "feature": {
                "wire_width": 0,
                "wire_len": 0,
                "wire_density": 0.0,
                "drc_num": 0,
                "R": 0.0,
                "C": 7.686347984000013e-05,
                "power": 1.3835426371200084e-06,
                "delay": 0.0,
                "slew": 0.0,
                "congestion": 0.0,
                "drc_type": []
            },
            "wire": {
                "id1": 620355,
                "x1": 48720,
                "y1": 20400,
                "real_x1": 48720,
                "real_y1": 20570,
                "r1": 85,
                "c1": 203,
                "l1": 2,
                "p1": -1,
                "id2": 1194947,
                "x2": 48720,
                "y2": 20400,
                "real_x2": 48720,
                "real_y2": 20570,
                "r2": 85,
                "c2": 203,
                "l2": 4,
                "p2": -1,
                "via": 5
            },
            "path_num": 1,
            "paths": [
                {
                    "id1": 620355,
                    "x1": 48720,
                    "y1": 20400,
                    "real_x1": 48720,
                    "real_y1": 20570,
                    "r1": 85,
                    "c1": 203,
                    "l1": 2,
                    "p1": -1,
                    "id2": 1194947,
                    "x2": 48720,
                    "y2": 20400,
                    "real_x2": 48720,
                    "real_y2": 20570,
                    "r2": 85,
                    "c2": 203,
                    "l2": 4,
                    "p2": -1,
                    "via": 5
                }
            ],
            "patch_num": 1,
            "patchs": [
                131
            ]
        },
        {
            "id": 1740,
            "feature": {
                "wire_width": 0,
                "wire_len": 0,
                "wire_density": 0.0,
                "drc_num": 0,
                "R": 0.0,
                "C": 8.703263696000028e-05,
                "power": 1.5665874652799996e-06,
                "delay": 0.0,
                "slew": 0.0,
                "congestion": 0.0,
                "drc_type": []
            },
            "wire": {
                "id1": 53275,
                "x1": 50640,
                "y1": 23760,
                "real_x1": 50640,
                "real_y1": 23825,
                "r1": 99,
                "c1": 211,
                "l1": 0,
                "p1": 436,
                "id2": 627867,
                "x2": 50640,
                "y2": 23760,
                "real_x2": 50640,
                "real_y2": 23825,
                "r2": 99,
                "c2": 211,
                "l2": 2,
                "p2": -1,
                "via": 0
            },
            "path_num": 1,
            "paths": [
                {
                    "id1": 53275,
                    "x1": 50640,
                    "y1": 23760,
                    "real_x1": 50640,
                    "real_y1": 23825,
                    "r1": 99,
                    "c1": 211,
                    "l1": 0,
                    "p1": 436,
                    "id2": 627867,
                    "x2": 50640,
                    "y2": 23760,
                    "real_x2": 50640,
                    "real_y2": 23825,
                    "r2": 99,
                    "c2": 211,
                    "l2": 2,
                    "p2": -1,
                    "via": 0
                }
            ],
            "patch_num": 1,
            "patchs": [
                161
            ]
        },
        {
            "id": 1741,
            "feature": {
                "wire_width": 140,
                "wire_len": 1920,
                "wire_density": 1.6197293320821236e-05,
                "drc_num": 0,
                "R": 1.7142857142857144,
                "C": 8.703263696000028e-05,
                "power": 1.5665874652800131e-06,
                "delay": 0.009320627377645711,
                "slew": 1.6671916173993662e-09,
                "congestion": -2.0,
                "drc_type": []
            },
            "wire": {
                "id1": 627859,
                "x1": 48720,
                "y1": 23760,
                "real_x1": 48720,
                "real_y1": 23825,
                "r1": 99,
                "c1": 203,
                "l1": 2,
                "p1": -1,
                "id2": 627867,
                "x2": 50640,
                "y2": 23760,
                "real_x2": 50640,
                "real_y2": 23825,
                "r2": 99,
                "c2": 211,
                "l2": 2,
                "p2": -1
            },
            "path_num": 1,
            "paths": [
                {
                    "id1": 627859,
                    "x1": 48720,
                    "y1": 23760,
                    "real_x1": 48720,
                    "real_y1": 23825,
                    "r1": 99,
                    "c1": 203,
                    "l1": 2,
                    "p1": -1,
                    "id2": 627867,
                    "x2": 50640,
                    "y2": 23760,
                    "real_x2": 50640,
                    "real_y2": 23825,
                    "r2": 99,
                    "c2": 211,
                    "l2": 2,
                    "p2": -1
                }
            ],
            "patch_num": 1,
            "patchs": [
                161
            ]
        },
        {
            "id": 1742,
            "feature": {
                "wire_width": 0,
                "wire_len": 0,
                "wire_density": 0.0,
                "drc_num": 0,
                "R": 0.0,
                "C": 0.0,
                "power": 0.0,
                "delay": 0.0,
                "slew": 0.0,
                "congestion": 0.0,
                "drc_type": []
            },
            "wire": {
                "id1": 45770,
                "x1": 50400,
                "y1": 20400,
                "real_x1": 50570,
                "real_y1": 20570,
                "r1": 85,
                "c1": 210,
                "l1": 0,
                "p1": 435,
                "id2": 620362,