{
    "id": 582,
    "name": "dpath/sub/_082_",
    "feature": {
        "llx": 82800,
        "lly": 38400,
        "urx": 85200,
        "ury": 41520,
        "wire_len": 5520,
        "via_num": 4,
        "drc_num": 0,
        "drc_type": [],
        "R": 9.857142857142856,
        "C": 0.004769689739040002,
        "power": 1.5453794754489605e-07,
        "delay": 0.02232601741146857,
        "slew": 0.004823312436459518,
        "aspect_ratio": 1,
        "width": 2400,
        "height": 3120,
        "area": 7488000,
        "volume": 14976000,
        "layer_ratio": [
            0.0,
            0.0,
            0.4300000071525574,
            0.0,
            0.5699999928474426,
            0.0,
            0.0,
            0.0,
            0.0,
            0.0,
            0.0
        ],
        "place_feature": {
            "pin_num": 2,
            "aspect_ratio": 1,
            "width": 2461,
            "height": 3505,
            "area": 8625805,
            "l_ness": 1.0,
            "hpwl": 5966,
            "rsmt": 5966
        }
    },
    "pin_num": 2,
    "pins": [
        {
            "id": 1524,
            "i": "dpath/sub/_146_",
            "p": "X",
            "driver": 1
        },
        {
            "id": 1525,
            "i": "dpath/sub/_147_",
            "p": "B1",
            "driver": 0
        }
    ],
    "wire_num": 7,
    "wires": [
        {
            "id": 5938,
            "feature": {
                "wire_width": 0,
                "wire_len": 0,
                "wire_density": 0.0,
                "drc_num": 0,
                "R": 0.0,
                "C": 0.00012679453832000007,
                "power": 2.2823016897600095e-06,
                "delay": 0.0,
                "slew": 0.0,
                "congestion": 0.0,
                "drc_type": []
            },
            "wire": {
                "id1": 667673,
                "x1": 84720,
                "y1": 41520,
                "real_x1": 84720,
                "real_y1": 41595,
                "r1": 173,
                "c1": 353,
                "l1": 2,
                "p1": -1,
                "id2": 1242265,
                "x2": 84720,
                "y2": 41520,
                "real_x2": 84720,
                "real_y2": 41595,
                "r2": 173,
                "c2": 353,
                "l2": 4,
                "p2": -1,
                "via": 5
            },
            "path_num": 1,
            "paths": [
                {
                    "id1": 667673,
                    "x1": 84720,
                    "y1": 41520,
                    "real_x1": 84720,
                    "real_y1": 41595,
                    "r1": 173,
                    "c1": 353,
                    "l1": 2,
                    "p1": -1,
                    "id2": 1242265,
                    "x2": 84720,
                    "y2": 41520,
                    "real_x2": 84720,
                    "real_y2": 41595,
                    "r2": 173,
                    "c2": 353,
                    "l2": 4,
                    "p2": -1,
                    "via": 5
                }
            ],
            "patch_num": 1,
            "patchs": [
                289
            ]
        },
        {
            "id": 5939,
            "feature": {
                "wire_width": 0,
                "wire_len": 0,
                "wire_density": 0.0,
                "drc_num": 0,
                "R": 0.0,
                "C": 0.0,
                "power": 0.0,
                "delay": 0.0,
                "slew": 0.0,
                "congestion": 0.0,
                "drc_type": []
            },
            "wire": {
                "id1": 86105,
                "x1": 82800,
                "y1": 38400,
                "real_x1": 82800,
                "real_y1": 38535,
                "r1": 160,
                "c1": 345,
                "l1": 0,
                "p1": 1524,
                "id2": 660697,
                "x2": 82800,
                "y2": 38400,
                "real_x2": 82800,
                "real_y2": 38535,
                "r2": 160,
                "c2": 345,
                "l2": 2,
                "p2": -1,
                "via": 0
            },
            "path_num": 1,
            "paths": [
                {
                    "id1": 86105,
                    "x1": 82800,
                    "y1": 38400,
                    "real_x1": 82800,
                    "real_y1": 38535,
                    "r1": 160,
                    "c1": 345,
                    "l1": 0,
                    "p1": 1524,
                    "id2": 660697,
                    "x2": 82800,
                    "y2": 38400,
                    "real_x2": 82800,
                    "real_y2": 38535,
                    "r2": 160,
                    "c2": 345,
                    "l2": 2,
                    "p2": -1,
                    "via": 0
                }
            ],
            "patch_num": 1,
            "patchs": [
                259
            ]
        },
        {
            "id": 5940,
            "feature": {
                "wire_width": 140,
                "wire_len": 3120,
                "wire_density": 2.6320601646334507e-05,
                "drc_num": 0,
                "R": 2.785714285714286,
                "C": 0.00012679453832000007,
                "power": 2.282301689759996e-06,
                "delay": 0.012448883367514285,
                "slew": 2.0815901294324313e-09,
                "congestion": -5.5,
                "drc_type": []
            },
            "wire": {
                "id1": 1235297,
                "x1": 84720,
                "y1": 38400,
                "real_x1": 84720,
                "real_y1": 38535,
                "r1": 160,
                "c1": 353,
                "l1": 4,
                "p1": -1,
                "id2": 1242265,
                "x2": 84720,
                "y2": 41520,
                "real_x2": 84720,
                "real_y2": 41595,
                "r2": 173,
                "c2": 353,
                "l2": 4,
                "p2": -1
            },
            "path_num": 1,
            "paths": [
                {
                    "id1": 1235297,
                    "x1": 84720,
                    "y1": 38400,
                    "real_x1": 84720,
                    "real_y1": 38535,
                    "r1": 160,
                    "c1": 353,
                    "l1": 4,
                    "p1": -1,
                    "id2": 1242265,
                    "x2": 84720,
                    "y2": 41520,
                    "real_x2": 84720,
                    "real_y2": 41595,
                    "r2": 173,
                    "c2": 353,
                    "l2": 4,
                    "p2": -1
                }
            ],
            "patch_num": 2,
            "patchs": [
                259,
                289
            ]
        },
        {
            "id": 5941,
            "feature": {
                "wire_width": 140,
                "wire_len": 1920,
                "wire_density": null,
                "drc_num": 0,
                "R": 1.714285714285714,
                "C": 8.703263696000028e-05,
                "power": 1.5665874652799996e-06,
                "delay": 0.008027412174994286,
                "slew": 2.9488112299191904e-09,
                "congestion": 1.0,
                "drc_type": []
            },
            "wire": {
                "id1": 660697,
                "x1": 82800,
                "y1": 38400,
                "real_x1": 82800,
                "real_y1": 38535,
                "r1": 160,