{
    "id": 5,
    "name": "ctrl$is_a_lt_b",
    "feature": {
        "llx": 75840,
        "lly": 74880,
        "urx": 78000,
        "ury": 78720,
        "wire_len": 6000,
        "via_num": 4,
        "drc_num": 0,
        "drc_type": [],
        "R": 10.714285714285714,
        "C": 0.0030340734086400003,
        "power": 2.435703954332996e-07,
        "delay": 0.014869114948902858,
        "slew": 0.0031527111802632027,
        "aspect_ratio": 2,
        "width": 2160,
        "height": 3840,
        "area": 8294400,
        "volume": 16588800,
        "layer_ratio": [
            0.0,
            0.0,
            0.36000001430511475,
            0.0,
            0.6399999856948853,
            0.0,
            0.0,
            0.0,
            0.0,
            0.0,
            0.0
        ],
        "place_feature": {
            "pin_num": 2,
            "aspect_ratio": 2,
            "width": 1715,
            "height": 3153,
            "area": 5407395,
            "l_ness": 1.0,
            "hpwl": 4868,
            "rsmt": 4868
        }
    },
    "pin_num": 2,
    "pins": [
        {
            "id": 11,
            "i": "dpath/a_lt_b/_166_",
            "p": "X",
            "driver": 1
        },
        {
            "id": 12,
            "i": "ctrl/_33_",
            "p": "A",
            "driver": 0
        }
    ],
    "wire_num": 6,
    "wires": [
        {
            "id": 44,
            "feature": {
                "wire_width": 0,
                "wire_len": 0,
                "wire_density": 0.0,
                "drc_num": 0,
                "R": 0.0,
                "C": 0.0001548349102400001,
                "power": 6.905494736079526e-06,
                "delay": 0.0,
                "slew": 0.0,
                "congestion": 0.0,
                "drc_type": []
            },
            "wire": {
                "id1": 742149,
                "x1": 78000,
                "y1": 74880,
                "real_x1": 78000,
                "real_y1": 75055,
                "r1": 312,
                "c1": 325,
                "l1": 2,
                "p1": -1,
                "id2": 1316741,
                "x2": 78000,
                "y2": 74880,
                "real_x2": 78000,
                "real_y2": 75055,
                "r2": 312,
                "c2": 325,
                "l2": 4,
                "p2": -1,
                "via": 5
            },
            "path_num": 1,
            "paths": [
                {
                    "id1": 742149,
                    "x1": 78000,
                    "y1": 74880,
                    "real_x1": 78000,
                    "real_y1": 75055,
                    "r1": 312,
                    "c1": 325,
                    "l1": 2,
                    "p1": -1,
                    "id2": 1316741,
                    "x2": 78000,
                    "y2": 74880,
                    "real_x2": 78000,
                    "real_y2": 75055,
                    "r2": 312,
                    "c2": 325,
                    "l2": 4,
                    "p2": -1,
                    "via": 5
                }
            ],
            "patch_num": 1,
            "patchs": [
                528
            ]
        },
        {
            "id": 45,
            "feature": {
                "wire_width": 0,
                "wire_len": 0,
                "wire_density": 0.0,
                "drc_num": 0,
                "R": 0.0,
                "C": 0.0,
                "power": 0.0,
                "delay": 0.0,
                "slew": 0.0,
                "congestion": 0.0,
                "drc_type": []
            },
            "wire": {
                "id1": 176124,
                "x1": 75840,
                "y1": 78720,
                "real_x1": 76050,
                "real_y1": 78950,
                "r1": 328,
                "c1": 316,
                "l1": 0,
                "p1": 11,
                "id2": 750716,
                "x2": 75840,
                "y2": 78720,
                "real_x2": 76050,
                "real_y2": 78950,
                "r2": 328,
                "c2": 316,
                "l2": 2,
                "p2": -1,
                "via": 0
            },
            "path_num": 1,
            "paths": [
                {
                    "id1": 176124,
                    "x1": 75840,
                    "y1": 78720,
                    "real_x1": 76050,
                    "real_y1": 78950,
                    "r1": 328,
                    "c1": 316,
                    "l1": 0,
                    "p1": 11,
                    "id2": 750716,
                    "x2": 75840,
                    "y2": 78720,
                    "real_x2": 76050,
                    "real_y2": 78950,
                    "r2": 328,
                    "c2": 316,
                    "l2": 2,
                    "p2": -1,
                    "via": 0
                }
            ],
            "patch_num": 1,
            "patchs": [
                557
            ]
        },
        {
            "id": 46,
            "feature": {
                "wire_width": 140,
                "wire_len": 3840,
                "wire_density": 3.239458664164247e-05,
                "drc_num": 0,
                "R": 3.428571428571428,
                "C": 0.0001548349102400001,
                "power": 6.9054947360795124e-06,
                "delay": 0.009205148263680001,
                "slew": 1.986839685830244e-09,
                "congestion": -2.0,
                "drc_type": []
            },
            "wire": {
                "id1": 1316741,
                "x1": 78000,
                "y1": 74880,
                "real_x1": 78000,
                "real_y1": 75055,
                "r1": 312,
                "c1": 325,
                "l1": 4,
                "p1": -1,
                "id2": 1325317,
                "x2": 78000,
                "y2": 78720,
                "real_x2": 78000,
                "real_y2": 78950,
                "r2": 328,
                "c2": 325,
                "l2": 4,
                "p2": -1
            },
            "path_num": 1,
            "paths": [
                {
                    "id1": 1316741,
                    "x1": 78000,
                    "y1": 74880,
                    "real_x1": 78000,
                    "real_y1": 75055,
                    "r1": 312,
                    "c1": 325,
                    "l1": 4,
                    "p1": -1,
                    "id2": 1325317,
                    "x2": 78000,
                    "y2": 78720,
                    "real_x2": 78000,
                    "real_y2": 78950,
                    "r2": 328,
                    "c2": 325,
                    "l2": 4,
                    "p2": -1
                }
            ],
            "patch_num": 2,
            "patchs": [
                528,
                558
            ]
        },
        {
            "id": 47,
            "feature": {
                "wire_width": 0,
                "wire_len": 0,
                "wire_density": 0.0,
                "drc_num": 0,
                "R": 0.0,
                "C": 0.0,
                "power": 0.0,
                "delay": 0.0,
                "slew": 0.0,
                "congestion": 0.0,
                "drc_type": []
            },
            "wire": {
                "id1": 167557,
                "x1": 78000,
                "y1": 74880,
                "real_x1": 78000,
                "real_y1": 75055,
                "r1": 312,
                "c1": 325,
                "l1": 0,
                "p1": 12,
                "id2": 742149,