{
    "id": 290,
    "name": "dpath/a_mux/_101_",
    "feature": {
        "llx": 62640,
        "lly": 74880,
        "urx": 66000,
        "ury": 78960,
        "wire_len": 7440,
        "via_num": 4,
        "drc_num": 0,
        "drc_type": [],
        "R": 13.285714285714285,
        "C": 0.003165817321120001,
        "power": 2.279557417563122e-07,
        "delay": 0.01892212628964,
        "slew": 0.0017584219257480854,
        "aspect_ratio": 1,
        "width": 3360,
        "height": 4080,
        "area": 13708800,
        "volume": 27417600,
        "layer_ratio": [
            0.0,
            0.0,
            0.44999998807907104,
            0.0,
            0.550000011920929,
            0.0,
            0.0,
            0.0,
            0.0,
            0.0,
            0.0
        ],
        "place_feature": {
            "pin_num": 2,
            "aspect_ratio": 1,
            "width": 3755,
            "height": 3066,
            "area": 11512830,
            "l_ness": 1.0,
            "hpwl": 6821,
            "rsmt": 6821
        }
    },
    "pin_num": 2,
    "pins": [
        {
            "id": 809,
            "i": "dpath/a_mux/_139_",
            "p": "Y",
            "driver": 1
        },
        {
            "id": 810,
            "i": "dpath/a_mux/_199_",
            "p": "A",
            "driver": 0
        }
    ],
    "wire_num": 7,
    "wires": [
        {
            "id": 3311,
            "feature": {
                "wire_width": 140,
                "wire_len": 960,
                "wire_density": null,
                "drc_num": 0,
                "R": 0.857142857142857,
                "C": 4.6356008480000124e-05,
                "power": 1.8543777739346925e-06,
                "delay": 0.002673823982262857,
                "slew": 8.507805709934146e-10,
                "congestion": 7.0,
                "drc_type": []
            },
            "wire": {
                "id1": 751207,
                "x1": 65040,
                "y1": 78960,
                "real_x1": 65040,
                "real_y1": 78960,
                "r1": 329,
                "c1": 271,
                "l1": 2,
                "p1": -1,
                "id2": 751211,
                "x2": 66000,
                "y2": 78960,
                "real_x2": 66080,
                "real_y2": 78960,
                "r2": 329,
                "c2": 275,
                "l2": 2,
                "p2": -1
            },
            "path_num": 1,
            "paths": [
                {
                    "id1": 751207,
                    "x1": 65040,
                    "y1": 78960,
                    "real_x1": 65040,
                    "real_y1": 78960,
                    "r1": 329,
                    "c1": 271,
                    "l1": 2,
                    "p1": -1,
                    "id2": 751211,
                    "x2": 66000,
                    "y2": 78960,
                    "real_x2": 66080,
                    "real_y2": 78960,
                    "r2": 329,
                    "c2": 275,
                    "l2": 2,
                    "p2": -1
                }
            ],
            "patch_num": 1,
            "patchs": [
                555
            ]
        },
        {
            "id": 3312,
            "feature": {
                "wire_width": 140,
                "wire_len": 2400,
                "wire_density": null,
                "drc_num": 0,
                "R": 2.1428571428571423,
                "C": 0.00010737095120000014,
                "power": 4.29515637778454e-06,
                "delay": 0.005651509181142857,
                "slew": 3.1765478442080664e-10,
                "congestion": 4.5,
                "drc_type": []
            },
            "wire": {
                "id1": 742085,
                "x1": 62640,
                "y1": 74880,
                "real_x1": 62640,
                "real_y1": 75055,
                "r1": 312,
                "c1": 261,
                "l1": 2,
                "p1": -1,
                "id2": 742095,
                "x2": 65040,
                "y2": 74880,
                "real_x2": 65040,
                "real_y2": 75055,
                "r2": 312,
                "c2": 271,
                "l2": 2,
                "p2": -1
            },
            "path_num": 1,
            "paths": [
                {
                    "id1": 742085,
                    "x1": 62640,
                    "y1": 74880,
                    "real_x1": 62640,
                    "real_y1": 75055,
                    "r1": 312,
                    "c1": 261,
                    "l1": 2,
                    "p1": -1,
                    "id2": 742095,
                    "x2": 65040,
                    "y2": 74880,
                    "real_x2": 65040,
                    "real_y2": 75055,
                    "r2": 312,
                    "c2": 271,
                    "l2": 2,
                    "p2": -1
                }
            ],
            "patch_num": 2,
            "patchs": [
                524,
                525
            ]
        },
        {
            "id": 3313,
            "feature": {
                "wire_width": 0,
                "wire_len": 0,
                "wire_density": 0.0,
                "drc_num": 0,
                "R": 0.0,
                "C": 0.0,
                "power": 0.0,
                "delay": 0.0,
                "slew": 0.0,
                "congestion": 0.0,
                "drc_type": []
            },
            "wire": {
                "id1": 176619,
                "x1": 66000,
                "y1": 78960,
                "real_x1": 66080,
                "real_y1": 78960,
                "r1": 329,
                "c1": 275,
                "l1": 0,
                "p1": 809,
                "id2": 751211,
                "x2": 66000,
                "y2": 78960,
                "real_x2": 66080,
                "real_y2": 78960,
                "r2": 329,
                "c2": 275,
                "l2": 2,
                "p2": -1,
                "via": 0
            },
            "path_num": 1,
            "paths": [
                {
                    "id1": 176619,
                    "x1": 66000,
                    "y1": 78960,
                    "real_x1": 66080,
                    "real_y1": 78960,
                    "r1": 329,
                    "c1": 275,
                    "l1": 0,
                    "p1": 809,
                    "id2": 751211,
                    "x2": 66000,
                    "y2": 78960,
                    "real_x2": 66080,
                    "real_y2": 78960,
                    "r2": 329,
                    "c2": 275,
                    "l2": 2,
                    "p2": -1,
                    "via": 0
                }
            ],
            "patch_num": 1,
            "patchs": [
                555
            ]
        },
        {
            "id": 3314,
            "feature": {
                "wire_width": 0,
                "wire_len": 0,
                "wire_density": 0.0,
                "drc_num": 0,
                "R": 0.0,
                "C": 0.00010737095120000014,
                "power": 4.295156377784554e-06,
                "delay": 0.0,
                "slew": 0.0,
                "congestion": 0.0,
                "drc_type": []
            },
            "wire": {
                "id1": 167493,
                "x1": 62640,
                "y1": 74880,
                "real_x1": 62640,
                "real_y1": 75055,
                "r1": 312,
                "c1": 261,
                "l1": 0,
                "p1": 810,