{
    "id": 620,
    "name": "dpath/sub/_120_",
    "feature": {
        "llx": 4320,
        "lly": 121440,
        "urx": 7440,
        "ury": 122160,
        "wire_len": 3840,
        "via_num": 2,
        "drc_num": 0,
        "drc_type": [],
        "R": 6.857142857142856,
        "C": 0.0028667717878400004,
        "power": 2.3977942391279184e-07,
        "delay": 0.009251608779154284,
        "slew": 0.00046822843568075645,
        "aspect_ratio": 4,
        "width": 3120,
        "height": 720,
        "area": 2246400,
        "volume": 2246400,
        "layer_ratio": [
            0.0,
            0.0,
            1.0,
            0.0,
            0.0,
            0.0,
            0.0,
            0.0,
            0.0,
            0.0,
            0.0
        ],
        "place_feature": {
            "pin_num": 2,
            "aspect_ratio": 17,
            "width": 2994,
            "height": 176,
            "area": 526944,
            "l_ness": 1.0,
            "hpwl": 3170,
            "rsmt": 3170
        }
    },
    "pin_num": 2,
    "pins": [
        {
            "id": 1621,
            "i": "dpath/sub/_172_",
            "p": "Y",
            "driver": 1
        },
        {
            "id": 1622,
            "i": "dpath/sub/_239_",
            "p": "A",
            "driver": 0
        }
    ],
    "wire_num": 3,
    "wires": [
        {
            "id": 6268,
            "feature": {
                "wire_width": 0,
                "wire_len": 0,
                "wire_density": 0.0,
                "drc_num": 0,
                "R": 0.0,
                "C": 0.0,
                "power": 0.0,
                "delay": 0.0,
                "slew": 0.0,
                "congestion": 0.0,
                "drc_type": []
            },
            "wire": {
                "id1": 272842,
                "x1": 4320,
                "y1": 122160,
                "real_x1": 4500,
                "real_y1": 122165,
                "r1": 509,
                "c1": 18,
                "l1": 0,
                "p1": 1621,
                "id2": 847434,
                "x2": 4320,
                "y2": 122160,
                "real_x2": 4500,
                "real_y2": 122165,
                "r2": 509,
                "c2": 18,
                "l2": 2,
                "p2": -1,
                "via": 0
            },
            "path_num": 1,
            "paths": [
                {
                    "id1": 272842,
                    "x1": 4320,
                    "y1": 122160,
                    "real_x1": 4500,
                    "real_y1": 122165,
                    "r1": 509,
                    "c1": 18,
                    "l1": 0,
                    "p1": 1621,
                    "id2": 847434,
                    "x2": 4320,
                    "y2": 122160,
                    "real_x2": 4500,
                    "real_y2": 122165,
                    "r2": 509,
                    "c2": 18,
                    "l2": 2,
                    "p2": -1,
                    "via": 0
                }
            ],
            "patch_num": 1,
            "patchs": [
                841
            ]
        },
        {
            "id": 6269,
            "feature": {
                "wire_width": 0,
                "wire_len": 0,
                "wire_density": 0.0,
                "drc_num": 0,
                "R": 0.0,
                "C": 0.00016838589392000015,
                "power": 7.824417077083575e-06,
                "delay": 0.0,
                "slew": 0.0,
                "congestion": 0.0,
                "drc_type": []
            },
            "wire": {
                "id1": 271247,
                "x1": 7440,
                "y1": 121440,
                "real_x1": 7440,
                "real_y1": 121675,
                "r1": 506,
                "c1": 31,
                "l1": 0,
                "p1": 1622,
                "id2": 845839,
                "x2": 7440,
                "y2": 121440,
                "real_x2": 7440,
                "real_y2": 121675,
                "r2": 506,
                "c2": 31,
                "l2": 2,
                "p2": -1,
                "via": 0
            },
            "path_num": 1,
            "paths": [
                {
                    "id1": 271247,
                    "x1": 7440,
                    "y1": 121440,
                    "real_x1": 7440,
                    "real_y1": 121675,
                    "r1": 506,
                    "c1": 31,
                    "l1": 0,
                    "p1": 1622,
                    "id2": 845839,
                    "x2": 7440,
                    "y2": 121440,
                    "real_x2": 7440,
                    "real_y2": 121675,
                    "r2": 506,
                    "c2": 31,
                    "l2": 2,
                    "p2": -1,
                    "via": 0
                }
            ],
            "patch_num": 1,
            "patchs": [
                841
            ]
        },
        {
            "id": 6270,
            "feature": {
                "wire_width": 140,
                "wire_len": 3840,
                "wire_density": 3.239458664164247e-05,
                "drc_num": 0,
                "R": 3.428571428571428,
                "C": 0.00016838589392000015,
                "power": 7.824417077083589e-06,
                "delay": 0.009251608779154284,
                "slew": 4.694308414210369e-10,
                "congestion": -1.0,
                "drc_type": []
            },
            "wire": {
                "id1": 847434,
                "x1": 4320,
                "y1": 122160,
                "real_x1": 4500,
                "real_y1": 122165,
                "r1": 509,
                "c1": 18,
                "l1": 2,
                "p1": -1,
                "id2": 845839,
                "x2": 7440,
                "y2": 121440,
                "real_x2": 7440,
                "real_y2": 121675,
                "r2": 506,
                "c2": 31,
                "l2": 2,
                "p2": -1
            },
            "path_num": 2,
            "paths": [
                {
                    "id1": 847434,
                    "x1": 4320,
                    "y1": 122160,
                    "real_x1": 4500,
                    "real_y1": 122165,
                    "r1": 509,
                    "c1": 18,
                    "l1": 2,
                    "p1": -1,
                    "id2": 847447,
                    "x2": 7440,
                    "y2": 122160,
                    "real_x2": 7440,
                    "real_y2": 122165,
                    "r2": 509,
                    "c2": 31,
                    "l2": 2,
                    "p2": -1
                },
                {
                    "id1": 847447,
                    "x1": 7440,
                    "y1": 122160,
                    "real_x1": 7440,
                    "real_y1": 122165,
                    "r1": 509,
                    "c1": 31,
                    "l1": 2,
                    "p1": -1,
                    "id2": 845839,
                    "x2": 7440,
                    "y2": 121440,
                    "real_x2": 7440,
                    "real_y2": 121675,
                    "r2": 506,
                    "c2": 31,
                    "l2": 2,
                    "p2": -1
                }
            ],
            "patch_num": 1,
            "patchs": [
                841
            ]
        }
    ],
    "routing_graph": {
        "vertices": [
            {
                "id": 0,
                "is_pin": 0,
                "is_driver_pin": 0,