{
    "id": 450,
    "name": "dpath/b_reg/_041_",
    "feature": {
        "llx": 10080,
        "lly": 21840,
        "urx": 10320,
        "ury": 25200,
        "wire_len": 3600,
        "via_num": 4,
        "drc_num": 0,
        "drc_type": [],
        "R": 6.428571428571427,
        "C": 0.0030139797321600006,
        "power": 2.0973155254907477e-07,
        "delay": 0.009180880671531428,
        "slew": 0.001293102362652107,
        "aspect_ratio": 14,
        "width": 240,
        "height": 3360,
        "area": 806400,
        "volume": 1612800,
        "layer_ratio": [
            0.0,
            0.0,
            0.07000000029802322,
            0.0,
            0.9300000071525574,
            0.0,
            0.0,
            0.0,
            0.0,
            0.0,
            0.0
        ],
        "place_feature": {
            "pin_num": 2,
            "aspect_ratio": 4,
            "width": 671,
            "height": 2699,
            "area": 1811029,
            "l_ness": 1.0,
            "hpwl": 3370,
            "rsmt": 3370
        }
    },
    "pin_num": 2,
    "pins": [
        {
            "id": 1169,
            "i": "dpath/b_reg/_091_",
            "p": "X",
            "driver": 1
        },
        {
            "id": 1170,
            "i": "dpath/b_reg/_069_",
            "p": "A1",
            "driver": 0
        }
    ],
    "wire_num": 6,
    "wires": [
        {
            "id": 4638,
            "feature": {
                "wire_width": 0,
                "wire_len": 0,
                "wire_density": 0.0,
                "drc_num": 0,
                "R": 0.0,
                "C": 0.00013614132896000008,
                "power": 5.263091553780636e-06,
                "delay": 0.0,
                "slew": 0.0,
                "congestion": 0.0,
                "drc_type": []
            },
            "wire": {
                "id1": 623411,
                "x1": 10320,
                "y1": 21840,
                "real_x1": 10380,
                "real_y1": 21845,
                "r1": 91,
                "c1": 43,
                "l1": 2,
                "p1": -1,
                "id2": 1198003,
                "x2": 10320,
                "y2": 21840,
                "real_x2": 10320,
                "real_y2": 21845,
                "r2": 91,
                "c2": 43,
                "l2": 4,
                "p2": -1,
                "via": 5
            },
            "path_num": 1,
            "paths": [
                {
                    "id1": 623411,
                    "x1": 10320,
                    "y1": 21840,
                    "real_x1": 10380,
                    "real_y1": 21845,
                    "r1": 91,
                    "c1": 43,
                    "l1": 2,
                    "p1": -1,
                    "id2": 1198003,
                    "x2": 10320,
                    "y2": 21840,
                    "real_x2": 10320,
                    "real_y2": 21845,
                    "r2": 91,
                    "c2": 43,
                    "l2": 4,
                    "p2": -1,
                    "via": 5
                }
            ],
            "patch_num": 1,
            "patchs": [
                152
            ]
        },
        {
            "id": 4640,
            "feature": {
                "wire_width": 140,
                "wire_len": 240,
                "wire_density": 2.0246616651026545e-06,
                "drc_num": 0,
                "R": 0.21428571428571425,
                "C": 1.5848537120000117e-05,
                "power": 6.126890525694651e-07,
                "delay": 0.0006424566846514286,
                "slew": 1.706225299935582e-10,
                "congestion": 1.0,
                "drc_type": []
            },
            "wire": {
                "id1": 630914,
                "x1": 10080,
                "y1": 25200,
                "real_x1": 10290,
                "real_y1": 25215,
                "r1": 105,
                "c1": 42,
                "l1": 2,
                "p1": -1,
                "id2": 630915,
                "x2": 10320,
                "y2": 25200,
                "real_x2": 10320,
                "real_y2": 25215,
                "r2": 105,
                "c2": 43,
                "l2": 2,
                "p2": -1
            },
            "path_num": 1,
            "paths": [
                {
                    "id1": 630914,
                    "x1": 10080,
                    "y1": 25200,
                    "real_x1": 10290,
                    "real_y1": 25215,
                    "r1": 105,
                    "c1": 42,
                    "l1": 2,
                    "p1": -1,
                    "id2": 630915,
                    "x2": 10320,
                    "y2": 25200,
                    "real_x2": 10320,
                    "real_y2": 25215,
                    "r2": 105,
                    "c2": 43,
                    "l2": 2,
                    "p2": -1
                }
            ],
            "patch_num": 1,
            "patchs": [
                152
            ]
        },
        {
            "id": 4641,
            "feature": {
                "wire_width": 0,
                "wire_len": 0,
                "wire_density": 0.0,
                "drc_num": 0,
                "R": 0.0,
                "C": 0.0,
                "power": 0.0,
                "delay": 0.0,
                "slew": 0.0,
                "congestion": 0.0,
                "drc_type": []
            },
            "wire": {
                "id1": 48819,
                "x1": 10320,
                "y1": 21840,
                "real_x1": 10380,
                "real_y1": 21845,
                "r1": 91,
                "c1": 43,
                "l1": 0,
                "p1": 1170,
                "id2": 623411,
                "x2": 10320,
                "y2": 21840,
                "real_x2": 10380,
                "real_y2": 21845,
                "r2": 91,
                "c2": 43,
                "l2": 2,
                "p2": -1,
                "via": 0
            },
            "path_num": 1,
            "paths": [
                {
                    "id1": 48819,
                    "x1": 10320,
                    "y1": 21840,
                    "real_x1": 10380,
                    "real_y1": 21845,
                    "r1": 91,
                    "c1": 43,
                    "l1": 0,
                    "p1": 1170,
                    "id2": 623411,
                    "x2": 10320,
                    "y2": 21840,
                    "real_x2": 10380,
                    "real_y2": 21845,
                    "r2": 91,
                    "c2": 43,
                    "l2": 2,
                    "p2": -1,
                    "via": 0
                }
            ],
            "patch_num": 1,
            "patchs": [
                152
            ]
        },
        {
            "id": 4642,
            "feature": {
                "wire_width": 0,
                "wire_len": 0,
                "wire_density": 0.0,
                "drc_num": 0,
                "R": 0.0,
                "C": 1.5848537120000117e-05,
                "power": 6.126890525694786e-07,
                "delay": 0.0,
                "slew": 0.0,
                "congestion": 0.0,
                "drc_type": []
            },
            "wire": {
                "id1": 630915,
                "x1": 10320,
                "y1": 25200,
                "real_x1": 10320,
                "real_y1": 25215,
                "r1": 105,
                "c1": 43,
                "l1": 2,
                "p1": -1,
                "id2": 1205507,