{
    "id": 275,
    "name": "dpath/a_mux/_086_",
    "feature": {
        "llx": 64080,
        "lly": 18240,
        "urx": 67440,
        "ury": 18960,
        "wire_len": 4080,
        "via_num": 2,
        "drc_num": 0,
        "drc_type": [],
        "R": 7.285714285714286,
        "C": 0.00288711010208,
        "power": 2.0264089771076995e-07,
        "delay": 0.009866879114502857,
        "slew": 0.0005300266188562192,
        "aspect_ratio": 5,
        "width": 3360,
        "height": 720,
        "area": 2419200,
        "volume": 2419200,
        "layer_ratio": [
            0.0,
            0.0,
            1.0,
            0.0,
            0.0,
            0.0,
            0.0,
            0.0,
            0.0,
            0.0,
            0.0
        ],
        "place_feature": {
            "pin_num": 2,
            "aspect_ratio": 26,
            "width": 4235,
            "height": 164,
            "area": 694540,
            "l_ness": 1.0,
            "hpwl": 4399,
            "rsmt": 4399
        }
    },
    "pin_num": 2,
    "pins": [
        {
            "id": 779,
            "i": "dpath/a_mux/_112_",
            "p": "Y",
            "driver": 1
        },
        {
            "id": 780,
            "i": "dpath/a_mux/_163_",
            "p": "A",
            "driver": 0
        }
    ],
    "wire_num": 3,
    "wires": [
        {
            "id": 3225,
            "feature": {
                "wire_width": 0,
                "wire_len": 0,
                "wire_density": 0.0,
                "drc_num": 0,
                "R": 0.0,
                "C": 0.00017855505103999986,
                "power": 6.962470843435833e-06,
                "delay": 0.0,
                "slew": 0.0,
                "congestion": 0.0,
                "drc_type": []
            },
            "wire": {
                "id1": 41003,
                "x1": 64080,
                "y1": 18240,
                "real_x1": 64080,
                "real_y1": 18345,
                "r1": 76,
                "c1": 267,
                "l1": 0,
                "p1": 780,
                "id2": 615595,
                "x2": 64080,
                "y2": 18240,
                "real_x2": 64080,
                "real_y2": 18345,
                "r2": 76,
                "c2": 267,
                "l2": 2,
                "p2": -1,
                "via": 0
            },
            "path_num": 1,
            "paths": [
                {
                    "id1": 41003,
                    "x1": 64080,
                    "y1": 18240,
                    "real_x1": 64080,
                    "real_y1": 18345,
                    "r1": 76,
                    "c1": 267,
                    "l1": 0,
                    "p1": 780,
                    "id2": 615595,
                    "x2": 64080,
                    "y2": 18240,
                    "real_x2": 64080,
                    "real_y2": 18345,
                    "r2": 76,
                    "c2": 267,
                    "l2": 2,
                    "p2": -1,
                    "via": 0
                }
            ],
            "patch_num": 1,
            "patchs": [
                134
            ]
        },
        {
            "id": 3226,
            "feature": {
                "wire_width": 0,
                "wire_len": 0,
                "wire_density": 0.0,
                "drc_num": 0,
                "R": 0.0,
                "C": 0.0,
                "power": 0.0,
                "delay": 0.0,
                "slew": 0.0,
                "congestion": 0.0,
                "drc_type": []
            },
            "wire": {
                "id1": 42625,
                "x1": 67440,
                "y1": 18960,
                "real_x1": 67530,
                "real_y1": 18960,
                "r1": 79,
                "c1": 281,
                "l1": 0,
                "p1": 779,
                "id2": 617217,
                "x2": 67440,
                "y2": 18960,
                "real_x2": 67530,
                "real_y2": 18960,
                "r2": 79,
                "c2": 281,
                "l2": 2,
                "p2": -1,
                "via": 0
            },
            "path_num": 1,
            "paths": [
                {
                    "id1": 42625,
                    "x1": 67440,
                    "y1": 18960,
                    "real_x1": 67530,
                    "real_y1": 18960,
                    "r1": 79,
                    "c1": 281,
                    "l1": 0,
                    "p1": 779,
                    "id2": 617217,
                    "x2": 67440,
                    "y2": 18960,
                    "real_x2": 67530,
                    "real_y2": 18960,
                    "r2": 79,
                    "c2": 281,
                    "l2": 2,
                    "p2": -1,
                    "via": 0
                }
            ],
            "patch_num": 1,
            "patchs": [
                135
            ]
        },
        {
            "id": 3227,
            "feature": {
                "wire_width": 140,
                "wire_len": 4080,
                "wire_density": 3.4419248306745123e-05,
                "drc_num": 0,
                "R": 3.642857142857143,
                "C": 0.00017855505103999986,
                "power": 6.962470843435847e-06,
                "delay": 0.009866879114502857,
                "slew": 9.936850856040458e-10,
                "congestion": 12.5,
                "drc_type": []
            },
            "wire": {
                "id1": 615595,
                "x1": 64080,
                "y1": 18240,
                "real_x1": 64080,
                "real_y1": 18345,
                "r1": 76,
                "c1": 267,
                "l1": 2,
                "p1": -1,
                "id2": 617217,
                "x2": 67440,
                "y2": 18960,
                "real_x2": 67530,
                "real_y2": 18960,
                "r2": 79,
                "c2": 281,
                "l2": 2,
                "p2": -1
            },
            "path_num": 4,
            "paths": [
                {
                    "id1": 615595,
                    "x1": 64080,
                    "y1": 18240,
                    "real_x1": 64080,
                    "real_y1": 18345,
                    "r1": 76,
                    "c1": 267,
                    "l1": 2,
                    "p1": -1,
                    "id2": 616131,
                    "x2": 64080,
                    "y2": 18480,
                    "real_x2": 64080,
                    "real_y2": 18480,
                    "r2": 77,
                    "c2": 267,
                    "l2": 2,
                    "p2": -1
                },
                {
                    "id1": 616131,
                    "x1": 64080,
                    "y1": 18480,
                    "real_x1": 64080,
                    "real_y1": 18480,
                    "r1": 77,
                    "c1": 267,
                    "l1": 2,
                    "p1": -1,
                    "id2": 616137,
                    "x2": 65520,
                    "y2": 18480,
                    "real_x2": 65520,
                    "real_y2": 18480,
                    "r2": 77,
                    "c2": 273,
                    "l2": 2,
                    "p2": -1
                },
                {
                    "id1": 616137,
                    "x1": 65520,
                    "y1": 18480,
                    "real_x1": 65520,
                    "real_y1": 18480,
                    "r1": 77,
                    "c1": 273,
                    "l1": 2,