{
    "id": 311,
    "name": "dpath/a_reg/_018_",
    "feature": {
        "llx": 24240,
        "lly": 86880,
        "urx": 34800,
        "ury": 88080,
        "wire_len": 11760,
        "via_num": 4,
        "drc_num": 0,
        "drc_type": [],
        "R": 21.0,
        "C": 0.00354028501296,
        "power": 2.2236227083629354e-07,
        "delay": 0.031864008193525716,
        "slew": 0.009398464405189384,
        "aspect_ratio": 9,
        "width": 10560,
        "height": 1200,
        "area": 12672000,
        "volume": 25344000,
        "layer_ratio": [
            0.0,
            0.0,
            0.8999999761581421,
            0.0,
            0.10000000149011612,
            0.0,
            0.0,
            0.0,
            0.0,
            0.0,
            0.0
        ],
        "place_feature": {
            "pin_num": 2,
            "aspect_ratio": 140,
            "width": 10754,
            "height": 77,
            "area": 828058,
            "l_ness": 1.0,
            "hpwl": 10831,
            "rsmt": 10831
        }
    },
    "pin_num": 2,
    "pins": [
        {
            "id": 855,
            "i": "dpath/a_reg/_078_",
            "p": "X",
            "driver": 1
        },
        {
            "id": 856,
            "i": "dpath/a_reg/_119_",
            "p": "A",
            "driver": 0
        }
    ],
    "wire_num": 6,
    "wires": [
        {
            "id": 3481,
            "feature": {
                "wire_width": 0,
                "wire_len": 0,
                "wire_density": 0.0,
                "drc_num": 0,
                "R": 0.0,
                "C": 0.0,
                "power": 0.0,
                "delay": 0.0,
                "slew": 0.0,
                "congestion": 0.0,
                "drc_type": []
            },
            "wire": {
                "id1": 194177,
                "x1": 34800,
                "y1": 86880,
                "real_x1": 34800,
                "real_y1": 87095,
                "r1": 362,
                "c1": 145,
                "l1": 0,
                "p1": 855,
                "id2": 768769,
                "x2": 34800,
                "y2": 86880,
                "real_x2": 34800,
                "real_y2": 87095,
                "r2": 362,
                "c2": 145,
                "l2": 2,
                "p2": -1,
                "via": 0
            },
            "path_num": 1,
            "paths": [
                {
                    "id1": 194177,
                    "x1": 34800,
                    "y1": 86880,
                    "real_x1": 34800,
                    "real_y1": 87095,
                    "r1": 362,
                    "c1": 145,
                    "l1": 0,
                    "p1": 855,
                    "id2": 768769,
                    "x2": 34800,
                    "y2": 86880,
                    "real_x2": 34800,
                    "real_y2": 87095,
                    "r2": 362,
                    "c2": 145,
                    "l2": 2,
                    "p2": -1,
                    "via": 0
                }
            ],
            "patch_num": 1,
            "patchs": [
                608
            ]
        },
        {
            "id": 3482,
            "feature": {
                "wire_width": 0,
                "wire_len": 0,
                "wire_density": 0.0,
                "drc_num": 0,
                "R": 0.0,
                "C": 0.0004531222932799999,
                "power": 1.5811235180131488e-05,
                "delay": 0.0,
                "slew": 0.0,
                "congestion": 0.0,
                "drc_type": []
            },
            "wire": {
                "id1": 196813,
                "x1": 24240,
                "y1": 88080,
                "real_x1": 24240,
                "real_y1": 88215,
                "r1": 367,
                "c1": 101,
                "l1": 0,
                "p1": 856,
                "id2": 771405,
                "x2": 24240,
                "y2": 88080,
                "real_x2": 24240,
                "real_y2": 88215,
                "r2": 367,
                "c2": 101,
                "l2": 2,
                "p2": -1,
                "via": 0
            },
            "path_num": 1,
            "paths": [
                {
                    "id1": 196813,
                    "x1": 24240,
                    "y1": 88080,
                    "real_x1": 24240,
                    "real_y1": 88215,
                    "r1": 367,
                    "c1": 101,
                    "l1": 0,
                    "p1": 856,
                    "id2": 771405,
                    "x2": 24240,
                    "y2": 88080,
                    "real_x2": 24240,
                    "real_y2": 88215,
                    "r2": 367,
                    "c2": 101,
                    "l2": 2,
                    "p2": -1,
                    "via": 0
                }
            ],
            "patch_num": 1,
            "patchs": [
                605
            ]
        },
        {
            "id": 3483,
            "feature": {
                "wire_width": 0,
                "wire_len": 0,
                "wire_density": 0.0,
                "drc_num": 0,
                "R": 0.0,
                "C": 0.0,
                "power": 0.0,
                "delay": 0.0,
                "slew": 0.0,
                "congestion": 0.0,
                "drc_type": []
            },
            "wire": {
                "id1": 768769,
                "x1": 34800,
                "y1": 86880,
                "real_x1": 34800,
                "real_y1": 87095,
                "r1": 362,
                "c1": 145,
                "l1": 2,
                "p1": -1,
                "id2": 1343361,
                "x2": 34800,
                "y2": 86880,
                "real_x2": 34800,
                "real_y2": 87095,
                "r2": 362,
                "c2": 145,
                "l2": 4,
                "p2": -1,
                "via": 5
            },
            "path_num": 1,
            "paths": [
                {
                    "id1": 768769,
                    "x1": 34800,
                    "y1": 86880,
                    "real_x1": 34800,
                    "real_y1": 87095,
                    "r1": 362,
                    "c1": 145,
                    "l1": 2,
                    "p1": -1,
                    "id2": 1343361,
                    "x2": 34800,
                    "y2": 86880,
                    "real_x2": 34800,
                    "real_y2": 87095,
                    "r2": 362,
                    "c2": 145,
                    "l2": 4,
                    "p2": -1,
                    "via": 5
                }
            ],
            "patch_num": 1,
            "patchs": [
                608
            ]
        },
        {
            "id": 3484,
            "feature": {
                "wire_width": 140,
                "wire_len": 1200,
                "wire_density": 1.0123308325513271e-05,
                "drc_num": 0,
                "R": 1.0714285714285714,
                "C": 5.202021320000003e-05,
                "power": 1.8151916981880398e-06,
                "delay": 0.0037374265711714286,
                "slew": 2.5516862858787626e-09,
                "congestion": 5.0,
                "drc_type": []
            },
            "wire": {
                "id1": 1343361,
                "x1": 34800,
                "y1": 86880,
                "real_x1": 34800,
                "real_y1": 87095,
                "r1": 362,
                "c1": 145,
                "l1": 4,
                "p1": -1,