{
    "id": 76,
    "name": "dpath/a_mux$out[3]",
    "feature": {
        "llx": 112560,
        "lly": 31440,
        "urx": 117360,
        "ury": 31440,
        "wire_len": 4800,
        "via_num": 2,
        "drc_num": 0,
        "drc_type": [],
        "R": 8.571428571428571,
        "C": 0.0029481250448,
        "power": 2.1380430906328361e-07,
        "delay": 0.011738839381714286,
        "slew": 0.0020399762901153057,
        "aspect_ratio": 1,
        "width": 4800,
        "height": 0,
        "area": 0,
        "volume": 0,
        "layer_ratio": [
            0.0,
            0.0,
            1.0,
            0.0,
            0.0,
            0.0,
            0.0,
            0.0,
            0.0,
            0.0,
            0.0
        ],
        "place_feature": {
            "pin_num": 2,
            "aspect_ratio": 60,
            "width": 4595,
            "height": 77,
            "area": 353815,
            "l_ness": 1.0,
            "hpwl": 4672,
            "rsmt": 4672
        }
    },
    "pin_num": 2,
    "pins": [
        {
            "id": 286,
            "i": "dpath/a_mux/_175_",
            "p": "X",
            "driver": 1
        },
        {
            "id": 287,
            "i": "dpath/a_reg/_094_",
            "p": "A",
            "driver": 0
        }
    ],
    "wire_num": 3,
    "wires": [
        {
            "id": 1225,
            "feature": {
                "wire_width": 0,
                "wire_len": 0,
                "wire_density": 0.0,
                "drc_num": 0,
                "R": 0.0,
                "C": 0.0,
                "power": 0.0,
                "delay": 0.0,
                "slew": 0.0,
                "congestion": 0.0,
                "drc_type": []
            },
            "wire": {
                "id1": 70685,
                "x1": 112560,
                "y1": 31440,
                "real_x1": 112625,
                "real_y1": 31440,
                "r1": 131,
                "c1": 469,
                "l1": 0,
                "p1": 286,
                "id2": 645277,
                "x2": 112560,
                "y2": 31440,
                "real_x2": 112625,
                "real_y2": 31440,
                "r2": 131,
                "c2": 469,
                "l2": 2,
                "p2": -1,
                "via": 0
            },
            "path_num": 1,
            "paths": [
                {
                    "id1": 70685,
                    "x1": 112560,
                    "y1": 31440,
                    "real_x1": 112625,
                    "real_y1": 31440,
                    "r1": 131,
                    "c1": 469,
                    "l1": 0,
                    "p1": 286,
                    "id2": 645277,
                    "x2": 112560,
                    "y2": 31440,
                    "real_x2": 112625,
                    "real_y2": 31440,
                    "r2": 131,
                    "c2": 469,
                    "l2": 2,
                    "p2": -1,
                    "via": 0
                }
            ],
            "patch_num": 1,
            "patchs": [
                236
            ]
        },
        {
            "id": 1226,
            "feature": {
                "wire_width": 0,
                "wire_len": 0,
                "wire_density": 0.0,
                "drc_num": 0,
                "R": 0.0,
                "C": 0.00020906252239999987,
                "power": 8.423144177988257e-06,
                "delay": 0.0,
                "slew": 0.0,
                "congestion": 0.0,
                "drc_type": []
            },
            "wire": {
                "id1": 70705,
                "x1": 117360,
                "y1": 31440,
                "real_x1": 117360,
                "real_y1": 31505,
                "r1": 131,
                "c1": 489,
                "l1": 0,
                "p1": 287,
                "id2": 645297,
                "x2": 117360,
                "y2": 31440,
                "real_x2": 117360,
                "real_y2": 31505,
                "r2": 131,
                "c2": 489,
                "l2": 2,
                "p2": -1,
                "via": 0
            },
            "path_num": 1,
            "paths": [
                {
                    "id1": 70705,
                    "x1": 117360,
                    "y1": 31440,
                    "real_x1": 117360,
                    "real_y1": 31505,
                    "r1": 131,
                    "c1": 489,
                    "l1": 0,
                    "p1": 287,
                    "id2": 645297,
                    "x2": 117360,
                    "y2": 31440,
                    "real_x2": 117360,
                    "real_y2": 31505,
                    "r2": 131,
                    "c2": 489,
                    "l2": 2,
                    "p2": -1,
                    "via": 0
                }
            ],
            "patch_num": 1,
            "patchs": [
                237
            ]
        },
        {
            "id": 1227,
            "feature": {
                "wire_width": 140,
                "wire_len": 4800,
                "wire_density": 4.0493233302053085e-05,
                "drc_num": 0,
                "R": 4.285714285714286,
                "C": 0.00020906252239999987,
                "power": 8.423144177988244e-06,
                "delay": 0.011738839381714286,
                "slew": 3.2660300366971207e-09,
                "congestion": 1.0,
                "drc_type": []
            },
            "wire": {
                "id1": 645277,
                "x1": 112560,
                "y1": 31440,
                "real_x1": 112625,
                "real_y1": 31440,
                "r1": 131,
                "c1": 469,
                "l1": 2,
                "p1": -1,
                "id2": 645297,
                "x2": 117360,
                "y2": 31440,
                "real_x2": 117360,
                "real_y2": 31505,
                "r2": 131,
                "c2": 489,
                "l2": 2,
                "p2": -1
            },
            "path_num": 1,
            "paths": [
                {
                    "id1": 645277,
                    "x1": 112560,
                    "y1": 31440,
                    "real_x1": 112625,
                    "real_y1": 31440,
                    "r1": 131,
                    "c1": 469,
                    "l1": 2,
                    "p1": -1,
                    "id2": 645297,
                    "x2": 117360,
                    "y2": 31440,
                    "real_x2": 117360,
                    "real_y2": 31505,
                    "r2": 131,
                    "c2": 489,
                    "l2": 2,
                    "p2": -1
                }
            ],
            "patch_num": 2,
            "patchs": [
                236,
                237
            ]
        }
    ],
    "routing_graph": {
        "vertices": [
            {
                "id": 0,
                "is_pin": 1,
                "is_driver_pin": 1,
                "x": 112625,
                "y": 31440,
                "layer_id": 0
            },
            {
                "id": 1,
                "is_pin": 0,
                "is_driver_pin": 0,
                "x": 112625,
                "y": 31440,
                "layer_id": 2
            },
            {
                "id": 2,
                "is_pin": 0,
                "is_driver_pin": 0,
                "x": 117360,
                "y": 31505,
                "layer_id": 2
            },
            {
                "id": 3,
                "is_pin": 1,