{
    "id": 359,
    "name": "dpath/b_mux/_000_",
    "feature": {
        "llx": 13200,
        "lly": 5520,
        "urx": 18240,
        "ury": 8400,
        "wire_len": 7920,
        "via_num": 4,
        "drc_num": 0,
        "drc_type": [],
        "R": 14.142857142857142,
        "C": 0.0037447176144,
        "power": 2.3266797025901288e-07,
        "delay": 0.024056010429428572,
        "slew": 0.006636826071121274,
        "aspect_ratio": 2,
        "width": 5040,
        "height": 2880,
        "area": 14515200,
        "volume": 29030400,
        "layer_ratio": [
            0.0,
            0.0,
            0.6399999856948853,
            0.0,
            0.36000001430511475,
            0.0,
            0.0,
            0.0,
            0.0,
            0.0,
            0.0
        ],
        "place_feature": {
            "pin_num": 2,
            "aspect_ratio": 1,
            "width": 5362,
            "height": 3757,
            "area": 20145034,
            "l_ness": 1.0,
            "hpwl": 9119,
            "rsmt": 9119
        }
    },
    "pin_num": 2,
    "pins": [
        {
            "id": 966,
            "i": "dpath/b_mux/_067_",
            "p": "X",
            "driver": 1
        },
        {
            "id": 967,
            "i": "dpath/b_mux/_051_",
            "p": "A0",
            "driver": 0
        }
    ],
    "wire_num": 7,
    "wires": [
        {
            "id": 3905,
            "feature": {
                "wire_width": 0,
                "wire_len": 0,
                "wire_density": 0.0,
                "drc_num": 0,
                "R": 0.0,
                "C": 0.00018872420816,
                "power": 6.514373189238042e-06,
                "delay": 0.0,
                "slew": 0.0,
                "congestion": 0.0,
                "drc_type": []
            },
            "wire": {
                "id1": 18815,
                "x1": 13200,
                "y1": 8400,
                "real_x1": 13200,
                "real_y1": 8525,
                "r1": 35,
                "c1": 55,
                "l1": 0,
                "p1": 967,
                "id2": 593407,
                "x2": 13200,
                "y2": 8400,
                "real_x2": 13200,
                "real_y2": 8525,
                "r2": 35,
                "c2": 55,
                "l2": 2,
                "p2": -1,
                "via": 0
            },
            "path_num": 1,
            "paths": [
                {
                    "id1": 18815,
                    "x1": 13200,
                    "y1": 8400,
                    "real_x1": 13200,
                    "real_y1": 8525,
                    "r1": 35,
                    "c1": 55,
                    "l1": 0,
                    "p1": 967,
                    "id2": 593407,
                    "x2": 13200,
                    "y2": 8400,
                    "real_x2": 13200,
                    "real_y2": 8525,
                    "r2": 35,
                    "c2": 55,
                    "l2": 2,
                    "p2": -1,
                    "via": 0
                }
            ],
            "patch_num": 1,
            "patchs": [
                33
            ]
        },
        {
            "id": 3906,
            "feature": {
                "wire_width": 0,
                "wire_len": 0,
                "wire_density": 0.0,
                "drc_num": 0,
                "R": 0.0,
                "C": 0.00011744774768000007,
                "power": 4.054055736052355e-06,
                "delay": 0.0,
                "slew": 0.0,
                "congestion": 0.0,
                "drc_type": []
            },
            "wire": {
                "id1": 593425,
                "x1": 17520,
                "y1": 8400,
                "real_x1": 17520,
                "real_y1": 8525,
                "r1": 35,
                "c1": 73,
                "l1": 2,
                "p1": -1,
                "id2": 1168017,
                "x2": 17520,
                "y2": 8400,
                "real_x2": 17520,
                "real_y2": 8525,
                "r2": 35,
                "c2": 73,
                "l2": 4,
                "p2": -1,
                "via": 5
            },
            "path_num": 1,
            "paths": [
                {
                    "id1": 593425,
                    "x1": 17520,
                    "y1": 8400,
                    "real_x1": 17520,
                    "real_y1": 8525,
                    "r1": 35,
                    "c1": 73,
                    "l1": 2,
                    "p1": -1,
                    "id2": 1168017,
                    "x2": 17520,
                    "y2": 8400,
                    "real_x2": 17520,
                    "real_y2": 8525,
                    "r2": 35,
                    "c2": 73,
                    "l2": 4,
                    "p2": -1,
                    "via": 5
                }
            ],
            "patch_num": 1,
            "patchs": [
                34
            ]
        },
        {
            "id": 3907,
            "feature": {
                "wire_width": 140,
                "wire_len": 2880,
                "wire_density": 2.4295939981231852e-05,
                "drc_num": 0,
                "R": 2.571428571428571,
                "C": 0.00011744774768000007,
                "power": 4.054055736052355e-06,
                "delay": 0.00914116156457143,
                "slew": 3.844320611845475e-09,
                "congestion": -5.0,
                "drc_type": []
            },
            "wire": {
                "id1": 1161585,
                "x1": 17520,
                "y1": 5520,
                "real_x1": 17520,
                "real_y1": 5520,
                "r1": 23,
                "c1": 73,
                "l1": 4,
                "p1": -1,
                "id2": 1168017,
                "x2": 17520,
                "y2": 8400,
                "real_x2": 17520,
                "real_y2": 8525,
                "r2": 35,
                "c2": 73,
                "l2": 4,
                "p2": -1
            },
            "path_num": 1,
            "paths": [
                {
                    "id1": 1161585,
                    "x1": 17520,
                    "y1": 5520,
                    "real_x1": 17520,
                    "real_y1": 5520,
                    "r1": 23,
                    "c1": 73,
                    "l1": 4,
                    "p1": -1,
                    "id2": 1168017,
                    "x2": 17520,
                    "y2": 8400,
                    "real_x2": 17520,
                    "real_y2": 8525,
                    "r2": 35,
                    "c2": 73,
                    "l2": 4,
                    "p2": -1
                }
            ],
            "patch_num": 1,
            "patchs": [
                34
            ]
        },
        {
            "id": 3908,
            "feature": {
                "wire_width": 140,
                "wire_len": 720,
                "wire_density": null,
                "drc_num": 0,
                "R": 0.6428571428571428,
                "C": 3.618685135999998e-05,
                "power": 1.249096004168551e-06,
                "delay": 0.002384055490525714,
                "slew": 1.3098377452114285e-09,
                "congestion": 7.0,
                "drc_type": []
            },
            "wire": {
                "id1": 586993,
                "x1": 17520,
                "y1": 5520,
                "real_x1": 17520,
                "real_y1": 5520,
                "r1": 23,
                "c1": 73,
                "l1": 2,