{
    "id": 330,
    "name": "dpath/a_reg/_037_",
    "feature": {
        "llx": 89760,
        "lly": 86880,
        "urx": 94080,
        "ury": 88800,
        "wire_len": 6240,
        "via_num": 2,
        "drc_num": 0,
        "drc_type": [],
        "R": 11.142857142857142,
        "C": 0.00325015493024,
        "power": 2.3684002055109132e-07,
        "delay": 0.01660328873424,
        "slew": 0.003918299233937418,
        "aspect_ratio": 2,
        "width": 4320,
        "height": 1920,
        "area": 8294400,
        "volume": 8294400,
        "layer_ratio": [
            0.0,
            0.0,
            1.0,
            0.0,
            0.0,
            0.0,
            0.0,
            0.0,
            0.0,
            0.0,
            0.0
        ],
        "place_feature": {
            "pin_num": 2,
            "aspect_ratio": 12,
            "width": 4609,
            "height": 377,
            "area": 1737593,
            "l_ness": 1.0,
            "hpwl": 4986,
            "rsmt": 4986
        }
    },
    "pin_num": 2,
    "pins": [
        {
            "id": 899,
            "i": "dpath/a_reg/_124_",
            "p": "X",
            "driver": 1
        },
        {
            "id": 900,
            "i": "dpath/a_reg/_080_",
            "p": "A1",
            "driver": 0
        }
    ],
    "wire_num": 3,
    "wires": [
        {
            "id": 3637,
            "feature": {
                "wire_width": 0,
                "wire_len": 0,
                "wire_density": 0.0,
                "drc_num": 0,
                "R": 0.0,
                "C": 0.0002700774651199999,
                "power": 1.0933692865302552e-05,
                "delay": 0.0,
                "slew": 0.0,
                "congestion": 0.0,
                "drc_type": []
            },
            "wire": {
                "id1": 198712,
                "x1": 94080,
                "y1": 88800,
                "real_x1": 94240,
                "real_y1": 89015,
                "r1": 370,
                "c1": 392,
                "l1": 0,
                "p1": 900,
                "id2": 773304,
                "x2": 94080,
                "y2": 88800,
                "real_x2": 94240,
                "real_y2": 89015,
                "r2": 370,
                "c2": 392,
                "l2": 2,
                "p2": -1,
                "via": 0
            },
            "path_num": 1,
            "paths": [
                {
                    "id1": 198712,
                    "x1": 94080,
                    "y1": 88800,
                    "real_x1": 94240,
                    "real_y1": 89015,
                    "r1": 370,
                    "c1": 392,
                    "l1": 0,
                    "p1": 900,
                    "id2": 773304,
                    "x2": 94080,
                    "y2": 88800,
                    "real_x2": 94240,
                    "real_y2": 89015,
                    "r2": 370,
                    "c2": 392,
                    "l2": 2,
                    "p2": -1,
                    "via": 0
                }
            ],
            "patch_num": 1,
            "patchs": [
                621
            ]
        },
        {
            "id": 3638,
            "feature": {
                "wire_width": 0,
                "wire_len": 0,
                "wire_density": 0.0,
                "drc_num": 0,
                "R": 0.0,
                "C": 0.0,
                "power": 0.0,
                "delay": 0.0,
                "slew": 0.0,
                "congestion": 0.0,
                "drc_type": []
            },
            "wire": {
                "id1": 194406,
                "x1": 89760,
                "y1": 86880,
                "real_x1": 89970,
                "real_y1": 87095,
                "r1": 362,
                "c1": 374,
                "l1": 0,
                "p1": 899,
                "id2": 768998,
                "x2": 89760,
                "y2": 86880,
                "real_x2": 89970,
                "real_y2": 87095,
                "r2": 362,
                "c2": 374,
                "l2": 2,
                "p2": -1,
                "via": 0
            },
            "path_num": 1,
            "paths": [
                {
                    "id1": 194406,
                    "x1": 89760,
                    "y1": 86880,
                    "real_x1": 89970,
                    "real_y1": 87095,
                    "r1": 362,
                    "c1": 374,
                    "l1": 0,
                    "p1": 899,
                    "id2": 768998,
                    "x2": 89760,
                    "y2": 86880,
                    "real_x2": 89970,
                    "real_y2": 87095,
                    "r2": 362,
                    "c2": 374,
                    "l2": 2,
                    "p2": -1,
                    "via": 0
                }
            ],
            "patch_num": 1,
            "patchs": [
                620
            ]
        },
        {
            "id": 3639,
            "feature": {
                "wire_width": 140,
                "wire_len": 6240,
                "wire_density": 5.2641203292669014e-05,
                "drc_num": 0,
                "R": 5.571428571428571,
                "C": 0.0002700774651199999,
                "power": 1.0933692865302565e-05,
                "delay": 0.01660328873424,
                "slew": 6.249300823352177e-09,
                "congestion": 13.5,
                "drc_type": []
            },
            "wire": {
                "id1": 773304,
                "x1": 94080,
                "y1": 88800,
                "real_x1": 94240,
                "real_y1": 89015,
                "r1": 370,
                "c1": 392,
                "l1": 2,
                "p1": -1,
                "id2": 768998,
                "x2": 89760,
                "y2": 86880,
                "real_x2": 89970,
                "real_y2": 87095,
                "r2": 362,
                "c2": 374,
                "l2": 2,
                "p2": -1
            },
            "path_num": 5,
            "paths": [
                {
                    "id1": 773304,
                    "x1": 94080,
                    "y1": 88800,
                    "real_x1": 94240,
                    "real_y1": 89015,
                    "r1": 370,
                    "c1": 392,
                    "l1": 2,
                    "p1": -1,
                    "id2": 773292,
                    "x2": 91200,
                    "y2": 88800,
                    "real_x2": 91200,
                    "real_y2": 89015,
                    "r2": 370,
                    "c2": 380,
                    "l2": 2,
                    "p2": -1
                },
                {
                    "id1": 773292,
                    "x1": 91200,
                    "y1": 88800,
                    "real_x1": 91200,
                    "real_y1": 89015,
                    "r1": 370,
                    "c1": 380,
                    "l1": 2,
                    "p1": -1,
                    "id2": 770612,
                    "x2": 91200,
                    "y2": 87600,
                    "real_x2": 91200,
                    "real_y2": 87600,
                    "r2": 365,
                    "c2": 380,
                    "l2": 2,
                    "p2": -1
                },
                {
                    "id1": 770612,
                    "x1": 91200,
                    "y1": 87600,
                    "real_x1": 91200,
                    "real_y1": 87600,
                    "r1": 365,
                    "c1": 380,