{
    "id": 244,
    "name": "dpath/a_mux/_055_",
    "feature": {
        "llx": 47760,
        "lly": 104640,
        "urx": 50160,
        "ury": 108240,
        "wire_len": 6240,
        "via_num": 4,
        "drc_num": 0,
        "drc_type": [],
        "R": 11.142857142857142,
        "C": 0.0034493459217600003,
        "power": 1.1122185302932407e-07,
        "delay": 0.017712301390234286,
        "slew": 0.00137669086694453,
        "aspect_ratio": 2,
        "width": 2400,
        "height": 3600,
        "area": 8640000,
        "volume": 17280000,
        "layer_ratio": [
            0.0,
            0.0,
            0.5,
            0.0,
            0.5,
            0.0,
            0.0,
            0.0,
            0.0,
            0.0,
            0.0
        ],
        "place_feature": {
            "pin_num": 2,
            "aspect_ratio": 1,
            "width": 2899,
            "height": 3535,
            "area": 10247965,
            "l_ness": 1.0,
            "hpwl": 6434,
            "rsmt": 6434
        }
    },
    "pin_num": 2,
    "pins": [
        {
            "id": 672,
            "i": "dpath/a_mux/_147_",
            "p": "Y",
            "driver": 1
        },
        {
            "id": 673,
            "i": "dpath/a_mux/_148_",
            "p": "B1",
            "driver": 0
        }
    ],
    "wire_num": 6,
    "wires": [
        {
            "id": 2648,
            "feature": {
                "wire_width": 140,
                "wire_len": 3120,
                "wire_density": null,
                "drc_num": 0,
                "R": 2.7857142857142856,
                "C": 0.00012679453832000007,
                "power": 2.271336174358986e-06,
                "delay": 0.008487499071034285,
                "slew": 3.313354868250684e-10,
                "congestion": 1.5,
                "drc_type": []
            },
            "wire": {
                "id1": 1383079,
                "x1": 47760,
                "y1": 104640,
                "real_x1": 47760,
                "real_y1": 104795,
                "r1": 436,
                "c1": 199,
                "l1": 4,
                "p1": -1,
                "id2": 1390047,
                "x2": 47760,
                "y2": 107760,
                "real_x2": 47760,
                "real_y2": 107760,
                "r2": 449,
                "c2": 199,
                "l2": 4,
                "p2": -1
            },
            "path_num": 1,
            "paths": [
                {
                    "id1": 1383079,
                    "x1": 47760,
                    "y1": 104640,
                    "real_x1": 47760,
                    "real_y1": 104795,
                    "r1": 436,
                    "c1": 199,
                    "l1": 4,
                    "p1": -1,
                    "id2": 1390047,
                    "x2": 47760,
                    "y2": 107760,
                    "real_x2": 47760,
                    "real_y2": 107760,
                    "r2": 449,
                    "c2": 199,
                    "l2": 4,
                    "p2": -1
                }
            ],
            "patch_num": 1,
            "patchs": [
                731
            ]
        },
        {
            "id": 2649,
            "feature": {
                "wire_width": 0,
                "wire_len": 0,
                "wire_density": 0.0,
                "drc_num": 0,
                "R": 0.0,
                "C": 0.00013787842256000014,
                "power": 2.4698875280709538e-06,
                "delay": 0.0,
                "slew": 0.0,
                "congestion": 0.0,
                "drc_type": []
            },
            "wire": {
                "id1": 815455,
                "x1": 47760,
                "y1": 107760,
                "real_x1": 47760,
                "real_y1": 107760,
                "r1": 449,
                "c1": 199,
                "l1": 2,
                "p1": -1,
                "id2": 1390047,
                "x2": 47760,
                "y2": 107760,
                "real_x2": 47760,
                "real_y2": 107760,
                "r2": 449,
                "c2": 199,
                "l2": 4,
                "p2": -1,
                "via": 5
            },
            "path_num": 1,
            "paths": [
                {
                    "id1": 815455,
                    "x1": 47760,
                    "y1": 107760,
                    "real_x1": 47760,
                    "real_y1": 107760,
                    "r1": 449,
                    "c1": 199,
                    "l1": 2,
                    "p1": -1,
                    "id2": 1390047,
                    "x2": 47760,
                    "y2": 107760,
                    "real_x2": 47760,
                    "real_y2": 107760,
                    "r2": 449,
                    "c2": 199,
                    "l2": 4,
                    "p2": -1,
                    "via": 5
                }
            ],
            "patch_num": 1,
            "patchs": [
                731
            ]
        },
        {
            "id": 2650,
            "feature": {
                "wire_width": 0,
                "wire_len": 0,
                "wire_density": 0.0,
                "drc_num": 0,
                "R": 0.0,
                "C": 0.0,
                "power": 0.0,
                "delay": 0.0,
                "slew": 0.0,
                "congestion": 0.0,
                "drc_type": []
            },
            "wire": {
                "id1": 233895,
                "x1": 47760,
                "y1": 104640,
                "real_x1": 47760,
                "real_y1": 104795,
                "r1": 436,
                "c1": 199,
                "l1": 0,
                "p1": 673,
                "id2": 808487,
                "x2": 47760,
                "y2": 104640,
                "real_x2": 47760,
                "real_y2": 104795,
                "r2": 436,
                "c2": 199,
                "l2": 2,
                "p2": -1,
                "via": 0
            },
            "path_num": 1,
            "paths": [
                {
                    "id1": 233895,
                    "x1": 47760,
                    "y1": 104640,
                    "real_x1": 47760,
                    "real_y1": 104795,
                    "r1": 436,
                    "c1": 199,
                    "l1": 0,
                    "p1": 673,
                    "id2": 808487,
                    "x2": 47760,
                    "y2": 104640,
                    "real_x2": 47760,
                    "real_y2": 104795,
                    "r2": 436,
                    "c2": 199,
                    "l2": 2,
                    "p2": -1,
                    "via": 0
                }
            ],
            "patch_num": 1,
            "patchs": [
                731
            ]
        },
        {
            "id": 2651,
            "feature": {
                "wire_width": 0,
                "wire_len": 0,
                "wire_density": 0.0,
                "drc_num": 0,
                "R": 0.0,
                "C": 0.0,
                "power": 0.0,
                "delay": 0.0,
                "slew": 0.0,
                "congestion": 0.0,
                "drc_type": []
            },
            "wire": {
                "id1": 241944,
                "x1": 49920,
                "y1": 108240,
                "real_x1": 50130,
                "real_y1": 108240,
                "r1": 451,
                "c1": 208,
                "l1": 0,
                "p1": 672,
                "id2": 816536,
                "x2": 49920,