{
    "id": 614,
    "name": "dpath/sub/_114_",
    "feature": {
        "llx": 106080,
        "lly": 4800,
        "urx": 108240,
        "ury": 8880,
        "wire_len": 6240,
        "via_num": 4,
        "drc_num": 0,
        "drc_type": [],
        "R": 11.142857142857142,
        "C": 0.0030641257499200002,
        "power": 2.7207983148634976e-07,
        "delay": 0.015580406099605714,
        "slew": 0.0012334807732110875,
        "aspect_ratio": 2,
        "width": 2160,
        "height": 4080,
        "area": 8812800,
        "volume": 17625600,
        "layer_ratio": [
            0.0,
            0.0,
            0.3499999940395355,
            0.0,
            0.6499999761581421,
            0.0,
            0.0,
            0.0,
            0.0,
            0.0,
            0.0
        ],
        "place_feature": {
            "pin_num": 2,
            "aspect_ratio": 2,
            "width": 2034,
            "height": 3254,
            "area": 6618636,
            "l_ness": 1.0,
            "hpwl": 5288,
            "rsmt": 5288
        }
    },
    "pin_num": 2,
    "pins": [
        {
            "id": 1609,
            "i": "dpath/sub/_134_",
            "p": "Y",
            "driver": 1
        },
        {
            "id": 1610,
            "i": "dpath/sub/_221_",
            "p": "A",
            "driver": 0
        }
    ],
    "wire_num": 7,
    "wires": [
        {
            "id": 6235,
            "feature": {
                "wire_width": 140,
                "wire_len": 1680,
                "wire_density": null,
                "drc_num": 0,
                "R": 1.4999999999999998,
                "C": 7.686347984000013e-05,
                "power": 3.7917291095488368e-06,
                "delay": 0.00448089340512,
                "slew": 5.920199747100341e-10,
                "congestion": 6.0,
                "drc_type": []
            },
            "wire": {
                "id1": 594866,
                "x1": 106080,
                "y1": 8880,
                "real_x1": 106260,
                "real_y1": 8945,
                "r1": 37,
                "c1": 442,
                "l1": 2,
                "p1": -1,
                "id2": 594873,
                "x2": 107760,
                "y2": 8880,
                "real_x2": 107760,
                "real_y2": 8945,
                "r2": 37,
                "c2": 449,
                "l2": 2,
                "p2": -1
            },
            "path_num": 1,
            "paths": [
                {
                    "id1": 594866,
                    "x1": 106080,
                    "y1": 8880,
                    "real_x1": 106260,
                    "real_y1": 8945,
                    "r1": 37,
                    "c1": 442,
                    "l1": 2,
                    "p1": -1,
                    "id2": 594873,
                    "x2": 107760,
                    "y2": 8880,
                    "real_x2": 107760,
                    "real_y2": 8945,
                    "r2": 37,
                    "c2": 449,
                    "l2": 2,
                    "p2": -1
                }
            ],
            "patch_num": 1,
            "patchs": [
                84
            ]
        },
        {
            "id": 6236,
            "feature": {
                "wire_width": 0,
                "wire_len": 0,
                "wire_density": 0.0,
                "drc_num": 0,
                "R": 0.0,
                "C": 2.601769423999983e-05,
                "power": 1.2834710166453997e-06,
                "delay": 0.0,
                "slew": 0.0,
                "congestion": 0.0,
                "drc_type": []
            },
            "wire": {
                "id1": 11171,
                "x1": 108240,
                "y1": 4800,
                "real_x1": 108240,
                "real_y1": 5025,
                "r1": 20,
                "c1": 451,
                "l1": 0,
                "p1": 1610,
                "id2": 585763,
                "x2": 108240,
                "y2": 4800,
                "real_x2": 108240,
                "real_y2": 5025,
                "r2": 20,
                "c2": 451,
                "l2": 2,
                "p2": -1,
                "via": 0
            },
            "path_num": 1,
            "paths": [
                {
                    "id1": 11171,
                    "x1": 108240,
                    "y1": 4800,
                    "real_x1": 108240,
                    "real_y1": 5025,
                    "r1": 20,
                    "c1": 451,
                    "l1": 0,
                    "p1": 1610,
                    "id2": 585763,
                    "x2": 108240,
                    "y2": 4800,
                    "real_x2": 108240,
                    "real_y2": 5025,
                    "r2": 20,
                    "c2": 451,
                    "l2": 2,
                    "p2": -1,
                    "via": 0
                }
            ],
            "patch_num": 1,
            "patchs": [
                55
            ]
        },
        {
            "id": 6237,
            "feature": {
                "wire_width": 0,
                "wire_len": 0,
                "wire_density": 0.0,
                "drc_num": 0,
                "R": 0.0,
                "C": 0.0,
                "power": 0.0,
                "delay": 0.0,
                "slew": 1.3877787807814457e-17,
                "congestion": 0.0,
                "drc_type": []
            },
            "wire": {
                "id1": 20274,
                "x1": 106080,
                "y1": 8880,
                "real_x1": 106260,
                "real_y1": 8945,
                "r1": 37,
                "c1": 442,
                "l1": 0,
                "p1": 1609,
                "id2": 594866,
                "x2": 106080,
                "y2": 8880,
                "real_x2": 106260,
                "real_y2": 8945,
                "r2": 37,
                "c2": 442,
                "l2": 2,
                "p2": -1,
                "via": 0
            },
            "path_num": 1,
            "paths": [
                {
                    "id1": 20274,
                    "x1": 106080,
                    "y1": 8880,
                    "real_x1": 106260,
                    "real_y1": 8945,
                    "r1": 37,
                    "c1": 442,
                    "l1": 0,
                    "p1": 1609,
                    "id2": 594866,
                    "x2": 106080,
                    "y2": 8880,
                    "real_x2": 106260,
                    "real_y2": 8945,
                    "r2": 37,
                    "c2": 442,
                    "l2": 2,
                    "p2": -1,
                    "via": 0
                }
            ],
            "patch_num": 1,
            "patchs": [
                84
            ]
        },
        {
            "id": 6238,
            "feature": {
                "wire_width": 0,
                "wire_len": 0,
                "wire_density": 0.0,
                "drc_num": 0,
                "R": 0.0,
                "C": 7.686347984000013e-05,
                "power": 3.7917291095488368e-06,
                "delay": 0.0,
                "slew": 0.0,
                "congestion": 0.0,
                "drc_type": []
            },
            "wire": {
                "id1": 594873,
                "x1": 107760,
                "y1": 8880,
                "real_x1": 107760,
                "real_y1": 8945,
                "r1": 37,
                "c1": 449,
                "l1": 2,
                "p1": -1,
                "id2": 1169465,