{
    "id": 672,
    "name": "req_msg[13]",
    "feature": {
        "llx": 122640,
        "lly": 480,
        "urx": 127920,
        "ury": 4800,
        "wire_len": 9600,
        "via_num": 5,
        "drc_num": 0,
        "drc_type": [],
        "R": 17.142857142857142,
        "C": 0.0033358586563200007,
        "power": 1.0808182046476803e-07,
        "delay": 0.02520616315124572,
        "slew": 0.024390897104934296,
        "aspect_ratio": 1,
        "width": 5280,
        "height": 4320,
        "area": 22809600,
        "volume": 45619200,
        "layer_ratio": [
            0.0,
            0.0,
            0.550000011920929,
            0.0,
            0.44999998807907104,
            0.0,
            0.0,
            0.0,
            0.0,
            0.0,
            0.0
        ],
        "place_feature": {
            "pin_num": 2,
            "aspect_ratio": 1,
            "width": 5383,
            "height": 4945,
            "area": 26618935,
            "l_ness": 1.0,
            "hpwl": 10328,
            "rsmt": 10328
        }
    },
    "pin_num": 2,
    "pins": [
        {
            "id": 1794,
            "i": "",
            "p": "req_msg[13]",
            "driver": 1
        },
        {
            "id": 1795,
            "i": "dpath/b_mux/_108_",
            "p": "A",
            "driver": 0
        }
    ],
    "wire_num": 7,
    "wires": [
        {
            "id": 6791,
            "feature": {
                "wire_width": 0,
                "wire_len": 0,
                "wire_density": 0.0,
                "drc_num": 0,
                "R": 0.0,
                "C": 0.0001735284915200001,
                "power": 3.1235128473600012e-06,
                "delay": 0.0,
                "slew": 0.0,
                "congestion": 0.0,
                "drc_type": []
            },
            "wire": {
                "id1": 585845,
                "x1": 127920,
                "y1": 4800,
                "real_x1": 127920,
                "real_y1": 5025,
                "r1": 20,
                "c1": 533,
                "l1": 2,
                "p1": -1,
                "id2": 1160437,
                "x2": 127920,
                "y2": 4800,
                "real_x2": 127920,
                "real_y2": 5025,
                "r2": 20,
                "c2": 533,
                "l2": 4,
                "p2": -1,
                "via": 5
            },
            "path_num": 1,
            "paths": [
                {
                    "id1": 585845,
                    "x1": 127920,
                    "y1": 4800,
                    "real_x1": 127920,
                    "real_y1": 5025,
                    "r1": 20,
                    "c1": 533,
                    "l1": 2,
                    "p1": -1,
                    "id2": 1160437,
                    "x2": 127920,
                    "y2": 4800,
                    "real_x2": 127920,
                    "real_y2": 5025,
                    "r2": 20,
                    "c2": 533,
                    "l2": 4,
                    "p2": -1,
                    "via": 5
                }
            ],
            "patch_num": 1,
            "patchs": [
                59
            ]
        },
        {
            "id": 6792,
            "feature": {
                "wire_width": 140,
                "wire_len": 4320,
                "wire_density": 3.644390997184778e-05,
                "drc_num": 0,
                "R": 3.857142857142857,
                "C": 0.0001735284915200001,
                "power": 3.1235128473600012e-06,
                "delay": 0.012197559207085717,
                "slew": 2.0632306827097087e-05,
                "congestion": -8.0,
                "drc_type": []
            },
            "wire": {
                "id1": 1150789,
                "x1": 127920,
                "y1": 480,
                "real_x1": 127920,
                "real_y1": 500,
                "r1": 2,
                "c1": 533,
                "l1": 4,
                "p1": -1,
                "id2": 1160437,
                "x2": 127920,
                "y2": 4800,
                "real_x2": 127920,
                "real_y2": 5025,
                "r2": 20,
                "c2": 533,
                "l2": 4,
                "p2": -1
            },
            "path_num": 1,
            "paths": [
                {
                    "id1": 1150789,
                    "x1": 127920,
                    "y1": 480,
                    "real_x1": 127920,
                    "real_y1": 500,
                    "r1": 2,
                    "c1": 533,
                    "l1": 4,
                    "p1": -1,
                    "id2": 1160437,
                    "x2": 127920,
                    "y2": 4800,
                    "real_x2": 127920,
                    "real_y2": 5025,
                    "r2": 20,
                    "c2": 533,
                    "l2": 4,
                    "p2": -1
                }
            ],
            "patch_num": 2,
            "patchs": [
                29,
                59
            ]
        },
        {
            "id": 6793,
            "feature": {
                "wire_width": 0,
                "wire_len": 0,
                "wire_density": 0.0,
                "drc_num": 0,
                "R": 0.0,
                "C": 0.0,
                "power": 0.0,
                "delay": 0.0,
                "slew": 0.0,
                "congestion": 0.0,
                "drc_type": []
            },
            "wire": {
                "id1": 1150789,
                "x1": 127920,
                "y1": 480,
                "real_x1": 127920,
                "real_y1": 500,
                "r1": 2,
                "c1": 533,
                "l1": 4,
                "p1": -1,
                "id2": 1725381,
                "x2": 127920,
                "y2": 480,
                "real_x2": 127920,
                "real_y2": 500,
                "r2": 2,
                "c2": 533,
                "l2": 6,
                "p2": -1,
                "via": 10
            },
            "path_num": 1,
            "paths": [
                {
                    "id1": 1150789,
                    "x1": 127920,
                    "y1": 480,
                    "real_x1": 127920,
                    "real_y1": 500,
                    "r1": 2,
                    "c1": 533,
                    "l1": 4,
                    "p1": -1,
                    "id2": 1725381,
                    "x2": 127920,
                    "y2": 480,
                    "real_x2": 127920,
                    "real_y2": 500,
                    "r2": 2,
                    "c2": 533,
                    "l2": 6,
                    "p2": -1,
                    "via": 10
                }
            ],
            "patch_num": 1,
            "patchs": [
                29
            ]
        },
        {
            "id": 6794,
            "feature": {
                "wire_width": 0,
                "wire_len": 0,
                "wire_density": 0.0,
                "drc_num": 0,
                "R": 0.0,
                "C": 0.0,
                "power": 0.0,
                "delay": 0.0,
                "slew": 0.0,
                "congestion": 0.0,
                "drc_type": []
            },
            "wire": {
                "id1": 1725381,
                "x1": 127920,
                "y1": 480,
                "real_x1": 127920,
                "real_y1": 500,
                "r1": 2,
                "c1": 533,
                "l1": 6,
                "p1": -1,
                "id2": 2299973,
                "x2": 127920,