{
    "id": 360,
    "name": "dpath/b_mux/_001_",
    "feature": {
        "llx": 13680,
        "lly": 95040,
        "urx": 21600,
        "ury": 99120,
        "wire_len": 12480,
        "via_num": 4,
        "drc_num": 0,
        "drc_type": [],
        "R": 22.285714285714285,
        "C": 0.00411156316016,
        "power": 2.623783182931074e-07,
        "delay": 0.03986995794612,
        "slew": 0.015531793702598724,
        "aspect_ratio": 2,
        "width": 7920,
        "height": 4080,
        "area": 32313600,
        "volume": 64627200,
        "layer_ratio": [
            0.0,
            0.0,
            0.6700000166893005,
            0.0,
            0.33000001311302185,
            0.0,
            0.0,
            0.0,
            0.0,
            0.0,
            0.0
        ],
        "place_feature": {
            "pin_num": 2,
            "aspect_ratio": 3,
            "width": 8242,
            "height": 2903,
            "area": 23926526,
            "l_ness": 1.0,
            "hpwl": 11145,
            "rsmt": 11145
        }
    },
    "pin_num": 2,
    "pins": [
        {
            "id": 968,
            "i": "dpath/b_mux/_098_",
            "p": "X",
            "driver": 1
        },
        {
            "id": 969,
            "i": "dpath/b_mux/_061_",
            "p": "A0",
            "driver": 0
        }
    ],
    "wire_num": 6,
    "wires": [
        {
            "id": 3912,
            "feature": {
                "wire_width": 0,
                "wire_len": 0,
                "wire_density": 0.0,
                "drc_num": 0,
                "R": 0.0,
                "C": 0.0,
                "power": 0.0,
                "delay": 0.0,
                "slew": 0.0,
                "congestion": 0.0,
                "drc_type": []
            },
            "wire": {
                "id1": 212313,
                "x1": 13680,
                "y1": 95040,
                "real_x1": 13680,
                "real_y1": 95205,
                "r1": 396,
                "c1": 57,
                "l1": 0,
                "p1": 969,
                "id2": 786905,
                "x2": 13680,
                "y2": 95040,
                "real_x2": 13680,
                "real_y2": 95205,
                "r2": 396,
                "c2": 57,
                "l2": 2,
                "p2": -1,
                "via": 0
            },
            "path_num": 1,
            "paths": [
                {
                    "id1": 212313,
                    "x1": 13680,
                    "y1": 95040,
                    "real_x1": 13680,
                    "real_y1": 95205,
                    "r1": 396,
                    "c1": 57,
                    "l1": 0,
                    "p1": 969,
                    "id2": 786905,
                    "x2": 13680,
                    "y2": 95040,
                    "real_x2": 13680,
                    "real_y2": 95205,
                    "r2": 396,
                    "c2": 57,
                    "l2": 2,
                    "p2": -1,
                    "via": 0
                }
            ],
            "patch_num": 1,
            "patchs": [
                663
            ]
        },
        {
            "id": 3913,
            "feature": {
                "wire_width": 0,
                "wire_len": 0,
                "wire_density": 0.0,
                "drc_num": 0,
                "R": 0.0,
                "C": 0.0,
                "power": 0.0,
                "delay": 0.0,
                "slew": 0.0,
                "congestion": 0.0,
                "drc_type": []
            },
            "wire": {
                "id1": 220386,
                "x1": 21600,
                "y1": 98640,
                "real_x1": 21810,
                "real_y1": 98640,
                "r1": 411,
                "c1": 90,
                "l1": 0,
                "p1": 968,
                "id2": 794978,
                "x2": 21600,
                "y2": 98640,
                "real_x2": 21810,
                "real_y2": 98640,
                "r2": 411,
                "c2": 90,
                "l2": 2,
                "p2": -1,
                "via": 0
            },
            "path_num": 1,
            "paths": [
                {
                    "id1": 220386,
                    "x1": 21600,
                    "y1": 98640,
                    "real_x1": 21810,
                    "real_y1": 98640,
                    "r1": 411,
                    "c1": 90,
                    "l1": 0,
                    "p1": 968,
                    "id2": 794978,
                    "x2": 21600,
                    "y2": 98640,
                    "real_x2": 21810,
                    "real_y2": 98640,
                    "r2": 411,
                    "c2": 90,
                    "l2": 2,
                    "p2": -1,
                    "via": 0
                }
            ],
            "patch_num": 1,
            "patchs": [
                665
            ]
        },
        {
            "id": 3914,
            "feature": {
                "wire_width": 0,
                "wire_len": 0,
                "wire_density": 0.0,
                "drc_num": 0,
                "R": 0.0,
                "C": 0.0003615998791999999,
                "power": 1.2819667160332757e-05,
                "delay": 0.0,
                "slew": 0.0,
                "congestion": 0.0,
                "drc_type": []
            },
            "wire": {
                "id1": 796017,
                "x1": 13680,
                "y1": 99120,
                "real_x1": 13680,
                "real_y1": 99120,
                "r1": 413,
                "c1": 57,
                "l1": 2,
                "p1": -1,
                "id2": 1370609,
                "x2": 13680,
                "y2": 99120,
                "real_x2": 13680,
                "real_y2": 99120,
                "r2": 413,
                "c2": 57,
                "l2": 4,
                "p2": -1,
                "via": 5
            },
            "path_num": 1,
            "paths": [
                {
                    "id1": 796017,
                    "x1": 13680,
                    "y1": 99120,
                    "real_x1": 13680,
                    "real_y1": 99120,
                    "r1": 413,
                    "c1": 57,
                    "l1": 2,
                    "p1": -1,
                    "id2": 1370609,
                    "x2": 13680,
                    "y2": 99120,
                    "real_x2": 13680,
                    "real_y2": 99120,
                    "r2": 413,
                    "c2": 57,
                    "l2": 4,
                    "p2": -1,
                    "via": 5
                }
            ],
            "patch_num": 1,
            "patchs": [
                663
            ]
        },
        {
            "id": 3915,
            "feature": {
                "wire_width": 140,
                "wire_len": 4080,
                "wire_density": 3.4419248306745123e-05,
                "drc_num": 0,
                "R": 3.6428571428571423,
                "C": 0.0001641817008800001,
                "power": 5.820673291582543e-06,
                "delay": 0.01174523333892,
                "slew": 1.706251653854629e-09,
                "congestion": -1.0,
                "drc_type": []
            },
            "wire": {
                "id1": 1361497,
                "x1": 13680,
                "y1": 95040,
                "real_x1": 13680,
                "real_y1": 95205,
                "r1": 396,
                "c1": 57,
                "l1": 4,
                "p1": -1,