{
    "id": 242,
    "name": "dpath/a_mux/_053_",
    "feature": {
        "llx": 39120,
        "lly": 84480,
        "urx": 40560,
        "ury": 88080,
        "wire_len": 5280,
        "via_num": 4,
        "drc_num": 0,
        "drc_type": [],
        "R": 9.428571428571427,
        "C": 0.0033760619588800002,
        "power": 9.128554436044795e-08,
        "delay": 0.014842185178645712,
        "slew": 0.0009878761243682782,
        "aspect_ratio": 3,
        "width": 1440,
        "height": 3600,
        "area": 5184000,
        "volume": 10368000,
        "layer_ratio": [
            0.0,
            0.0,
            0.3199999928474426,
            0.0,
            0.6800000071525574,
            0.0,
            0.0,
            0.0,
            0.0,
            0.0,
            0.0
        ],
        "place_feature": {
            "pin_num": 2,
            "aspect_ratio": 2,
            "width": 1939,
            "height": 3535,
            "area": 6854365,
            "l_ness": 1.0,
            "hpwl": 5474,
            "rsmt": 5474
        }
    },
    "pin_num": 2,
    "pins": [
        {
            "id": 668,
            "i": "dpath/a_mux/_144_",
            "p": "Y",
            "driver": 1
        },
        {
            "id": 669,
            "i": "dpath/a_mux/_145_",
            "p": "B1",
            "driver": 0
        }
    ],
    "wire_num": 7,
    "wires": [
        {
            "id": 2626,
            "feature": {
                "wire_width": 0,
                "wire_len": 0,
                "wire_density": 0.0,
                "drc_num": 0,
                "R": 0.0,
                "C": 6.669432271999998e-05,
                "power": 1.0018621349371638e-06,
                "delay": 0.0,
                "slew": 0.0,
                "congestion": 0.0,
                "drc_type": []
            },
            "wire": {
                "id1": 188835,
                "x1": 39120,
                "y1": 84480,
                "real_x1": 39120,
                "real_y1": 84685,
                "r1": 352,
                "c1": 163,
                "l1": 0,
                "p1": 669,
                "id2": 763427,
                "x2": 39120,
                "y2": 84480,
                "real_x2": 39120,
                "real_y2": 84685,
                "r2": 352,
                "c2": 163,
                "l2": 2,
                "p2": -1,
                "via": 0
            },
            "path_num": 1,
            "paths": [
                {
                    "id1": 188835,
                    "x1": 39120,
                    "y1": 84480,
                    "real_x1": 39120,
                    "real_y1": 84685,
                    "r1": 352,
                    "c1": 163,
                    "l1": 0,
                    "p1": 669,
                    "id2": 763427,
                    "x2": 39120,
                    "y2": 84480,
                    "real_x2": 39120,
                    "real_y2": 84685,
                    "r2": 352,
                    "c2": 163,
                    "l2": 2,
                    "p2": -1,
                    "via": 0
                }
            ],
            "patch_num": 1,
            "patchs": [
                579
            ]
        },
        {
            "id": 2627,
            "feature": {
                "wire_width": 0,
                "wire_len": 0,
                "wire_density": 0.0,
                "drc_num": 0,
                "R": 0.0,
                "C": 1.5848537120000117e-05,
                "power": 2.3807197655089952e-07,
                "delay": 0.0,
                "slew": 0.0,
                "congestion": 0.0,
                "drc_type": []
            },
            "wire": {
                "id1": 771473,
                "x1": 40560,
                "y1": 88080,
                "real_x1": 40560,
                "real_y1": 88080,
                "r1": 367,
                "c1": 169,
                "l1": 2,
                "p1": -1,
                "id2": 1346065,
                "x2": 40560,
                "y2": 88080,
                "real_x2": 40560,
                "real_y2": 88080,
                "r2": 367,
                "c2": 169,
                "l2": 4,
                "p2": -1,
                "via": 5
            },
            "path_num": 1,
            "paths": [
                {
                    "id1": 771473,
                    "x1": 40560,
                    "y1": 88080,
                    "real_x1": 40560,
                    "real_y1": 88080,
                    "r1": 367,
                    "c1": 169,
                    "l1": 2,
                    "p1": -1,
                    "id2": 1346065,
                    "x2": 40560,
                    "y2": 88080,
                    "real_x2": 40560,
                    "real_y2": 88080,
                    "r2": 367,
                    "c2": 169,
                    "l2": 4,
                    "p2": -1,
                    "via": 5
                }
            ],
            "patch_num": 1,
            "patchs": [
                609
            ]
        },
        {
            "id": 2628,
            "feature": {
                "wire_width": 140,
                "wire_len": 3600,
                "wire_density": 3.0369924976539817e-05,
                "drc_num": 0,
                "R": 3.214285714285714,
                "C": 0.00014548811960000008,
                "power": 2.1854789458224756e-06,
                "delay": 0.01028210388762857,
                "slew": 8.332529666255084e-10,
                "congestion": 1.0,
                "drc_type": []
            },
            "wire": {
                "id1": 1338025,
                "x1": 40560,
                "y1": 84480,
                "real_x1": 40560,
                "real_y1": 84685,
                "r1": 352,
                "c1": 169,
                "l1": 4,
                "p1": -1,
                "id2": 1346065,
                "x2": 40560,
                "y2": 88080,
                "real_x2": 40560,
                "real_y2": 88080,
                "r2": 367,
                "c2": 169,
                "l2": 4,
                "p2": -1
            },
            "path_num": 1,
            "paths": [
                {
                    "id1": 1338025,
                    "x1": 40560,
                    "y1": 84480,
                    "real_x1": 40560,
                    "real_y1": 84685,
                    "r1": 352,
                    "c1": 169,
                    "l1": 4,
                    "p1": -1,
                    "id2": 1346065,
                    "x2": 40560,
                    "y2": 88080,
                    "real_x2": 40560,
                    "real_y2": 88080,
                    "r2": 367,
                    "c2": 169,
                    "l2": 4,
                    "p2": -1
                }
            ],
            "patch_num": 2,
            "patchs": [
                579,
                609
            ]
        },
        {
            "id": 2629,
            "feature": {
                "wire_width": 0,
                "wire_len": 0,
                "wire_density": 0.0,
                "drc_num": 0,
                "R": 0.0,
                "C": 0.0,
                "power": 0.0,
                "delay": 0.0,
                "slew": 0.0,
                "congestion": 0.0,
                "drc_type": []
            },
            "wire": {
                "id1": 196880,
                "x1": 40320,
                "y1": 88080,
                "real_x1": 40530,
                "real_y1": 88080,
                "r1": 367,
                "c1": 168,
                "l1": 0,