{
    "id": 389,
    "name": "dpath/b_mux/_030_",
    "feature": {
        "llx": 720,
        "lly": 68640,
        "urx": 2880,
        "ury": 74640,
        "wire_len": 9840,
        "via_num": 4,
        "drc_num": 0,
        "drc_type": [],
        "R": 17.57142857142857,
        "C": 0.0035360425998400007,
        "power": 1.1456778023481603e-07,
        "delay": 0.027442084358725718,
        "slew": 0.02658994135735526,
        "aspect_ratio": 3,
        "width": 2160,
        "height": 6000,
        "area": 12960000,
        "volume": 25920000,
        "layer_ratio": [
            0.0,
            0.0,
            0.38999998569488525,
            0.0,
            0.6100000143051147,
            0.0,
            0.0,
            0.0,
            0.0,
            0.0,
            0.0
        ],
        "place_feature": {
            "pin_num": 2,
            "aspect_ratio": 8,
            "width": 769,
            "height": 6283,
            "area": 4831627,
            "l_ness": 1.0,
            "hpwl": 7052,
            "rsmt": 7052
        }
    },
    "pin_num": 2,
    "pins": [
        {
            "id": 1026,
            "i": "dpath/b_mux/_093_",
            "p": "X",
            "driver": 1
        },
        {
            "id": 1027,
            "i": "dpath/b_mux/_059_",
            "p": "A1",
            "driver": 0
        }
    ],
    "wire_num": 7,
    "wires": [
        {
            "id": 4139,
            "feature": {
                "wire_width": 140,
                "wire_len": 6000,
                "wire_density": null,
                "drc_num": 0,
                "R": 5.357142857142857,
                "C": 0.00023895602600000013,
                "power": 4.301208468000002e-06,
                "delay": 0.016839426504428573,
                "slew": 1.0823942697247508e-05,
                "congestion": -4.666666666666667,
                "drc_type": []
            },
            "wire": {
                "id1": 1302483,
                "x1": 720,
                "y1": 68640,
                "real_x1": 720,
                "real_y1": 68865,
                "r1": 286,
                "c1": 3,
                "l1": 4,
                "p1": -1,
                "id2": 1315883,
                "x2": 720,
                "y2": 74640,
                "real_x2": 720,
                "real_y2": 74640,
                "r2": 311,
                "c2": 3,
                "l2": 4,
                "p2": -1
            },
            "path_num": 1,
            "paths": [
                {
                    "id1": 1302483,
                    "x1": 720,
                    "y1": 68640,
                    "real_x1": 720,
                    "real_y1": 68865,
                    "r1": 286,
                    "c1": 3,
                    "l1": 4,
                    "p1": -1,
                    "id2": 1315883,
                    "x2": 720,
                    "y2": 74640,
                    "real_x2": 720,
                    "real_y2": 74640,
                    "r2": 311,
                    "c2": 3,
                    "l2": 4,
                    "p2": -1
                }
            ],
            "patch_num": 3,
            "patchs": [
                450,
                480,
                510
            ]
        },
        {
            "id": 4140,
            "feature": {
                "wire_width": 0,
                "wire_len": 0,
                "wire_density": 0.0,
                "drc_num": 0,
                "R": 0.0,
                "C": 9.720179407999999e-05,
                "power": 1.7496322934399975e-06,
                "delay": 0.0,
                "slew": 0.0,
                "congestion": 0.0,
                "drc_type": []
            },
            "wire": {
                "id1": 153308,
                "x1": 2880,
                "y1": 68640,
                "real_x1": 3040,
                "real_y1": 68865,
                "r1": 286,
                "c1": 12,
                "l1": 0,
                "p1": 1027,
                "id2": 727900,
                "x2": 2880,
                "y2": 68640,
                "real_x2": 3040,
                "real_y2": 68865,
                "r2": 286,
                "c2": 12,
                "l2": 2,
                "p2": -1,
                "via": 0
            },
            "path_num": 1,
            "paths": [
                {
                    "id1": 153308,
                    "x1": 2880,
                    "y1": 68640,
                    "real_x1": 3040,
                    "real_y1": 68865,
                    "r1": 286,
                    "c1": 12,
                    "l1": 0,
                    "p1": 1027,
                    "id2": 727900,
                    "x2": 2880,
                    "y2": 68640,
                    "real_x2": 3040,
                    "real_y2": 68865,
                    "r2": 286,
                    "c2": 12,
                    "l2": 2,
                    "p2": -1,
                    "via": 0
                }
            ],
            "patch_num": 1,
            "patchs": [
                450
            ]
        },
        {
            "id": 4141,
            "feature": {
                "wire_width": 0,
                "wire_len": 0,
                "wire_density": 0.0,
                "drc_num": 0,
                "R": 0.0,
                "C": 7.686347984000013e-05,
                "power": 1.3835426371199949e-06,
                "delay": 0.0,
                "slew": 0.0,
                "congestion": 0.0,
                "drc_type": []
            },
            "wire": {
                "id1": 741291,
                "x1": 720,
                "y1": 74640,
                "real_x1": 720,
                "real_y1": 74640,
                "r1": 311,
                "c1": 3,
                "l1": 2,
                "p1": -1,
                "id2": 1315883,
                "x2": 720,
                "y2": 74640,
                "real_x2": 720,
                "real_y2": 74640,
                "r2": 311,
                "c2": 3,
                "l2": 4,
                "p2": -1,
                "via": 5
            },
            "path_num": 1,
            "paths": [
                {
                    "id1": 741291,
                    "x1": 720,
                    "y1": 74640,
                    "real_x1": 720,
                    "real_y1": 74640,
                    "r1": 311,
                    "c1": 3,
                    "l1": 2,
                    "p1": -1,
                    "id2": 1315883,
                    "x2": 720,
                    "y2": 74640,
                    "real_x2": 720,
                    "real_y2": 74640,
                    "r2": 311,
                    "c2": 3,
                    "l2": 4,
                    "p2": -1,
                    "via": 5
                }
            ],
            "patch_num": 1,
            "patchs": [
                510
            ]
        },
        {
            "id": 4142,
            "feature": {
                "wire_width": 140,
                "wire_len": 2160,
                "wire_density": null,
                "drc_num": 0,
                "R": 1.928571428571428,
                "C": 9.720179407999999e-05,
                "power": 1.7496322934399975e-06,
                "delay": 0.005413889174297144,
                "slew": 5.5698560131365e-07,
                "congestion": 1.0,
                "drc_type": []
            },
            "wire": {
                "id1": 727891,
                "x1": 720,
                "y1": 68640,
                "real_x1": 720,
                "real_y1": 68865,
                "r1": 286,
                "c1": 3,