{
    "id": 390,
    "name": "dpath/b_mux/_031_",
    "feature": {
        "llx": 2880,
        "lly": 75120,
        "urx": 7440,
        "ury": 78720,
        "wire_len": 8160,
        "via_num": 4,
        "drc_num": 0,
        "drc_type": [],
        "R": 14.57142857142857,
        "C": 0.0033987629697600007,
        "power": 1.1011992022022405e-07,
        "delay": 0.02220639520266857,
        "slew": 0.021619102521699726,
        "aspect_ratio": 1,
        "width": 4560,
        "height": 3600,
        "area": 16416000,
        "volume": 32832000,
        "layer_ratio": [
            0.0,
            0.0,
            0.5600000023841858,
            0.0,
            0.4399999976158142,
            0.0,
            0.0,
            0.0,
            0.0,
            0.0,
            0.0
        ],
        "place_feature": {
            "pin_num": 2,
            "aspect_ratio": 1,
            "width": 3649,
            "height": 2699,
            "area": 9848651,
            "l_ness": 1.0,
            "hpwl": 6348,
            "rsmt": 6348
        }
    },
    "pin_num": 2,
    "pins": [
        {
            "id": 1028,
            "i": "dpath/b_mux/_096_",
            "p": "X",
            "driver": 1
        },
        {
            "id": 1029,
            "i": "dpath/b_mux/_060_",
            "p": "A1",
            "driver": 0
        }
    ],
    "wire_num": 6,
    "wires": [
        {
            "id": 4146,
            "feature": {
                "wire_width": 0,
                "wire_len": 0,
                "wire_density": 0.0,
                "drc_num": 0,
                "R": 0.0,
                "C": 0.0,
                "power": 0.0,
                "delay": 0.0,
                "slew": 0.0,
                "congestion": 0.0,
                "drc_type": []
            },
            "wire": {
                "id1": 167799,
                "x1": 7440,
                "y1": 75120,
                "real_x1": 7500,
                "real_y1": 75125,
                "r1": 313,
                "c1": 31,
                "l1": 0,
                "p1": 1029,
                "id2": 742391,
                "x2": 7440,
                "y2": 75120,
                "real_x2": 7500,
                "real_y2": 75125,
                "r2": 313,
                "c2": 31,
                "l2": 2,
                "p2": -1,
                "via": 0
            },
            "path_num": 1,
            "paths": [
                {
                    "id1": 167799,
                    "x1": 7440,
                    "y1": 75120,
                    "real_x1": 7500,
                    "real_y1": 75125,
                    "r1": 313,
                    "c1": 31,
                    "l1": 0,
                    "p1": 1029,
                    "id2": 742391,
                    "x2": 7440,
                    "y2": 75120,
                    "real_x2": 7500,
                    "real_y2": 75125,
                    "r2": 313,
                    "c2": 31,
                    "l2": 2,
                    "p2": -1,
                    "via": 0
                }
            ],
            "patch_num": 1,
            "patchs": [
                511
            ]
        },
        {
            "id": 4147,
            "feature": {
                "wire_width": 0,
                "wire_len": 0,
                "wire_density": 0.0,
                "drc_num": 0,
                "R": 0.0,
                "C": 0.00019889336528000016,
                "power": 3.580080575040004e-06,
                "delay": 0.0,
                "slew": 0.0,
                "congestion": 0.0,
                "drc_type": []
            },
            "wire": {
                "id1": 750431,
                "x1": 7440,
                "y1": 78720,
                "real_x1": 7440,
                "real_y1": 78950,
                "r1": 328,
                "c1": 31,
                "l1": 2,
                "p1": -1,
                "id2": 1325023,
                "x2": 7440,
                "y2": 78720,
                "real_x2": 7440,
                "real_y2": 78950,
                "r2": 328,
                "c2": 31,
                "l2": 4,
                "p2": -1,
                "via": 5
            },
            "path_num": 1,
            "paths": [
                {
                    "id1": 750431,
                    "x1": 7440,
                    "y1": 78720,
                    "real_x1": 7440,
                    "real_y1": 78950,
                    "r1": 328,
                    "c1": 31,
                    "l1": 2,
                    "p1": -1,
                    "id2": 1325023,
                    "x2": 7440,
                    "y2": 78720,
                    "real_x2": 7440,
                    "real_y2": 78950,
                    "r2": 328,
                    "c2": 31,
                    "l2": 4,
                    "p2": -1,
                    "via": 5
                }
            ],
            "patch_num": 1,
            "patchs": [
                541
            ]
        },
        {
            "id": 4148,
            "feature": {
                "wire_width": 0,
                "wire_len": 0,
                "wire_density": 0.0,
                "drc_num": 0,
                "R": 0.0,
                "C": 0.00014548811960000008,
                "power": 2.618786152799998e-06,
                "delay": 0.0,
                "slew": 0.0,
                "congestion": 0.0,
                "drc_type": []
            },
            "wire": {
                "id1": 742391,
                "x1": 7440,
                "y1": 75120,
                "real_x1": 7500,
                "real_y1": 75125,
                "r1": 313,
                "c1": 31,
                "l1": 2,
                "p1": -1,
                "id2": 1316983,
                "x2": 7440,
                "y2": 75120,
                "real_x2": 7440,
                "real_y2": 75125,
                "r2": 313,
                "c2": 31,
                "l2": 4,
                "p2": -1,
                "via": 5
            },
            "path_num": 1,
            "paths": [
                {
                    "id1": 742391,
                    "x1": 7440,
                    "y1": 75120,
                    "real_x1": 7500,
                    "real_y1": 75125,
                    "r1": 313,
                    "c1": 31,
                    "l1": 2,
                    "p1": -1,
                    "id2": 1316983,
                    "x2": 7440,
                    "y2": 75120,
                    "real_x2": 7440,
                    "real_y2": 75125,
                    "r2": 313,
                    "c2": 31,
                    "l2": 4,
                    "p2": -1,
                    "via": 5
                }
            ],
            "patch_num": 1,
            "patchs": [
                511
            ]
        },
        {
            "id": 4150,
            "feature": {
                "wire_width": 140,
                "wire_len": 3600,
                "wire_density": 3.0369924976539817e-05,
                "drc_num": 0,
                "R": 3.2142857142857144,
                "C": 0.00014548811960000008,
                "power": 2.618786152800005e-06,
                "delay": 0.009178354670142858,
                "slew": 2.0450533904435605e-06,
                "congestion": -2.5,
                "drc_type": []
            },
            "wire": {
                "id1": 1316983,
                "x1": 7440,
                "y1": 75120,
                "real_x1": 7440,
                "real_y1": 75125,
                "r1": 313,
                "c1": 31,
                "l1": 4,