{
    "id": 217,
    "name": "dpath/a_mux/_028_",
    "feature": {
        "llx": 72480,
        "lly": 61680,
        "urx": 72720,
        "ury": 65520,
        "wire_len": 4080,
        "via_num": 4,
        "drc_num": 0,
        "drc_type": [],
        "R": 7.285714285714285,
        "C": 0.0031113668947200003,
        "power": 2.87494462912022e-07,
        "delay": 0.010691330768879997,
        "slew": 0.001628571663545464,
        "aspect_ratio": 16,
        "width": 240,
        "height": 3840,
        "area": 921600,
        "volume": 1843200,
        "layer_ratio": [
            0.0,
            0.0,
            0.05999999865889549,
            0.0,
            0.9399999976158142,
            0.0,
            0.0,
            0.0,
            0.0,
            0.0,
            0.0
        ],
        "place_feature": {
            "pin_num": 2,
            "aspect_ratio": 13,
            "width": 242,
            "height": 3103,
            "area": 750926,
            "l_ness": 1.0,
            "hpwl": 3345,
            "rsmt": 3345
        }
    },
    "pin_num": 2,
    "pins": [
        {
            "id": 618,
            "i": "dpath/a_mux/_185_",
            "p": "X",
            "driver": 1
        },
        {
            "id": 619,
            "i": "dpath/a_mux/_129_",
            "p": "A2",
            "driver": 0
        }
    ],
    "wire_num": 6,
    "wires": [
        {
            "id": 2418,
            "feature": {
                "wire_width": 0,
                "wire_len": 0,
                "wire_density": 0.0,
                "drc_num": 0,
                "R": 0.0,
                "C": 1.5848537120000117e-05,
                "power": 8.135700162644486e-07,
                "delay": 0.0,
                "slew": 0.0,
                "congestion": 0.0,
                "drc_type": []
            },
            "wire": {
                "id1": 721223,
                "x1": 72720,
                "y1": 65520,
                "real_x1": 72720,
                "real_y1": 65520,
                "r1": 273,
                "c1": 303,
                "l1": 2,
                "p1": -1,
                "id2": 1295815,
                "x2": 72720,
                "y2": 65520,
                "real_x2": 72720,
                "real_y2": 65520,
                "r2": 273,
                "c2": 303,
                "l2": 4,
                "p2": -1,
                "via": 5
            },
            "path_num": 1,
            "paths": [
                {
                    "id1": 721223,
                    "x1": 72720,
                    "y1": 65520,
                    "real_x1": 72720,
                    "real_y1": 65520,
                    "r1": 273,
                    "c1": 303,
                    "l1": 2,
                    "p1": -1,
                    "id2": 1295815,
                    "x2": 72720,
                    "y2": 65520,
                    "real_x2": 72720,
                    "real_y2": 65520,
                    "r2": 273,
                    "c2": 303,
                    "l2": 4,
                    "p2": -1,
                    "via": 5
                }
            ],
            "patch_num": 1,
            "patchs": [
                466
            ]
        },
        {
            "id": 2419,
            "feature": {
                "wire_width": 0,
                "wire_len": 0,
                "wire_density": 0.0,
                "drc_num": 0,
                "R": 0.0,
                "C": 0.0,
                "power": 0.0,
                "delay": 0.0,
                "slew": 0.0,
                "congestion": 0.0,
                "drc_type": []
            },
            "wire": {
                "id1": 146630,
                "x1": 72480,
                "y1": 65520,
                "real_x1": 72690,
                "real_y1": 65520,
                "r1": 273,
                "c1": 302,
                "l1": 0,
                "p1": 618,
                "id2": 721222,
                "x2": 72480,
                "y2": 65520,
                "real_x2": 72690,
                "real_y2": 65520,
                "r2": 273,
                "c2": 302,
                "l2": 2,
                "p2": -1,
                "via": 0
            },
            "path_num": 1,
            "paths": [
                {
                    "id1": 146630,
                    "x1": 72480,
                    "y1": 65520,
                    "real_x1": 72690,
                    "real_y1": 65520,
                    "r1": 273,
                    "c1": 302,
                    "l1": 0,
                    "p1": 618,
                    "id2": 721222,
                    "x2": 72480,
                    "y2": 65520,
                    "real_x2": 72690,
                    "real_y2": 65520,
                    "r2": 273,
                    "c2": 302,
                    "l2": 2,
                    "p2": -1,
                    "via": 0
                }
            ],
            "patch_num": 1,
            "patchs": [
                466
            ]
        },
        {
            "id": 2420,
            "feature": {
                "wire_width": 140,
                "wire_len": 240,
                "wire_density": 2.0246616651026545e-06,
                "drc_num": 0,
                "R": 0.21428571428571425,
                "C": 1.5848537120000117e-05,
                "power": 8.135700162644486e-07,
                "delay": 0.0006633253623428571,
                "slew": 1.9102178866470254e-10,
                "congestion": 3.0,
                "drc_type": []
            },
            "wire": {
                "id1": 721222,
                "x1": 72480,
                "y1": 65520,
                "real_x1": 72690,
                "real_y1": 65520,
                "r1": 273,
                "c1": 302,
                "l1": 2,
                "p1": -1,
                "id2": 721223,
                "x2": 72720,
                "y2": 65520,
                "real_x2": 72720,
                "real_y2": 65520,
                "r2": 273,
                "c2": 303,
                "l2": 2,
                "p2": -1
            },
            "path_num": 1,
            "paths": [
                {
                    "id1": 721222,
                    "x1": 72480,
                    "y1": 65520,
                    "real_x1": 72690,
                    "real_y1": 65520,
                    "r1": 273,
                    "c1": 302,
                    "l1": 2,
                    "p1": -1,
                    "id2": 721223,
                    "x2": 72720,
                    "y2": 65520,
                    "real_x2": 72720,
                    "real_y2": 65520,
                    "r2": 273,
                    "c2": 303,
                    "l2": 2,
                    "p2": -1
                }
            ],
            "patch_num": 1,
            "patchs": [
                466
            ]
        },
        {
            "id": 2421,
            "feature": {
                "wire_width": 0,
                "wire_len": 0,
                "wire_density": 0.0,
                "drc_num": 0,
                "R": 0.0,
                "C": 0.0,
                "power": 0.0,
                "delay": 0.0,
                "slew": 0.0,
                "congestion": 0.0,
                "drc_type": []
            },
            "wire": {
                "id1": 138055,
                "x1": 72720,
                "y1": 61680,
                "real_x1": 72720,
                "real_y1": 61680,
                "r1": 257,
                "c1": 303,
                "l1": 0,
                "p1": 619,
                "id2": 712647,