{
    "id": 404,
    "name": "dpath/b_mux/_045_",
    "feature": {
        "llx": 8640,
        "lly": 54960,
        "urx": 11760,
        "ury": 55920,
        "wire_len": 4560,
        "via_num": 2,
        "drc_num": 0,
        "drc_type": [],
        "R": 8.14285714285714,
        "C": 0.0029277867305600004,
        "power": 2.0615702948567666e-07,
        "delay": 0.011110494415782855,
        "slew": 0.0015244692228050596,
        "aspect_ratio": 3,
        "width": 3120,
        "height": 960,
        "area": 2995200,
        "volume": 2995200,
        "layer_ratio": [
            0.0,
            0.0,
            1.0,
            0.0,
            0.0,
            0.0,
            0.0,
            0.0,
            0.0,
            0.0,
            0.0
        ],
        "place_feature": {
            "pin_num": 2,
            "aspect_ratio": 35,
            "width": 2686,
            "height": 77,
            "area": 206822,
            "l_ness": 1.0,
            "hpwl": 2763,
            "rsmt": 2763
        }
    },
    "pin_num": 2,
    "pins": [
        {
            "id": 1065,
            "i": "dpath/b_mux/_057_",
            "p": "X",
            "driver": 1
        },
        {
            "id": 1066,
            "i": "dpath/b_mux/_088_",
            "p": "A",
            "driver": 0
        }
    ],
    "wire_num": 3,
    "wires": [
        {
            "id": 4264,
            "feature": {
                "wire_width": 0,
                "wire_len": 0,
                "wire_density": 0.0,
                "drc_num": 0,
                "R": 0.0,
                "C": 0.0,
                "power": 0.0,
                "delay": 0.0,
                "slew": 0.0,
                "congestion": 0.0,
                "drc_type": []
            },
            "wire": {
                "id1": 123852,
                "x1": 8640,
                "y1": 55440,
                "real_x1": 8850,
                "real_y1": 55565,
                "r1": 231,
                "c1": 36,
                "l1": 0,
                "p1": 1065,
                "id2": 698444,
                "x2": 8640,
                "y2": 55440,
                "real_x2": 8850,
                "real_y2": 55565,
                "r2": 231,
                "c2": 36,
                "l2": 2,
                "p2": -1,
                "via": 0
            },
            "path_num": 1,
            "paths": [
                {
                    "id1": 123852,
                    "x1": 8640,
                    "y1": 55440,
                    "real_x1": 8850,
                    "real_y1": 55565,
                    "r1": 231,
                    "c1": 36,
                    "l1": 0,
                    "p1": 1065,
                    "id2": 698444,
                    "x2": 8640,
                    "y2": 55440,
                    "real_x2": 8850,
                    "real_y2": 55565,
                    "r2": 231,
                    "c2": 36,
                    "l2": 2,
                    "p2": -1,
                    "via": 0
                }
            ],
            "patch_num": 1,
            "patchs": [
                362
            ]
        },
        {
            "id": 4265,
            "feature": {
                "wire_width": 0,
                "wire_len": 0,
                "wire_density": 0.0,
                "drc_num": 0,
                "R": 0.0,
                "C": 0.00019889336528000016,
                "power": 7.780481971158496e-06,
                "delay": 0.0,
                "slew": 0.0,
                "congestion": 0.0,
                "drc_type": []
            },
            "wire": {
                "id1": 122793,
                "x1": 11760,
                "y1": 54960,
                "real_x1": 11760,
                "real_y1": 54995,
                "r1": 229,
                "c1": 49,
                "l1": 0,
                "p1": 1066,
                "id2": 697385,
                "x2": 11760,
                "y2": 54960,
                "real_x2": 11760,
                "real_y2": 54995,
                "r2": 229,
                "c2": 49,
                "l2": 2,
                "p2": -1,
                "via": 0
            },
            "path_num": 1,
            "paths": [
                {
                    "id1": 122793,
                    "x1": 11760,
                    "y1": 54960,
                    "real_x1": 11760,
                    "real_y1": 54995,
                    "r1": 229,
                    "c1": 49,
                    "l1": 0,
                    "p1": 1066,
                    "id2": 697385,
                    "x2": 11760,
                    "y2": 54960,
                    "real_x2": 11760,
                    "real_y2": 54995,
                    "r2": 229,
                    "c2": 49,
                    "l2": 2,
                    "p2": -1,
                    "via": 0
                }
            ],
            "patch_num": 1,
            "patchs": [
                362
            ]
        },
        {
            "id": 4266,
            "feature": {
                "wire_width": 140,
                "wire_len": 4560,
                "wire_density": 3.846857163695043e-05,
                "drc_num": 0,
                "R": 4.07142857142857,
                "C": 0.00019889336528000016,
                "power": 7.780481971158483e-06,
                "delay": 0.011110494415782855,
                "slew": 1.5537203745807915e-09,
                "congestion": 5.0,
                "drc_type": []
            },
            "wire": {
                "id1": 698444,
                "x1": 8640,
                "y1": 55440,
                "real_x1": 8850,
                "real_y1": 55565,
                "r1": 231,
                "c1": 36,
                "l1": 2,
                "p1": -1,
                "id2": 697385,
                "x2": 11760,
                "y2": 54960,
                "real_x2": 11760,
                "real_y2": 54995,
                "r2": 229,
                "c2": 49,
                "l2": 2,
                "p2": -1
            },
            "path_num": 5,
            "paths": [
                {
                    "id1": 698444,
                    "x1": 8640,
                    "y1": 55440,
                    "real_x1": 8850,
                    "real_y1": 55565,
                    "r1": 231,
                    "c1": 36,
                    "l1": 2,
                    "p1": -1,
                    "id2": 698449,
                    "x2": 9840,
                    "y2": 55440,
                    "real_x2": 9840,
                    "real_y2": 55565,
                    "r2": 231,
                    "c2": 41,
                    "l2": 2,
                    "p2": -1
                },
                {
                    "id1": 698449,
                    "x1": 9840,
                    "y1": 55440,
                    "real_x1": 9840,
                    "real_y1": 55565,
                    "r1": 231,
                    "c1": 41,
                    "l1": 2,
                    "p1": -1,
                    "id2": 699521,
                    "x2": 9840,
                    "y2": 55920,
                    "real_x2": 9840,
                    "real_y2": 55920,
                    "r2": 233,
                    "c2": 41,
                    "l2": 2,
                    "p2": -1
                },
                {
                    "id1": 699521,
                    "x1": 9840,
                    "y1": 55920,
                    "real_x1": 9840,
                    "real_y1": 55920,
                    "r1": 233,
                    "c1": 41,
                    "l1": 2,