{
    "id": 433,
    "name": "dpath/b_reg/_024_",
    "feature": {
        "llx": 6000,
        "lly": 17520,
        "urx": 11760,
        "ury": 20400,
        "wire_len": 9360,
        "via_num": 4,
        "drc_num": 0,
        "drc_type": [],
        "R": 16.71428571428571,
        "C": 0.0033253887398400003,
        "power": 2.4703347101705914e-07,
        "delay": 0.024508275151371432,
        "slew": 0.006236508100729045,
        "aspect_ratio": 2,
        "width": 5760,
        "height": 2880,
        "area": 16588800,
        "volume": 33177600,
        "layer_ratio": [
            0.0,
            0.0,
            0.6899999976158142,
            0.0,
            0.3100000023841858,
            0.0,
            0.0,
            0.0,
            0.0,
            0.0,
            0.0
        ],
        "place_feature": {
            "pin_num": 2,
            "aspect_ratio": 2,
            "width": 5954,
            "height": 3507,
            "area": 20880678,
            "l_ness": 1.0,
            "hpwl": 9461,
            "rsmt": 9461
        }
    },
    "pin_num": 2,
    "pins": [
        {
            "id": 1129,
            "i": "dpath/b_reg/_069_",
            "p": "X",
            "driver": 1
        },
        {
            "id": 1130,
            "i": "dpath/b_reg/_092_",
            "p": "A",
            "driver": 0
        }
    ],
    "wire_num": 6,
    "wires": [
        {
            "id": 4474,
            "feature": {
                "wire_width": 0,
                "wire_len": 0,
                "wire_density": 0.0,
                "drc_num": 0,
                "R": 0.0,
                "C": 0.0,
                "power": 0.0,
                "delay": 0.0,
                "slew": 0.0,
                "congestion": 0.0,
                "drc_type": []
            },
            "wire": {
                "id1": 620201,
                "x1": 11760,
                "y1": 20400,
                "real_x1": 11760,
                "real_y1": 20495,
                "r1": 85,
                "c1": 49,
                "l1": 2,
                "p1": -1,
                "id2": 1194793,
                "x2": 11760,
                "y2": 20400,
                "real_x2": 11760,
                "real_y2": 20495,
                "r2": 85,
                "c2": 49,
                "l2": 4,
                "p2": -1,
                "via": 5
            },
            "path_num": 1,
            "paths": [
                {
                    "id1": 620201,
                    "x1": 11760,
                    "y1": 20400,
                    "real_x1": 11760,
                    "real_y1": 20495,
                    "r1": 85,
                    "c1": 49,
                    "l1": 2,
                    "p1": -1,
                    "id2": 1194793,
                    "x2": 11760,
                    "y2": 20400,
                    "real_x2": 11760,
                    "real_y2": 20495,
                    "r2": 85,
                    "c2": 49,
                    "l2": 4,
                    "p2": -1,
                    "via": 5
                }
            ],
            "patch_num": 1,
            "patchs": [
                122
            ]
        },
        {
            "id": 4475,
            "feature": {
                "wire_width": 0,
                "wire_len": 0,
                "wire_density": 0.0,
                "drc_num": 0,
                "R": 0.0,
                "C": 0.0,
                "power": 0.0,
                "delay": 0.0,
                "slew": 0.0,
                "congestion": 0.0,
                "drc_type": []
            },
            "wire": {
                "id1": 45609,
                "x1": 11760,
                "y1": 20400,
                "real_x1": 11760,
                "real_y1": 20495,
                "r1": 85,
                "c1": 49,
                "l1": 0,
                "p1": 1129,
                "id2": 620201,
                "x2": 11760,
                "y2": 20400,
                "real_x2": 11760,
                "real_y2": 20495,
                "r2": 85,
                "c2": 49,
                "l2": 2,
                "p2": -1,
                "via": 0
            },
            "path_num": 1,
            "paths": [
                {
                    "id1": 45609,
                    "x1": 11760,
                    "y1": 20400,
                    "real_x1": 11760,
                    "real_y1": 20495,
                    "r1": 85,
                    "c1": 49,
                    "l1": 0,
                    "p1": 1129,
                    "id2": 620201,
                    "x2": 11760,
                    "y2": 20400,
                    "real_x2": 11760,
                    "real_y2": 20495,
                    "r2": 85,
                    "c2": 49,
                    "l2": 2,
                    "p2": -1,
                    "via": 0
                }
            ],
            "patch_num": 1,
            "patchs": [
                122
            ]
        },
        {
            "id": 4476,
            "feature": {
                "wire_width": 140,
                "wire_len": 2880,
                "wire_density": 2.4295939981231852e-05,
                "drc_num": 0,
                "R": 2.571428571428571,
                "C": 0.00011744774768000007,
                "power": 4.847140029228924e-06,
                "delay": 0.008248991122697143,
                "slew": 4.108187491580484e-09,
                "congestion": -4.0,
                "drc_type": []
            },
            "wire": {
                "id1": 1188361,
                "x1": 11760,
                "y1": 17520,
                "real_x1": 11760,
                "real_y1": 17520,
                "r1": 73,
                "c1": 49,
                "l1": 4,
                "p1": -1,
                "id2": 1194793,
                "x2": 11760,
                "y2": 20400,
                "real_x2": 11760,
                "real_y2": 20495,
                "r2": 85,
                "c2": 49,
                "l2": 4,
                "p2": -1
            },
            "path_num": 1,
            "paths": [
                {
                    "id1": 1188361,
                    "x1": 11760,
                    "y1": 17520,
                    "real_x1": 11760,
                    "real_y1": 17520,
                    "r1": 73,
                    "c1": 49,
                    "l1": 4,
                    "p1": -1,
                    "id2": 1194793,
                    "x2": 11760,
                    "y2": 20400,
                    "real_x2": 11760,
                    "real_y2": 20495,
                    "r2": 85,
                    "c2": 49,
                    "l2": 4,
                    "p2": -1
                }
            ],
            "patch_num": 1,
            "patchs": [
                122
            ]
        },
        {
            "id": 4477,
            "feature": {
                "wire_width": 0,
                "wire_len": 0,
                "wire_density": 0.0,
                "drc_num": 0,
                "R": 0.0,
                "C": 0.00028024662224000003,
                "power": 1.1565948666949401e-05,
                "delay": 0.0,
                "slew": 0.0,
                "congestion": 0.0,
                "drc_type": []
            },
            "wire": {
                "id1": 40761,
                "x1": 6000,
                "y1": 18240,
                "real_x1": 6000,
                "real_y1": 18345,
                "r1": 76,
                "c1": 25,
                "l1": 0,
                "p1": 1130,
                "id2": 615353,
                "x2": 6000,