{
    "id": 91,
    "name": "dpath/b_mux$out[2]",
    "feature": {
        "llx": 6720,
        "lly": 24720,
        "urx": 9360,
        "ury": 27840,
        "wire_len": 5760,
        "via_num": 4,
        "drc_num": 0,
        "drc_type": [],
        "R": 10.285714285714285,
        "C": 0.00301866929328,
        "power": 2.1005788152998217e-07,
        "delay": 0.014239446435582857,
        "slew": 0.0029147718031706377,
        "aspect_ratio": 1,
        "width": 2640,
        "height": 3120,
        "area": 8236800,
        "volume": 16473600,
        "layer_ratio": [
            0.0,
            0.0,
            0.46000000834465027,
            0.0,
            0.5400000214576721,
            0.0,
            0.0,
            0.0,
            0.0,
            0.0,
            0.0
        ],
        "place_feature": {
            "pin_num": 2,
            "aspect_ratio": 2,
            "width": 2195,
            "height": 3507,
            "area": 7697865,
            "l_ness": 1.0,
            "hpwl": 5702,
            "rsmt": 5702
        }
    },
    "pin_num": 2,
    "pins": [
        {
            "id": 316,
            "i": "dpath/b_mux/_076_",
            "p": "X",
            "driver": 1
        },
        {
            "id": 317,
            "i": "dpath/b_reg/_091_",
            "p": "A",
            "driver": 0
        }
    ],
    "wire_num": 6,
    "wires": [
        {
            "id": 1322,
            "feature": {
                "wire_width": 0,
                "wire_len": 0,
                "wire_density": 0.0,
                "drc_num": 0,
                "R": 0.0,
                "C": 0.0,
                "power": 0.0,
                "delay": 0.0,
                "slew": 0.0,
                "congestion": 0.0,
                "drc_type": []
            },
            "wire": {
                "id1": 62204,
                "x1": 6720,
                "y1": 27840,
                "real_x1": 6930,
                "real_y1": 28065,
                "r1": 116,
                "c1": 28,
                "l1": 0,
                "p1": 316,
                "id2": 636796,
                "x2": 6720,
                "y2": 27840,
                "real_x2": 6930,
                "real_y2": 28065,
                "r2": 116,
                "c2": 28,
                "l2": 2,
                "p2": -1,
                "via": 0
            },
            "path_num": 1,
            "paths": [
                {
                    "id1": 62204,
                    "x1": 6720,
                    "y1": 27840,
                    "real_x1": 6930,
                    "real_y1": 28065,
                    "r1": 116,
                    "c1": 28,
                    "l1": 0,
                    "p1": 316,
                    "id2": 636796,
                    "x2": 6720,
                    "y2": 27840,
                    "real_x2": 6930,
                    "real_y2": 28065,
                    "r2": 116,
                    "c2": 28,
                    "l2": 2,
                    "p2": -1,
                    "via": 0
                }
            ],
            "patch_num": 1,
            "patchs": [
                181
            ]
        },
        {
            "id": 1323,
            "feature": {
                "wire_width": 0,
                "wire_len": 0,
                "wire_density": 0.0,
                "drc_num": 0,
                "R": 0.0,
                "C": 0.00012679453832000007,
                "power": 4.901753705471596e-06,
                "delay": 0.0,
                "slew": 0.0,
                "congestion": 0.0,
                "drc_type": []
            },
            "wire": {
                "id1": 629839,
                "x1": 9360,
                "y1": 24720,
                "real_x1": 9360,
                "real_y1": 24845,
                "r1": 103,
                "c1": 39,
                "l1": 2,
                "p1": -1,
                "id2": 1204431,
                "x2": 9360,
                "y2": 24720,
                "real_x2": 9360,
                "real_y2": 24845,
                "r2": 103,
                "c2": 39,
                "l2": 4,
                "p2": -1,
                "via": 5
            },
            "path_num": 1,
            "paths": [
                {
                    "id1": 629839,
                    "x1": 9360,
                    "y1": 24720,
                    "real_x1": 9360,
                    "real_y1": 24845,
                    "r1": 103,
                    "c1": 39,
                    "l1": 2,
                    "p1": -1,
                    "id2": 1204431,
                    "x2": 9360,
                    "y2": 24720,
                    "real_x2": 9360,
                    "real_y2": 24845,
                    "r2": 103,
                    "c2": 39,
                    "l2": 4,
                    "p2": -1,
                    "via": 5
                }
            ],
            "patch_num": 1,
            "patchs": [
                152
            ]
        },
        {
            "id": 1324,
            "feature": {
                "wire_width": 0,
                "wire_len": 0,
                "wire_density": 0.0,
                "drc_num": 0,
                "R": 0.0,
                "C": 0.0,
                "power": 0.0,
                "delay": 0.0,
                "slew": 0.0,
                "congestion": 0.0,
                "drc_type": []
            },
            "wire": {
                "id1": 55247,
                "x1": 9360,
                "y1": 24720,
                "real_x1": 9360,
                "real_y1": 24845,
                "r1": 103,
                "c1": 39,
                "l1": 0,
                "p1": 317,
                "id2": 629839,
                "x2": 9360,
                "y2": 24720,
                "real_x2": 9360,
                "real_y2": 24845,
                "r2": 103,
                "c2": 39,
                "l2": 2,
                "p2": -1,
                "via": 0
            },
            "path_num": 1,
            "paths": [
                {
                    "id1": 55247,
                    "x1": 9360,
                    "y1": 24720,
                    "real_x1": 9360,
                    "real_y1": 24845,
                    "r1": 103,
                    "c1": 39,
                    "l1": 0,
                    "p1": 317,
                    "id2": 629839,
                    "x2": 9360,
                    "y2": 24720,
                    "real_x2": 9360,
                    "real_y2": 24845,
                    "r2": 103,
                    "c2": 39,
                    "l2": 2,
                    "p2": -1,
                    "via": 0
                }
            ],
            "patch_num": 1,
            "patchs": [
                152
            ]
        },
        {
            "id": 1325,
            "feature": {
                "wire_width": 140,
                "wire_len": 2640,
                "wire_density": 2.2271278316129197e-05,
                "drc_num": 0,
                "R": 2.357142857142857,
                "C": 0.00011754010831999985,
                "power": 4.5439864298020045e-06,
                "delay": 0.006838375935977144,
                "slew": 2.1885155285228386e-09,
                "congestion": -3.0,
                "drc_type": []
            },
            "wire": {
                "id1": 636796,
                "x1": 6720,
                "y1": 27840,
                "real_x1": 6930,
                "real_y1": 28065,
                "r1": 116,
                "c1": 28,
                "l1": 2,
                "p1": -1,
                "id2": 636807,