{
    "id": 490,
    "name": "dpath/b_zero/_15_",
    "feature": {
        "llx": 66000,
        "lly": 93600,
        "urx": 66720,
        "ury": 97920,
        "wire_len": 5040,
        "via_num": 4,
        "drc_num": 0,
        "drc_type": [],
        "R": 8.999999999999998,
        "C": 0.0055707894457600006,
        "power": 1.8049357804262405e-07,
        "delay": 0.024100098457954286,
        "slew": 0.0054531558080409825,
        "aspect_ratio": 6,
        "width": 720,
        "height": 4320,
        "area": 3110400,
        "volume": 6220800,
        "layer_ratio": [
            0.0,
            0.0,
            0.14000000059604645,
            0.0,
            0.8600000143051147,
            0.0,
            0.0,
            0.0,
            0.0,
            0.0,
            0.0
        ],
        "place_feature": {
            "pin_num": 2,
            "aspect_ratio": 3,
            "width": 962,
            "height": 3103,
            "area": 2985086,
            "l_ness": 1.0,
            "hpwl": 4065,
            "rsmt": 4065
        }
    },
    "pin_num": 2,
    "pins": [
        {
            "id": 1258,
            "i": "dpath/b_zero/_42_",
            "p": "X",
            "driver": 1
        },
        {
            "id": 1259,
            "i": "dpath/b_zero/_32_",
            "p": "A",
            "driver": 0
        }
    ],
    "wire_num": 7,
    "wires": [
        {
            "id": 4926,
            "feature": {
                "wire_width": 140,
                "wire_len": 480,
                "wire_density": null,
                "drc_num": 0,
                "R": 0.4285714285714288,
                "C": 2.6017694240000264e-05,
                "power": 4.6831849631999846e-07,
                "delay": 0.0022140075832457126,
                "slew": 4.8990853040997706e-11,
                "congestion": -6.0,
                "drc_type": []
            },
            "wire": {
                "id1": 793555,
                "x1": 66000,
                "y1": 97920,
                "real_x1": 66000,
                "real_y1": 98135,
                "r1": 408,
                "c1": 275,
                "l1": 2,
                "p1": -1,
                "id2": 793557,
                "x2": 66480,
                "y2": 97920,
                "real_x2": 66480,
                "real_y2": 98135,
                "r2": 408,
                "c2": 277,
                "l2": 2,
                "p2": -1
            },
            "path_num": 1,
            "paths": [
                {
                    "id1": 793555,
                    "x1": 66000,
                    "y1": 97920,
                    "real_x1": 66000,
                    "real_y1": 98135,
                    "r1": 408,
                    "c1": 275,
                    "l1": 2,
                    "p1": -1,
                    "id2": 793557,
                    "x2": 66480,
                    "y2": 97920,
                    "real_x2": 66480,
                    "real_y2": 98135,
                    "r2": 408,
                    "c2": 277,
                    "l2": 2,
                    "p2": -1
                }
            ],
            "patch_num": 1,
            "patchs": [
                675
            ]
        },
        {
            "id": 4927,
            "feature": {
                "wire_width": 0,
                "wire_len": 0,
                "wire_density": 0.0,
                "drc_num": 0,
                "R": 0.0,
                "C": 0.0001735284915200001,
                "power": 3.1235128473600012e-06,
                "delay": 0.0,
                "slew": 0.0,
                "congestion": 0.0,
                "drc_type": []
            },
            "wire": {
                "id1": 793557,
                "x1": 66480,
                "y1": 97920,
                "real_x1": 66480,
                "real_y1": 98135,
                "r1": 408,
                "c1": 277,
                "l1": 2,
                "p1": -1,
                "id2": 1368149,
                "x2": 66480,
                "y2": 97920,
                "real_x2": 66480,
                "real_y2": 98135,
                "r2": 408,
                "c2": 277,
                "l2": 4,
                "p2": -1,
                "via": 5
            },
            "path_num": 1,
            "paths": [
                {
                    "id1": 793557,
                    "x1": 66480,
                    "y1": 97920,
                    "real_x1": 66480,
                    "real_y1": 98135,
                    "r1": 408,
                    "c1": 277,
                    "l1": 2,
                    "p1": -1,
                    "id2": 1368149,
                    "x2": 66480,
                    "y2": 97920,
                    "real_x2": 66480,
                    "real_y2": 98135,
                    "r2": 408,
                    "c2": 277,
                    "l2": 4,
                    "p2": -1,
                    "via": 5
                }
            ],
            "patch_num": 1,
            "patchs": [
                675
            ]
        },
        {
            "id": 4928,
            "feature": {
                "wire_width": 0,
                "wire_len": 0,
                "wire_density": 0.0,
                "drc_num": 0,
                "R": 0.0,
                "C": 2.6017694240000264e-05,
                "power": 4.68318496320012e-07,
                "delay": 0.0,
                "slew": 0.0,
                "congestion": 0.0,
                "drc_type": []
            },
            "wire": {
                "id1": 218963,
                "x1": 66000,
                "y1": 97920,
                "real_x1": 66000,
                "real_y1": 98135,
                "r1": 408,
                "c1": 275,
                "l1": 0,
                "p1": 1259,
                "id2": 793555,
                "x2": 66000,
                "y2": 97920,
                "real_x2": 66000,
                "real_y2": 98135,
                "r2": 408,
                "c2": 275,
                "l2": 2,
                "p2": -1,
                "via": 0
            },
            "path_num": 1,
            "paths": [
                {
                    "id1": 218963,
                    "x1": 66000,
                    "y1": 97920,
                    "real_x1": 66000,
                    "real_y1": 98135,
                    "r1": 408,
                    "c1": 275,
                    "l1": 0,
                    "p1": 1259,
                    "id2": 793555,
                    "x2": 66000,
                    "y2": 97920,
                    "real_x2": 66000,
                    "real_y2": 98135,
                    "r2": 408,
                    "c2": 275,
                    "l2": 2,
                    "p2": -1,
                    "via": 0
                }
            ],
            "patch_num": 1,
            "patchs": [
                675
            ]
        },
        {
            "id": 4929,
            "feature": {
                "wire_width": 140,
                "wire_len": 4320,
                "wire_density": null,
                "drc_num": 0,
                "R": 3.8571428571428568,
                "C": 0.0001735284915200001,
                "power": 3.1235128473600012e-06,
                "delay": 0.020695746394285716,
                "slew": 5.162577150497061e-09,
                "congestion": -0.5,
                "drc_type": []
            },
            "wire": {
                "id1": 1358501,
                "x1": 66480,
                "y1": 93600,
                "real_x1": 66480,
                "real_y1": 93755,
                "r1": 390,