{
    "id": 33,
    "name": "ctrl/state/_05_",
    "feature": {
        "llx": 89760,
        "lly": 58320,
        "urx": 92640,
        "ury": 58800,
        "wire_len": 3360,
        "via_num": 2,
        "drc_num": 0,
        "drc_type": [],
        "R": 5.999999999999999,
        "C": 0.0029360951593599997,
        "power": 1.4864345164563952e-07,
        "delay": 0.008364142739039999,
        "slew": 0.0011002548341799354,
        "aspect_ratio": 6,
        "width": 2880,
        "height": 480,
        "area": 1382400,
        "volume": 1382400,
        "layer_ratio": [
            0.0,
            0.0,
            1.0,
            0.0,
            0.0,
            0.0,
            0.0,
            0.0,
            0.0,
            0.0,
            0.0
        ],
        "place_feature": {
            "pin_num": 2,
            "aspect_ratio": 29,
            "width": 2853,
            "height": 97,
            "area": 276741,
            "l_ness": 1.0,
            "hpwl": 2950,
            "rsmt": 2950
        }
    },
    "pin_num": 2,
    "pins": [
        {
            "id": 87,
            "i": "ctrl/state/_12_",
            "p": "X",
            "driver": 1
        },
        {
            "id": 88,
            "i": "ctrl/state/_08_",
            "p": "B_N",
            "driver": 0
        }
    ],
    "wire_num": 3,
    "wires": [
        {
            "id": 328,
            "feature": {
                "wire_width": 0,
                "wire_len": 0,
                "wire_density": 0.0,
                "drc_num": 0,
                "R": 0.0,
                "C": 0.0,
                "power": 0.0,
                "delay": 0.0,
                "slew": 0.0,
                "congestion": 0.0,
                "drc_type": []
            },
            "wire": {
                "id1": 131694,
                "x1": 89760,
                "y1": 58800,
                "real_x1": 89970,
                "real_y1": 58800,
                "r1": 245,
                "c1": 374,
                "l1": 0,
                "p1": 87,
                "id2": 706286,
                "x2": 89760,
                "y2": 58800,
                "real_x2": 89970,
                "real_y2": 58800,
                "r2": 245,
                "c2": 374,
                "l2": 2,
                "p2": -1,
                "via": 0
            },
            "path_num": 1,
            "paths": [
                {
                    "id1": 131694,
                    "x1": 89760,
                    "y1": 58800,
                    "real_x1": 89970,
                    "real_y1": 58800,
                    "r1": 245,
                    "c1": 374,
                    "l1": 0,
                    "p1": 87,
                    "id2": 706286,
                    "x2": 89760,
                    "y2": 58800,
                    "real_x2": 89970,
                    "real_y2": 58800,
                    "r2": 245,
                    "c2": 374,
                    "l2": 2,
                    "p2": -1,
                    "via": 0
                }
            ],
            "patch_num": 1,
            "patchs": [
                410
            ]
        },
        {
            "id": 329,
            "feature": {
                "wire_width": 0,
                "wire_len": 0,
                "wire_density": 0.0,
                "drc_num": 0,
                "R": 0.0,
                "C": 0.00014804757967999986,
                "power": 4.1639399832090206e-06,
                "delay": 0.0,
                "slew": 0.0,
                "congestion": 0.0,
                "drc_type": []
            },
            "wire": {
                "id1": 130634,
                "x1": 92640,
                "y1": 58320,
                "real_x1": 92855,
                "real_y1": 58320,
                "r1": 243,
                "c1": 386,
                "l1": 0,
                "p1": 88,
                "id2": 705226,
                "x2": 92640,
                "y2": 58320,
                "real_x2": 92855,
                "real_y2": 58320,
                "r2": 243,
                "c2": 386,
                "l2": 2,
                "p2": -1,
                "via": 0
            },
            "path_num": 1,
            "paths": [
                {
                    "id1": 130634,
                    "x1": 92640,
                    "y1": 58320,
                    "real_x1": 92855,
                    "real_y1": 58320,
                    "r1": 243,
                    "c1": 386,
                    "l1": 0,
                    "p1": 88,
                    "id2": 705226,
                    "x2": 92640,
                    "y2": 58320,
                    "real_x2": 92855,
                    "real_y2": 58320,
                    "r2": 243,
                    "c2": 386,
                    "l2": 2,
                    "p2": -1,
                    "via": 0
                }
            ],
            "patch_num": 1,
            "patchs": [
                411
            ]
        },
        {
            "id": 330,
            "feature": {
                "wire_width": 140,
                "wire_len": 3360,
                "wire_density": 2.8345263311437162e-05,
                "drc_num": 0,
                "R": 2.9999999999999996,
                "C": 0.00014804757967999986,
                "power": 4.1639399832090206e-06,
                "delay": 0.008364142739039999,
                "slew": 1.1196287438841601e-09,
                "congestion": 5.0,
                "drc_type": []
            },
            "wire": {
                "id1": 706286,
                "x1": 89760,
                "y1": 58800,
                "real_x1": 89970,
                "real_y1": 58800,
                "r1": 245,
                "c1": 374,
                "l1": 2,
                "p1": -1,
                "id2": 705226,
                "x2": 92640,
                "y2": 58320,
                "real_x2": 92855,
                "real_y2": 58320,
                "r2": 243,
                "c2": 386,
                "l2": 2,
                "p2": -1
            },
            "path_num": 3,
            "paths": [
                {
                    "id1": 706286,
                    "x1": 89760,
                    "y1": 58800,
                    "real_x1": 89970,
                    "real_y1": 58800,
                    "r1": 245,
                    "c1": 374,
                    "l1": 2,
                    "p1": -1,
                    "id2": 706292,
                    "x2": 91200,
                    "y2": 58800,
                    "real_x2": 91200,
                    "real_y2": 58800,
                    "r2": 245,
                    "c2": 380,
                    "l2": 2,
                    "p2": -1
                },
                {
                    "id1": 706292,
                    "x1": 91200,
                    "y1": 58800,
                    "real_x1": 91200,
                    "real_y1": 58800,
                    "r1": 245,
                    "c1": 380,
                    "l1": 2,
                    "p1": -1,
                    "id2": 705220,
                    "x2": 91200,
                    "y2": 58320,
                    "real_x2": 91200,
                    "real_y2": 58320,
                    "r2": 243,
                    "c2": 380,
                    "l2": 2,
                    "p2": -1
                },
                {
                    "id1": 705220,
                    "x1": 91200,
                    "y1": 58320,
                    "real_x1": 91200,
                    "real_y1": 58320,
                    "r1": 243,
                    "c1": 380,