{
    "id": 593,
    "name": "dpath/sub/_093_",
    "feature": {
        "llx": 68160,
        "lly": 54480,
        "urx": 73440,
        "ury": 54960,
        "wire_len": 5760,
        "via_num": 2,
        "drc_num": 0,
        "drc_type": [],
        "R": 10.285714285714285,
        "C": 0.00518947830176,
        "power": 3.2541285912078737e-07,
        "delay": 0.02540437277595428,
        "slew": 0.005998504770617086,
        "aspect_ratio": 11,
        "width": 5280,
        "height": 480,
        "area": 2534400,
        "volume": 2534400,
        "layer_ratio": [
            0.0,
            0.0,
            1.0,
            0.0,
            0.0,
            0.0,
            0.0,
            0.0,
            0.0,
            0.0,
            0.0
        ],
        "place_feature": {
            "pin_num": 2,
            "aspect_ratio": 8,
            "width": 4964,
            "height": 594,
            "area": 2948616,
            "l_ness": 1.0,
            "hpwl": 5558,
            "rsmt": 5558
        }
    },
    "pin_num": 2,
    "pins": [
        {
            "id": 1557,
            "i": "dpath/sub/_158_",
            "p": "Y",
            "driver": 1
        },
        {
            "id": 1558,
            "i": "dpath/sub/_159_",
            "p": "B",
            "driver": 0
        }
    ],
    "wire_num": 3,
    "wires": [
        {
            "id": 6058,
            "feature": {
                "wire_width": 0,
                "wire_len": 0,
                "wire_density": 0.0,
                "drc_num": 0,
                "R": 0.0,
                "C": 0.0,
                "power": 0.0,
                "delay": 0.0,
                "slew": 0.0,
                "congestion": 0.0,
                "drc_type": []
            },
            "wire": {
                "id1": 121978,
                "x1": 73440,
                "y1": 54480,
                "real_x1": 73650,
                "real_y1": 54570,
                "r1": 227,
                "c1": 306,
                "l1": 0,
                "p1": 1557,
                "id2": 696570,
                "x2": 73440,
                "y2": 54480,
                "real_x2": 73650,
                "real_y2": 54570,
                "r2": 227,
                "c2": 306,
                "l2": 2,
                "p2": -1,
                "via": 0
            },
            "path_num": 1,
            "paths": [
                {
                    "id1": 121978,
                    "x1": 73440,
                    "y1": 54480,
                    "real_x1": 73650,
                    "real_y1": 54570,
                    "r1": 227,
                    "c1": 306,
                    "l1": 0,
                    "p1": 1557,
                    "id2": 696570,
                    "x2": 73440,
                    "y2": 54480,
                    "real_x2": 73650,
                    "real_y2": 54570,
                    "r2": 227,
                    "c2": 306,
                    "l2": 2,
                    "p2": -1,
                    "via": 0
                }
            ],
            "patch_num": 1,
            "patchs": [
                377
            ]
        },
        {
            "id": 6059,
            "feature": {
                "wire_width": 0,
                "wire_len": 0,
                "wire_density": 0.0,
                "drc_num": 0,
                "R": 0.0,
                "C": 0.00024973915088,
                "power": 8.70011785777906e-06,
                "delay": 0.0,
                "slew": 0.0,
                "congestion": 0.0,
                "drc_type": []
            },
            "wire": {
                "id1": 123028,
                "x1": 68160,
                "y1": 54960,
                "real_x1": 68230,
                "real_y1": 55000,
                "r1": 229,
                "c1": 284,
                "l1": 0,
                "p1": 1558,
                "id2": 697620,
                "x2": 68160,
                "y2": 54960,
                "real_x2": 68230,
                "real_y2": 55000,
                "r2": 229,
                "c2": 284,
                "l2": 2,
                "p2": -1,
                "via": 0
            },
            "path_num": 1,
            "paths": [
                {
                    "id1": 123028,
                    "x1": 68160,
                    "y1": 54960,
                    "real_x1": 68230,
                    "real_y1": 55000,
                    "r1": 229,
                    "c1": 284,
                    "l1": 0,
                    "p1": 1558,
                    "id2": 697620,
                    "x2": 68160,
                    "y2": 54960,
                    "real_x2": 68230,
                    "real_y2": 55000,
                    "r2": 229,
                    "c2": 284,
                    "l2": 2,
                    "p2": -1,
                    "via": 0
                }
            ],
            "patch_num": 1,
            "patchs": [
                375
            ]
        },
        {
            "id": 6060,
            "feature": {
                "wire_width": 140,
                "wire_len": 5760,
                "wire_density": 4.8591879962463704e-05,
                "drc_num": 0,
                "R": 5.142857142857142,
                "C": 0.00024973915088,
                "power": 8.70011785777906e-06,
                "delay": 0.02540437277595428,
                "slew": 6.352686390820317e-09,
                "congestion": -8.0,
                "drc_type": []
            },
            "wire": {
                "id1": 696570,
                "x1": 73440,
                "y1": 54480,
                "real_x1": 73650,
                "real_y1": 54570,
                "r1": 227,
                "c1": 306,
                "l1": 2,
                "p1": -1,
                "id2": 697620,
                "x2": 68160,
                "y2": 54960,
                "real_x2": 68230,
                "real_y2": 55000,
                "r2": 229,
                "c2": 284,
                "l2": 2,
                "p2": -1
            },
            "path_num": 4,
            "paths": [
                {
                    "id1": 696570,
                    "x1": 73440,
                    "y1": 54480,
                    "real_x1": 73650,
                    "real_y1": 54570,
                    "r1": 227,
                    "c1": 306,
                    "l1": 2,
                    "p1": -1,
                    "id2": 696560,
                    "x2": 71040,
                    "y2": 54480,
                    "real_x2": 71040,
                    "real_y2": 54545,
                    "r2": 227,
                    "c2": 296,
                    "l2": 2,
                    "p2": -1
                },
                {
                    "id1": 696560,
                    "x1": 71040,
                    "y1": 54480,
                    "real_x1": 71040,
                    "real_y1": 54545,
                    "r1": 227,
                    "c1": 296,
                    "l1": 2,
                    "p1": -1,
                    "id2": 696549,
                    "x2": 68400,
                    "y2": 54480,
                    "real_x2": 68400,
                    "real_y2": 54545,
                    "r2": 227,
                    "c2": 285,
                    "l2": 2,
                    "p2": -1
                },
                {
                    "id1": 696549,
                    "x1": 68400,
                    "y1": 54480,
                    "real_x1": 68400,
                    "real_y1": 54545,
                    "r1": 227,
                    "c1": 285,
                    "l1": 2,