{
    "id": 431,
    "name": "dpath/b_reg/_022_",
    "feature": {
        "llx": 125520,
        "lly": 115440,
        "urx": 126240,
        "ury": 121440,
        "wire_len": 6720,
        "via_num": 4,
        "drc_num": 0,
        "drc_type": [],
        "R": 11.999999999999998,
        "C": 0.0030802857547200004,
        "power": 2.288577923953521e-07,
        "delay": 0.016790613720017143,
        "slew": 0.002991195700939968,
        "aspect_ratio": 8,
        "width": 720,
        "height": 6000,
        "area": 4320000,
        "volume": 8640000,
        "layer_ratio": [
            0.0,
            0.0,
            0.10999999940395355,
            0.0,
            0.8899999856948853,
            0.0,
            0.0,
            0.0,
            0.0,
            0.0,
            0.0
        ],
        "place_feature": {
            "pin_num": 2,
            "aspect_ratio": 6,
            "width": 1154,
            "height": 6583,
            "area": 7596782,
            "l_ness": 1.0,
            "hpwl": 7737,
            "rsmt": 7737
        }
    },
    "pin_num": 2,
    "pins": [
        {
            "id": 1125,
            "i": "dpath/b_reg/_082_",
            "p": "X",
            "driver": 1
        },
        {
            "id": 1126,
            "i": "dpath/b_reg/_131_",
            "p": "A",
            "driver": 0
        }
    ],
    "wire_num": 6,
    "wires": [
        {
            "id": 4462,
            "feature": {
                "wire_width": 0,
                "wire_len": 0,
                "wire_density": 0.0,
                "drc_num": 0,
                "R": 0.0,
                "C": 0.0,
                "power": 0.0,
                "delay": 0.0,
                "slew": 0.0,
                "congestion": 0.0,
                "drc_type": []
            },
            "wire": {
                "id1": 258342,
                "x1": 126240,
                "y1": 115440,
                "real_x1": 126450,
                "real_y1": 115505,
                "r1": 481,
                "c1": 526,
                "l1": 0,
                "p1": 1125,
                "id2": 832934,
                "x2": 126240,
                "y2": 115440,
                "real_x2": 126450,
                "real_y2": 115505,
                "r2": 481,
                "c2": 526,
                "l2": 2,
                "p2": -1,
                "via": 0
            },
            "path_num": 1,
            "paths": [
                {
                    "id1": 258342,
                    "x1": 126240,
                    "y1": 115440,
                    "real_x1": 126450,
                    "real_y1": 115505,
                    "r1": 481,
                    "c1": 526,
                    "l1": 0,
                    "p1": 1125,
                    "id2": 832934,
                    "x2": 126240,
                    "y2": 115440,
                    "real_x2": 126450,
                    "real_y2": 115505,
                    "r2": 481,
                    "c2": 526,
                    "l2": 2,
                    "p2": -1,
                    "via": 0
                }
            ],
            "patch_num": 1,
            "patchs": [
                809
            ]
        },
        {
            "id": 4463,
            "feature": {
                "wire_width": 0,
                "wire_len": 0,
                "wire_density": 0.0,
                "drc_num": 0,
                "R": 0.0,
                "C": 0.00023895602600000013,
                "power": 9.863253128045051e-06,
                "delay": 0.0,
                "slew": 0.0,
                "congestion": 0.0,
                "drc_type": []
            },
            "wire": {
                "id1": 846331,
                "x1": 125520,
                "y1": 121440,
                "real_x1": 125520,
                "real_y1": 121675,
                "r1": 506,
                "c1": 523,
                "l1": 2,
                "p1": -1,
                "id2": 1420923,
                "x2": 125520,
                "y2": 121440,
                "real_x2": 125520,
                "real_y2": 121675,
                "r2": 506,
                "c2": 523,
                "l2": 4,
                "p2": -1,
                "via": 5
            },
            "path_num": 1,
            "paths": [
                {
                    "id1": 846331,
                    "x1": 125520,
                    "y1": 121440,
                    "real_x1": 125520,
                    "real_y1": 121675,
                    "r1": 506,
                    "c1": 523,
                    "l1": 2,
                    "p1": -1,
                    "id2": 1420923,
                    "x2": 125520,
                    "y2": 121440,
                    "real_x2": 125520,
                    "real_y2": 121675,
                    "r2": 506,
                    "c2": 523,
                    "l2": 4,
                    "p2": -1,
                    "via": 5
                }
            ],
            "patch_num": 1,
            "patchs": [
                869
            ]
        },
        {
            "id": 4464,
            "feature": {
                "wire_width": 0,
                "wire_len": 0,
                "wire_density": 0.0,
                "drc_num": 0,
                "R": 0.0,
                "C": 0.0,
                "power": 0.0,
                "delay": 0.0,
                "slew": 0.0,
                "congestion": 0.0,
                "drc_type": []
            },
            "wire": {
                "id1": 271739,
                "x1": 125520,
                "y1": 121440,
                "real_x1": 125520,
                "real_y1": 121675,
                "r1": 506,
                "c1": 523,
                "l1": 0,
                "p1": 1126,
                "id2": 846331,
                "x2": 125520,
                "y2": 121440,
                "real_x2": 125520,
                "real_y2": 121675,
                "r2": 506,
                "c2": 523,
                "l2": 2,
                "p2": -1,
                "via": 0
            },
            "path_num": 1,
            "paths": [
                {
                    "id1": 271739,
                    "x1": 125520,
                    "y1": 121440,
                    "real_x1": 125520,
                    "real_y1": 121675,
                    "r1": 506,
                    "c1": 523,
                    "l1": 0,
                    "p1": 1126,
                    "id2": 846331,
                    "x2": 125520,
                    "y2": 121440,
                    "real_x2": 125520,
                    "real_y2": 121675,
                    "r2": 506,
                    "c2": 523,
                    "l2": 2,
                    "p2": -1,
                    "via": 0
                }
            ],
            "patch_num": 1,
            "patchs": [
                869
            ]
        },
        {
            "id": 4465,
            "feature": {
                "wire_width": 0,
                "wire_len": 0,
                "wire_density": 0.0,
                "drc_num": 0,
                "R": 0.0,
                "C": 3.618685135999998e-05,
                "power": 1.4936642563289856e-06,
                "delay": 0.0,
                "slew": 0.0,
                "congestion": 0.0,
                "drc_type": []
            },
            "wire": {
                "id1": 832931,
                "x1": 125520,
                "y1": 115440,
                "real_x1": 125520,
                "real_y1": 115505,
                "r1": 481,
                "c1": 523,
                "l1": 2,
                "p1": -1,