{
    "id": 423,
    "name": "dpath/b_reg/_014_",
    "feature": {
        "llx": 18480,
        "lly": 65520,
        "urx": 19680,
        "ury": 72000,
        "wire_len": 8400,
        "via_num": 4,
        "drc_num": 0,
        "drc_type": [],
        "R": 14.999999999999998,
        "C": 0.0024707232484800002,
        "power": 1.8367726391564197e-07,
        "delay": 0.015907528576782858,
        "slew": 0.003948907726310069,
        "aspect_ratio": 5,
        "width": 1200,
        "height": 6480,
        "area": 7776000,
        "volume": 15552000,
        "layer_ratio": [
            0.0,
            0.0,
            0.23000000417232513,
            0.0,
            0.7699999809265137,
            0.0,
            0.0,
            0.0,
            0.0,
            0.0,
            0.0
        ],
        "place_feature": {
            "pin_num": 2,
            "aspect_ratio": 17,
            "width": 403,
            "height": 7004,
            "area": 2822612,
            "l_ness": 1.0,
            "hpwl": 7407,
            "rsmt": 7407
        }
    },
    "pin_num": 2,
    "pins": [
        {
            "id": 1109,
            "i": "dpath/b_reg/_110_",
            "p": "X",
            "driver": 1
        },
        {
            "id": 1110,
            "i": "dpath/b_reg/_140_",
            "p": "D",
            "driver": 0
        }
    ],
    "wire_num": 7,
    "wires": [
        {
            "id": 4406,
            "feature": {
                "wire_width": 0,
                "wire_len": 0,
                "wire_density": 0.0,
                "drc_num": 0,
                "R": 0.0,
                "C": 0.0002576496072799999,
                "power": 1.0641142998477651e-05,
                "delay": 0.0,
                "slew": 0.0,
                "congestion": 0.0,
                "drc_type": []
            },
            "wire": {
                "id1": 735469,
                "x1": 18480,
                "y1": 72000,
                "real_x1": 18480,
                "real_y1": 72200,
                "r1": 300,
                "c1": 77,
                "l1": 2,
                "p1": -1,
                "id2": 1310061,
                "x2": 18480,
                "y2": 72000,
                "real_x2": 18480,
                "real_y2": 72200,
                "r2": 300,
                "c2": 77,
                "l2": 4,
                "p2": -1,
                "via": 5
            },
            "path_num": 1,
            "paths": [
                {
                    "id1": 735469,
                    "x1": 18480,
                    "y1": 72000,
                    "real_x1": 18480,
                    "real_y1": 72200,
                    "r1": 300,
                    "c1": 77,
                    "l1": 2,
                    "p1": -1,
                    "id2": 1310061,
                    "x2": 18480,
                    "y2": 72000,
                    "real_x2": 18480,
                    "real_y2": 72200,
                    "r2": 300,
                    "c2": 77,
                    "l2": 4,
                    "p2": -1,
                    "via": 5
                }
            ],
            "patch_num": 1,
            "patchs": [
                484
            ]
        },
        {
            "id": 4407,
            "feature": {
                "wire_width": 0,
                "wire_len": 0,
                "wire_density": 0.0,
                "drc_num": 0,
                "R": 0.0,
                "C": 0.0,
                "power": 0.0,
                "delay": 0.0,
                "slew": 0.0,
                "congestion": 0.0,
                "drc_type": []
            },
            "wire": {
                "id1": 146408,
                "x1": 19200,
                "y1": 65520,
                "real_x1": 19410,
                "real_y1": 65520,
                "r1": 273,
                "c1": 80,
                "l1": 0,
                "p1": 1109,
                "id2": 721000,
                "x2": 19200,
                "y2": 65520,
                "real_x2": 19410,
                "real_y2": 65520,
                "r2": 273,
                "c2": 80,
                "l2": 2,
                "p2": -1,
                "via": 0
            },
            "path_num": 1,
            "paths": [
                {
                    "id1": 146408,
                    "x1": 19200,
                    "y1": 65520,
                    "real_x1": 19410,
                    "real_y1": 65520,
                    "r1": 273,
                    "c1": 80,
                    "l1": 0,
                    "p1": 1109,
                    "id2": 721000,
                    "x2": 19200,
                    "y2": 65520,
                    "real_x2": 19410,
                    "real_y2": 65520,
                    "r2": 273,
                    "c2": 80,
                    "l2": 2,
                    "p2": -1,
                    "via": 0
                }
            ],
            "patch_num": 1,
            "patchs": [
                454
            ]
        },
        {
            "id": 4408,
            "feature": {
                "wire_width": 140,
                "wire_len": 6480,
                "wire_density": 5.4665864957771666e-05,
                "drc_num": 0,
                "R": 5.7857142857142865,
                "C": 0.00025764960728000014,
                "power": 1.0641142998477665e-05,
                "delay": 0.012385478215491429,
                "slew": 5.014986970836022e-09,
                "congestion": -3.3333333333333335,
                "drc_type": []
            },
            "wire": {
                "id1": 1295589,
                "x1": 18480,
                "y1": 65520,
                "real_x1": 18480,
                "real_y1": 65520,
                "r1": 273,
                "c1": 77,
                "l1": 4,
                "p1": -1,
                "id2": 1310061,
                "x2": 18480,
                "y2": 72000,
                "real_x2": 18480,
                "real_y2": 72200,
                "r2": 300,
                "c2": 77,
                "l2": 4,
                "p2": -1
            },
            "path_num": 1,
            "paths": [
                {
                    "id1": 1295589,
                    "x1": 18480,
                    "y1": 65520,
                    "real_x1": 18480,
                    "real_y1": 65520,
                    "r1": 273,
                    "c1": 77,
                    "l1": 4,
                    "p1": -1,
                    "id2": 1310061,
                    "x2": 18480,
                    "y2": 72000,
                    "real_x2": 18480,
                    "real_y2": 72200,
                    "r2": 300,
                    "c2": 77,
                    "l2": 4,
                    "p2": -1
                }
            ],
            "patch_num": 2,
            "patchs": [
                454,
                484
            ]
        },
        {
            "id": 4409,
            "feature": {
                "wire_width": 140,
                "wire_len": 1200,
                "wire_density": null,
                "drc_num": 0,
                "R": 1.0714285714285712,
                "C": 5.6525165600000054e-05,
                "power": 2.3345363360424676e-06,
                "delay": 0.001956991248857143,
                "slew": 9.861503627583978e-11,
                "congestion": 0.0,
                "drc_type": []
            },
            "wire": {
                "id1": 735469,
                "x1": 18480,
                "y1": 72000,
                "real_x1": 18480,
                "real_y1": 72200,
                "r1": 300,