{
    "id": 27,
    "name": "ctrl/next_state__0[1]",
    "feature": {
        "llx": 86400,
        "lly": 58080,
        "urx": 89040,
        "ury": 58800,
        "wire_len": 3360,
        "via_num": 2,
        "drc_num": 0,
        "drc_type": [],
        "R": 5.999999999999999,
        "C": 0.00282609515936,
        "power": 1.4307456549121922e-07,
        "delay": 0.008034142739039999,
        "slew": 0.0009809207376764925,
        "aspect_ratio": 4,
        "width": 2640,
        "height": 720,
        "area": 1900800,
        "volume": 1900800,
        "layer_ratio": [
            0.0,
            0.0,
            1.0,
            0.0,
            0.0,
            0.0,
            0.0,
            0.0,
            0.0,
            0.0,
            0.0
        ],
        "place_feature": {
            "pin_num": 2,
            "aspect_ratio": 29,
            "width": 2195,
            "height": 77,
            "area": 169015,
            "l_ness": 1.0,
            "hpwl": 2272,
            "rsmt": 2272
        }
    },
    "pin_num": 2,
    "pins": [
        {
            "id": 75,
            "i": "ctrl/_40_",
            "p": "X",
            "driver": 1
        },
        {
            "id": 76,
            "i": "ctrl/state/_12_",
            "p": "A",
            "driver": 0
        }
    ],
    "wire_num": 3,
    "wires": [
        {
            "id": 294,
            "feature": {
                "wire_width": 0,
                "wire_len": 0,
                "wire_density": 0.0,
                "drc_num": 0,
                "R": 0.0,
                "C": 0.0,
                "power": 0.0,
                "delay": 0.0,
                "slew": 0.0,
                "congestion": 0.0,
                "drc_type": []
            },
            "wire": {
                "id1": 131680,
                "x1": 86400,
                "y1": 58800,
                "real_x1": 86610,
                "real_y1": 58800,
                "r1": 245,
                "c1": 360,
                "l1": 0,
                "p1": 75,
                "id2": 706272,
                "x2": 86400,
                "y2": 58800,
                "real_x2": 86610,
                "real_y2": 58800,
                "r2": 245,
                "c2": 360,
                "l2": 2,
                "p2": -1,
                "via": 0
            },
            "path_num": 1,
            "paths": [
                {
                    "id1": 131680,
                    "x1": 86400,
                    "y1": 58800,
                    "real_x1": 86610,
                    "real_y1": 58800,
                    "r1": 245,
                    "c1": 360,
                    "l1": 0,
                    "p1": 75,
                    "id2": 706272,
                    "x2": 86400,
                    "y2": 58800,
                    "real_x2": 86610,
                    "real_y2": 58800,
                    "r2": 245,
                    "c2": 360,
                    "l2": 2,
                    "p2": -1,
                    "via": 0
                }
            ],
            "patch_num": 1,
            "patchs": [
                410
            ]
        },
        {
            "id": 295,
            "feature": {
                "wire_width": 0,
                "wire_len": 0,
                "wire_density": 0.0,
                "drc_num": 0,
                "R": 0.0,
                "C": 0.00014804757967999986,
                "power": 4.1639399832090206e-06,
                "delay": 0.0,
                "slew": 0.0,
                "congestion": 0.0,
                "drc_type": []
            },
            "wire": {
                "id1": 130083,
                "x1": 89040,
                "y1": 58080,
                "real_x1": 89040,
                "real_y1": 58305,
                "r1": 242,
                "c1": 371,
                "l1": 0,
                "p1": 76,
                "id2": 704675,
                "x2": 89040,
                "y2": 58080,
                "real_x2": 89040,
                "real_y2": 58305,
                "r2": 242,
                "c2": 371,
                "l2": 2,
                "p2": -1,
                "via": 0
            },
            "path_num": 1,
            "paths": [
                {
                    "id1": 130083,
                    "x1": 89040,
                    "y1": 58080,
                    "real_x1": 89040,
                    "real_y1": 58305,
                    "r1": 242,
                    "c1": 371,
                    "l1": 0,
                    "p1": 76,
                    "id2": 704675,
                    "x2": 89040,
                    "y2": 58080,
                    "real_x2": 89040,
                    "real_y2": 58305,
                    "r2": 242,
                    "c2": 371,
                    "l2": 2,
                    "p2": -1,
                    "via": 0
                }
            ],
            "patch_num": 1,
            "patchs": [
                410
            ]
        },
        {
            "id": 296,
            "feature": {
                "wire_width": 140,
                "wire_len": 3360,
                "wire_density": 2.8345263311437162e-05,
                "drc_num": 0,
                "R": 2.9999999999999996,
                "C": 0.00014804757967999986,
                "power": 4.1639399832090206e-06,
                "delay": 0.008034142739039999,
                "slew": 9.957645263902748e-10,
                "congestion": 3.0,
                "drc_type": []
            },
            "wire": {
                "id1": 706272,
                "x1": 86400,
                "y1": 58800,
                "real_x1": 86610,
                "real_y1": 58800,
                "r1": 245,
                "c1": 360,
                "l1": 2,
                "p1": -1,
                "id2": 704675,
                "x2": 89040,
                "y2": 58080,
                "real_x2": 89040,
                "real_y2": 58305,
                "r2": 242,
                "c2": 371,
                "l2": 2,
                "p2": -1
            },
            "path_num": 2,
            "paths": [
                {
                    "id1": 706272,
                    "x1": 86400,
                    "y1": 58800,
                    "real_x1": 86610,
                    "real_y1": 58800,
                    "r1": 245,
                    "c1": 360,
                    "l1": 2,
                    "p1": -1,
                    "id2": 706283,
                    "x2": 89040,
                    "y2": 58800,
                    "real_x2": 89040,
                    "real_y2": 58800,
                    "r2": 245,
                    "c2": 371,
                    "l2": 2,
                    "p2": -1
                },
                {
                    "id1": 706283,
                    "x1": 89040,
                    "y1": 58800,
                    "real_x1": 89040,
                    "real_y1": 58800,
                    "r1": 245,
                    "c1": 371,
                    "l1": 2,
                    "p1": -1,
                    "id2": 704675,
                    "x2": 89040,
                    "y2": 58080,
                    "real_x2": 89040,
                    "real_y2": 58305,
                    "r2": 242,
                    "c2": 371,
                    "l2": 2,
                    "p2": -1
                }
            ],
            "patch_num": 1,
            "patchs": [
                410
            ]
        }
    ],
    "routing_graph": {
        "vertices": [
            {
                "id": 0,
                "is_pin": 1,
                "is_driver_pin": 1,