{
    "id": 141,
    "name": "dpath/a_lt_b/_042_",
    "feature": {
        "llx": 31920,
        "lly": 37680,
        "urx": 36000,
        "ury": 38160,
        "wire_len": 4560,
        "via_num": 2,
        "drc_num": 0,
        "drc_type": [],
        "R": 8.14285714285714,
        "C": 0.00297778673056,
        "power": 9.648029007014401e-08,
        "delay": 0.011314065844354283,
        "slew": 0.0008447995726863083,
        "aspect_ratio": 9,
        "width": 4080,
        "height": 480,
        "area": 1958400,
        "volume": 1958400,
        "layer_ratio": [
            0.0,
            0.0,
            1.0,
            0.0,
            0.0,
            0.0,
            0.0,
            0.0,
            0.0,
            0.0,
            0.0
        ],
        "place_feature": {
            "pin_num": 2,
            "aspect_ratio": 21,
            "width": 4533,
            "height": 212,
            "area": 960996,
            "l_ness": 1.0,
            "hpwl": 4745,
            "rsmt": 4745
        }
    },
    "pin_num": 2,
    "pins": [
        {
            "id": 446,
            "i": "dpath/a_lt_b/_100_",
            "p": "Y",
            "driver": 1
        },
        {
            "id": 447,
            "i": "dpath/a_lt_b/_101_",
            "p": "B1",
            "driver": 0
        }
    ],
    "wire_num": 3,
    "wires": [
        {
            "id": 1776,
            "feature": {
                "wire_width": 0,
                "wire_len": 0,
                "wire_density": 0.0,
                "drc_num": 0,
                "R": 0.0,
                "C": 0.00019889336528000016,
                "power": 3.580080575040004e-06,
                "delay": 0.0,
                "slew": 0.0,
                "congestion": 0.0,
                "drc_type": []
            },
            "wire": {
                "id1": 85374,
                "x1": 36000,
                "y1": 38160,
                "real_x1": 36230,
                "real_y1": 38165,
                "r1": 159,
                "c1": 150,
                "l1": 0,
                "p1": 447,
                "id2": 659966,
                "x2": 36000,
                "y2": 38160,
                "real_x2": 36230,
                "real_y2": 38165,
                "r2": 159,
                "c2": 150,
                "l2": 2,
                "p2": -1,
                "via": 0
            },
            "path_num": 1,
            "paths": [
                {
                    "id1": 85374,
                    "x1": 36000,
                    "y1": 38160,
                    "real_x1": 36230,
                    "real_y1": 38165,
                    "r1": 159,
                    "c1": 150,
                    "l1": 0,
                    "p1": 447,
                    "id2": 659966,
                    "x2": 36000,
                    "y2": 38160,
                    "real_x2": 36230,
                    "real_y2": 38165,
                    "r2": 159,
                    "c2": 150,
                    "l2": 2,
                    "p2": -1,
                    "via": 0
                }
            ],
            "patch_num": 1,
            "patchs": [
                248
            ]
        },
        {
            "id": 1777,
            "feature": {
                "wire_width": 0,
                "wire_len": 0,
                "wire_density": 0.0,
                "drc_num": 0,
                "R": 0.0,
                "C": 0.0,
                "power": 0.0,
                "delay": 0.0,
                "slew": 0.0,
                "congestion": 0.0,
                "drc_type": []
            },
            "wire": {
                "id1": 84285,
                "x1": 31920,
                "y1": 37680,
                "real_x1": 31990,
                "real_y1": 37695,
                "r1": 157,
                "c1": 133,
                "l1": 0,
                "p1": 446,
                "id2": 658877,
                "x2": 31920,
                "y2": 37680,
                "real_x2": 31990,
                "real_y2": 37695,
                "r2": 157,
                "c2": 133,
                "l2": 2,
                "p2": -1,
                "via": 0
            },
            "path_num": 1,
            "paths": [
                {
                    "id1": 84285,
                    "x1": 31920,
                    "y1": 37680,
                    "real_x1": 31990,
                    "real_y1": 37695,
                    "r1": 157,
                    "c1": 133,
                    "l1": 0,
                    "p1": 446,
                    "id2": 658877,
                    "x2": 31920,
                    "y2": 37680,
                    "real_x2": 31990,
                    "real_y2": 37695,
                    "r2": 157,
                    "c2": 133,
                    "l2": 2,
                    "p2": -1,
                    "via": 0
                }
            ],
            "patch_num": 1,
            "patchs": [
                247
            ]
        },
        {
            "id": 1778,
            "feature": {
                "wire_width": 140,
                "wire_len": 4560,
                "wire_density": 3.846857163695043e-05,
                "drc_num": 0,
                "R": 4.07142857142857,
                "C": 0.00019889336528000016,
                "power": 3.580080575040004e-06,
                "delay": 0.011314065844354283,
                "slew": 8.495360109828098e-10,
                "congestion": 23.5,
                "drc_type": []
            },
            "wire": {
                "id1": 659966,
                "x1": 36000,
                "y1": 38160,
                "real_x1": 36230,
                "real_y1": 38165,
                "r1": 159,
                "c1": 150,
                "l1": 2,
                "p1": -1,
                "id2": 658877,
                "x2": 31920,
                "y2": 37680,
                "real_x2": 31990,
                "real_y2": 37695,
                "r2": 157,
                "c2": 133,
                "l2": 2,
                "p2": -1
            },
            "path_num": 5,
            "paths": [
                {
                    "id1": 659966,
                    "x1": 36000,
                    "y1": 38160,
                    "real_x1": 36230,
                    "real_y1": 38165,
                    "r1": 159,
                    "c1": 150,
                    "l1": 2,
                    "p1": -1,
                    "id2": 659965,
                    "x2": 35760,
                    "y2": 38160,
                    "real_x2": 35760,
                    "real_y2": 38165,
                    "r2": 159,
                    "c2": 149,
                    "l2": 2,
                    "p2": -1
                },
                {
                    "id1": 659965,
                    "x1": 35760,
                    "y1": 38160,
                    "real_x1": 35760,
                    "real_y1": 38165,
                    "r1": 159,
                    "c1": 149,
                    "l1": 2,
                    "p1": -1,
                    "id2": 659429,
                    "x2": 35760,
                    "y2": 37920,
                    "real_x2": 35760,
                    "real_y2": 38095,
                    "r2": 158,
                    "c2": 149,
                    "l2": 2,
                    "p2": -1
                },
                {
                    "id1": 659429,
                    "x1": 35760,
                    "y1": 37920,
                    "real_x1": 35760,
                    "real_y1": 38095,
                    "r1": 158,
                    "c1": 149,