{
    "id": 115,
    "name": "dpath/a_lt_b/_016_",
    "feature": {
        "llx": 44160,
        "lly": 10320,
        "urx": 44400,
        "ury": 14880,
        "wire_len": 4800,
        "via_num": 4,
        "drc_num": 0,
        "drc_type": [],
        "R": 8.571428571428568,
        "C": 0.00834744763856,
        "power": 2.7045730348934397e-07,
        "delay": 0.034897763456245706,
        "slew": 0.008586993724048156,
        "aspect_ratio": 19,
        "width": 240,
        "height": 4560,
        "area": 1094400,
        "volume": 2188800,
        "layer_ratio": [
            0.0,
            0.0,
            0.05000000074505806,
            0.0,
            0.949999988079071,
            0.0,
            0.0,
            0.0,
            0.0,
            0.0,
            0.0
        ],
        "place_feature": {
            "pin_num": 2,
            "aspect_ratio": 25,
            "width": 142,
            "height": 3537,
            "area": 502254,
            "l_ness": 1.0,
            "hpwl": 3679,
            "rsmt": 3679
        }
    },
    "pin_num": 2,
    "pins": [
        {
            "id": 378,
            "i": "dpath/a_lt_b/_164_",
            "p": "X",
            "driver": 1
        },
        {
            "id": 379,
            "i": "dpath/a_lt_b/_096_",
            "p": "B",
            "driver": 0
        }
    ],
    "wire_num": 6,
    "wires": [
        {
            "id": 1523,
            "feature": {
                "wire_width": 0,
                "wire_len": 0,
                "wire_density": 0.0,
                "drc_num": 0,
                "R": 0.0,
                "C": 0.0,
                "power": 0.0,
                "delay": 0.0,
                "slew": 0.0,
                "congestion": 0.0,
                "drc_type": []
            },
            "wire": {
                "id1": 33417,
                "x1": 44400,
                "y1": 14880,
                "real_x1": 44400,
                "real_y1": 15105,
                "r1": 62,
                "c1": 185,
                "l1": 0,
                "p1": 379,
                "id2": 608009,
                "x2": 44400,
                "y2": 14880,
                "real_x2": 44400,
                "real_y2": 15105,
                "r2": 62,
                "c2": 185,
                "l2": 2,
                "p2": -1,
                "via": 0
            },
            "path_num": 1,
            "paths": [
                {
                    "id1": 33417,
                    "x1": 44400,
                    "y1": 14880,
                    "real_x1": 44400,
                    "real_y1": 15105,
                    "r1": 62,
                    "c1": 185,
                    "l1": 0,
                    "p1": 379,
                    "id2": 608009,
                    "x2": 44400,
                    "y2": 14880,
                    "real_x2": 44400,
                    "real_y2": 15105,
                    "r2": 62,
                    "c2": 185,
                    "l2": 2,
                    "p2": -1,
                    "via": 0
                }
            ],
            "patch_num": 1,
            "patchs": [
                100
            ]
        },
        {
            "id": 1524,
            "feature": {
                "wire_width": 0,
                "wire_len": 0,
                "wire_density": 0.0,
                "drc_num": 0,
                "R": 0.0,
                "C": 0.0,
                "power": 0.0,
                "delay": 0.0,
                "slew": 0.0,
                "congestion": 0.0,
                "drc_type": []
            },
            "wire": {
                "id1": 23232,
                "x1": 44160,
                "y1": 10320,
                "real_x1": 44370,
                "real_y1": 10505,
                "r1": 43,
                "c1": 184,
                "l1": 0,
                "p1": 378,
                "id2": 597824,
                "x2": 44160,
                "y2": 10320,
                "real_x2": 44370,
                "real_y2": 10505,
                "r2": 43,
                "c2": 184,
                "l2": 2,
                "p2": -1,
                "via": 0
            },
            "path_num": 1,
            "paths": [
                {
                    "id1": 23232,
                    "x1": 44160,
                    "y1": 10320,
                    "real_x1": 44370,
                    "real_y1": 10505,
                    "r1": 43,
                    "c1": 184,
                    "l1": 0,
                    "p1": 378,
                    "id2": 597824,
                    "x2": 44160,
                    "y2": 10320,
                    "real_x2": 44370,
                    "real_y2": 10505,
                    "r2": 43,
                    "c2": 184,
                    "l2": 2,
                    "p2": -1,
                    "via": 0
                }
            ],
            "patch_num": 1,
            "patchs": [
                70
            ]
        },
        {
            "id": 1525,
            "feature": {
                "wire_width": 0,
                "wire_len": 0,
                "wire_density": 0.0,
                "drc_num": 0,
                "R": 0.0,
                "C": 1.5848537120000117e-05,
                "power": 2.852736681600073e-07,
                "delay": 0.0,
                "slew": 0.0,
                "congestion": 0.0,
                "drc_type": []
            },
            "wire": {
                "id1": 597825,
                "x1": 44400,
                "y1": 10320,
                "real_x1": 44400,
                "real_y1": 10505,
                "r1": 43,
                "c1": 185,
                "l1": 2,
                "p1": -1,
                "id2": 1172417,
                "x2": 44400,
                "y2": 10320,
                "real_x2": 44400,
                "real_y2": 10505,
                "r2": 43,
                "c2": 185,
                "l2": 4,
                "p2": -1,
                "via": 5
            },
            "path_num": 1,
            "paths": [
                {
                    "id1": 597825,
                    "x1": 44400,
                    "y1": 10320,
                    "real_x1": 44400,
                    "real_y1": 10505,
                    "r1": 43,
                    "c1": 185,
                    "l1": 2,
                    "p1": -1,
                    "id2": 1172417,
                    "x2": 44400,
                    "y2": 10320,
                    "real_x2": 44400,
                    "real_y2": 10505,
                    "r2": 43,
                    "c2": 185,
                    "l2": 4,
                    "p2": -1,
                    "via": 5
                }
            ],
            "patch_num": 1,
            "patchs": [
                70
            ]
        },
        {
            "id": 1526,
            "feature": {
                "wire_width": 0,
                "wire_len": 0,
                "wire_density": 0.0,
                "drc_num": 0,
                "R": 0.0,
                "C": 0.00018287528215999924,
                "power": 3.291755078879975e-06,
                "delay": 0.0,
                "slew": 0.0,
                "congestion": 0.0,
                "drc_type": []
            },
            "wire": {
                "id1": 608009,
                "x1": 44400,
                "y1": 14880,
                "real_x1": 44400,
                "real_y1": 15105,
                "r1": 62,
                "c1": 185,
                "l1": 2,
                "p1": -1,
                "id2": 1182601,
                "x2": 44400,
                "y2": 14880,