{
    "id": 322,
    "name": "dpath/a_reg/_029_",
    "feature": {
        "llx": 45840,
        "lly": 61200,
        "urx": 52800,
        "ury": 62160,
        "wire_len": 8160,
        "via_num": 2,
        "drc_num": 0,
        "drc_type": [],
        "R": 14.571428571428571,
        "C": 0.0032328614441600005,
        "power": 2.031708024330407e-07,
        "delay": 0.020993280975154287,
        "slew": 0.004980083081163857,
        "aspect_ratio": 7,
        "width": 6960,
        "height": 960,
        "area": 6681600,
        "volume": 6681600,
        "layer_ratio": [
            0.0,
            0.0,
            1.0,
            0.0,
            0.0,
            0.0,
            0.0,
            0.0,
            0.0,
            0.0,
            0.0
        ],
        "place_feature": {
            "pin_num": 2,
            "aspect_ratio": 96,
            "width": 7394,
            "height": 77,
            "area": 569338,
            "l_ness": 1.0,
            "hpwl": 7471,
            "rsmt": 7471
        }
    },
    "pin_num": 2,
    "pins": [
        {
            "id": 877,
            "i": "dpath/a_reg/_074_",
            "p": "X",
            "driver": 1
        },
        {
            "id": 878,
            "i": "dpath/a_reg/_107_",
            "p": "A",
            "driver": 0
        }
    ],
    "wire_num": 3,
    "wires": [
        {
            "id": 3540,
            "feature": {
                "wire_width": 0,
                "wire_len": 0,
                "wire_density": 0.0,
                "drc_num": 0,
                "R": 0.0,
                "C": 0.0003514307220800002,
                "power": 1.226991131848327e-05,
                "delay": 0.0,
                "slew": 0.0,
                "congestion": 0.0,
                "drc_type": []
            },
            "wire": {
                "id1": 137407,
                "x1": 45840,
                "y1": 61440,
                "real_x1": 45840,
                "real_y1": 61655,
                "r1": 256,
                "c1": 191,
                "l1": 0,
                "p1": 878,
                "id2": 711999,
                "x2": 45840,
                "y2": 61440,
                "real_x2": 45840,
                "real_y2": 61655,
                "r2": 256,
                "c2": 191,
                "l2": 2,
                "p2": -1,
                "via": 0
            },
            "path_num": 1,
            "paths": [
                {
                    "id1": 137407,
                    "x1": 45840,
                    "y1": 61440,
                    "real_x1": 45840,
                    "real_y1": 61655,
                    "r1": 256,
                    "c1": 191,
                    "l1": 0,
                    "p1": 878,
                    "id2": 711999,
                    "x2": 45840,
                    "y2": 61440,
                    "real_x2": 45840,
                    "real_y2": 61655,
                    "r2": 256,
                    "c2": 191,
                    "l2": 2,
                    "p2": -1,
                    "via": 0
                }
            ],
            "patch_num": 1,
            "patchs": [
                430
            ]
        },
        {
            "id": 3541,
            "feature": {
                "wire_width": 0,
                "wire_len": 0,
                "wire_density": 0.0,
                "drc_num": 0,
                "R": 0.0,
                "C": 0.0,
                "power": 0.0,
                "delay": 0.0,
                "slew": 0.0,
                "congestion": 0.0,
                "drc_type": []
            },
            "wire": {
                "id1": 139044,
                "x1": 52800,
                "y1": 62160,
                "real_x1": 53010,
                "real_y1": 62225,
                "r1": 259,
                "c1": 220,
                "l1": 0,
                "p1": 877,
                "id2": 713636,
                "x2": 52800,
                "y2": 62160,
                "real_x2": 53010,
                "real_y2": 62225,
                "r2": 259,
                "c2": 220,
                "l2": 2,
                "p2": -1,
                "via": 0
            },
            "path_num": 1,
            "paths": [
                {
                    "id1": 139044,
                    "x1": 52800,
                    "y1": 62160,
                    "real_x1": 53010,
                    "real_y1": 62225,
                    "r1": 259,
                    "c1": 220,
                    "l1": 0,
                    "p1": 877,
                    "id2": 713636,
                    "x2": 52800,
                    "y2": 62160,
                    "real_x2": 53010,
                    "real_y2": 62225,
                    "r2": 259,
                    "c2": 220,
                    "l2": 2,
                    "p2": -1,
                    "via": 0
                }
            ],
            "patch_num": 1,
            "patchs": [
                432
            ]
        },
        {
            "id": 3542,
            "feature": {
                "wire_width": 140,
                "wire_len": 8160,
                "wire_density": 6.883849661349025e-05,
                "drc_num": 0,
                "R": 7.285714285714286,
                "C": 0.0003514307220800002,
                "power": 1.2269911318483283e-05,
                "delay": 0.020993280975154287,
                "slew": 6.051488567193619e-09,
                "congestion": 13.5,
                "drc_type": []
            },
            "wire": {
                "id1": 711999,
                "x1": 45840,
                "y1": 61440,
                "real_x1": 45840,
                "real_y1": 61655,
                "r1": 256,
                "c1": 191,
                "l1": 2,
                "p1": -1,
                "id2": 713636,
                "x2": 52800,
                "y2": 62160,
                "real_x2": 53010,
                "real_y2": 62225,
                "r2": 259,
                "c2": 220,
                "l2": 2,
                "p2": -1
            },
            "path_num": 5,
            "paths": [
                {
                    "id1": 711999,
                    "x1": 45840,
                    "y1": 61440,
                    "real_x1": 45840,
                    "real_y1": 61655,
                    "r1": 256,
                    "c1": 191,
                    "l1": 2,
                    "p1": -1,
                    "id2": 712013,
                    "x2": 49200,
                    "y2": 61440,
                    "real_x2": 49200,
                    "real_y2": 61655,
                    "r2": 256,
                    "c2": 205,
                    "l2": 2,
                    "p2": -1
                },
                {
                    "id1": 712013,
                    "x1": 49200,
                    "y1": 61440,
                    "real_x1": 49200,
                    "real_y1": 61655,
                    "r1": 256,
                    "c1": 205,
                    "l1": 2,
                    "p1": -1,
                    "id2": 711477,
                    "x2": 49200,
                    "y2": 61200,
                    "real_x2": 49200,
                    "real_y2": 61200,
                    "r2": 255,
                    "c2": 205,
                    "l2": 2,
                    "p2": -1
                },
                {
                    "id1": 711477,
                    "x1": 49200,
                    "y1": 61200,
                    "real_x1": 49200,
                    "real_y1": 61200,
                    "r1": 255,
                    "c1": 205,