{
    "id": 461,
    "name": "dpath/b_reg/_052_",
    "feature": {
        "llx": 22800,
        "lly": 84240,
        "urx": 28560,
        "ury": 84720,
        "wire_len": 6480,
        "via_num": 2,
        "drc_num": 0,
        "drc_type": [],
        "R": 11.571428571428571,
        "C": 0.00362049324448,
        "power": 1.17303981121152e-07,
        "delay": 0.019325712600102855,
        "slew": 0.004637933112947662,
        "aspect_ratio": 12,
        "width": 5760,
        "height": 480,
        "area": 2764800,
        "volume": 2764800,
        "layer_ratio": [
            0.0,
            0.0,
            1.0,
            0.0,
            0.0,
            0.0,
            0.0,
            0.0,
            0.0,
            0.0,
            0.0
        ],
        "place_feature": {
            "pin_num": 2,
            "aspect_ratio": 34,
            "width": 5842,
            "height": 173,
            "area": 1010666,
            "l_ness": 1.0,
            "hpwl": 6015,
            "rsmt": 6015
        }
    },
    "pin_num": 2,
    "pins": [
        {
            "id": 1200,
            "i": "dpath/b_reg/_117_",
            "p": "X",
            "driver": 1
        },
        {
            "id": 1201,
            "i": "dpath/b_reg/_078_",
            "p": "A0",
            "driver": 0
        }
    ],
    "wire_num": 3,
    "wires": [
        {
            "id": 4746,
            "feature": {
                "wire_width": 0,
                "wire_len": 0,
                "wire_density": 0.0,
                "drc_num": 0,
                "R": 0.0,
                "C": 0.0,
                "power": 0.0,
                "delay": 0.0,
                "slew": 0.0,
                "congestion": 0.0,
                "drc_type": []
            },
            "wire": {
                "id1": 189327,
                "x1": 28560,
                "y1": 84720,
                "real_x1": 28625,
                "real_y1": 84720,
                "r1": 353,
                "c1": 119,
                "l1": 0,
                "p1": 1200,
                "id2": 763919,
                "x2": 28560,
                "y2": 84720,
                "real_x2": 28560,
                "real_y2": 84720,
                "r2": 353,
                "c2": 119,
                "l2": 2,
                "p2": -1,
                "via": 0
            },
            "path_num": 1,
            "paths": [
                {
                    "id1": 189327,
                    "x1": 28560,
                    "y1": 84720,
                    "real_x1": 28625,
                    "real_y1": 84720,
                    "r1": 353,
                    "c1": 119,
                    "l1": 0,
                    "p1": 1200,
                    "id2": 763919,
                    "x2": 28560,
                    "y2": 84720,
                    "real_x2": 28560,
                    "real_y2": 84720,
                    "r2": 353,
                    "c2": 119,
                    "l2": 2,
                    "p2": -1,
                    "via": 0
                }
            ],
            "patch_num": 1,
            "patchs": [
                576
            ]
        },
        {
            "id": 4747,
            "feature": {
                "wire_width": 0,
                "wire_len": 0,
                "wire_density": 0.0,
                "drc_num": 0,
                "R": 0.0,
                "C": 0.00028024662224000003,
                "power": 5.044439200320001e-06,
                "delay": 0.0,
                "slew": 0.0,
                "congestion": 0.0,
                "drc_type": []
            },
            "wire": {
                "id1": 188767,
                "x1": 22800,
                "y1": 84480,
                "real_x1": 22800,
                "real_y1": 84715,
                "r1": 352,
                "c1": 95,
                "l1": 0,
                "p1": 1201,
                "id2": 763359,
                "x2": 22800,
                "y2": 84480,
                "real_x2": 22800,
                "real_y2": 84715,
                "r2": 352,
                "c2": 95,
                "l2": 2,
                "p2": -1,
                "via": 0
            },
            "path_num": 1,
            "paths": [
                {
                    "id1": 188767,
                    "x1": 22800,
                    "y1": 84480,
                    "real_x1": 22800,
                    "real_y1": 84715,
                    "r1": 352,
                    "c1": 95,
                    "l1": 0,
                    "p1": 1201,
                    "id2": 763359,
                    "x2": 22800,
                    "y2": 84480,
                    "real_x2": 22800,
                    "real_y2": 84715,
                    "r2": 352,
                    "c2": 95,
                    "l2": 2,
                    "p2": -1,
                    "via": 0
                }
            ],
            "patch_num": 1,
            "patchs": [
                575
            ]
        },
        {
            "id": 4748,
            "feature": {
                "wire_width": 140,
                "wire_len": 6480,
                "wire_density": 5.4665864957771666e-05,
                "drc_num": 0,
                "R": 5.785714285714286,
                "C": 0.00028024662224000003,
                "power": 5.044439200320008e-06,
                "delay": 0.019325712600102855,
                "slew": 4.92137493257605e-09,
                "congestion": -18.5,
                "drc_type": []
            },
            "wire": {
                "id1": 763919,
                "x1": 28560,
                "y1": 84720,
                "real_x1": 28560,
                "real_y1": 84720,
                "r1": 353,
                "c1": 119,
                "l1": 2,
                "p1": -1,
                "id2": 763359,
                "x2": 22800,
                "y2": 84480,
                "real_x2": 22800,
                "real_y2": 84715,
                "r2": 352,
                "c2": 95,
                "l2": 2,
                "p2": -1
            },
            "path_num": 4,
            "paths": [
                {
                    "id1": 763919,
                    "x1": 28560,
                    "y1": 84720,
                    "real_x1": 28560,
                    "real_y1": 84720,
                    "r1": 353,
                    "c1": 119,
                    "l1": 2,
                    "p1": -1,
                    "id2": 762847,
                    "x2": 28560,
                    "y2": 84240,
                    "real_x2": 28560,
                    "real_y2": 84240,
                    "r2": 351,
                    "c2": 119,
                    "l2": 2,
                    "p2": -1
                },
                {
                    "id1": 762847,
                    "x1": 28560,
                    "y1": 84240,
                    "real_x1": 28560,
                    "real_y1": 84240,
                    "r1": 351,
                    "c1": 119,
                    "l1": 2,
                    "p1": -1,
                    "id2": 762841,
                    "x2": 27120,
                    "y2": 84240,
                    "real_x2": 27120,
                    "real_y2": 84240,
                    "r2": 351,
                    "c2": 113,
                    "l2": 2,
                    "p2": -1
                },
                {
                    "id1": 762841,
                    "x1": 27120,
                    "y1": 84240,
                    "real_x1": 27120,
                    "real_y1": 84240,
                    "r1": 351,
                    "c1": 113,