{
    "id": 436,
    "name": "dpath/b_reg/_027_",
    "feature": {
        "llx": 11280,
        "lly": 40320,
        "urx": 13200,
        "ury": 41520,
        "wire_len": 3120,
        "via_num": 4,
        "drc_num": 0,
        "drc_type": [],
        "R": 5.571428571428571,
        "C": 0.00280975043328,
        "power": 2.0880396169670835e-07,
        "delay": 0.0074364924520800004,
        "slew": 0.00068854438641755,
        "aspect_ratio": 2,
        "width": 1920,
        "height": 1200,
        "area": 2304000,
        "volume": 4608000,
        "layer_ratio": [
            0.0,
            0.0,
            0.6899999976158142,
            0.0,
            0.3100000023841858,
            0.0,
            0.0,
            0.0,
            0.0,
            0.0,
            0.0
        ],
        "place_feature": {
            "pin_num": 2,
            "aspect_ratio": 22,
            "width": 1726,
            "height": 77,
            "area": 132902,
            "l_ness": 1.0,
            "hpwl": 1803,
            "rsmt": 1803
        }
    },
    "pin_num": 2,
    "pins": [
        {
            "id": 1135,
            "i": "dpath/b_reg/_072_",
            "p": "X",
            "driver": 1
        },
        {
            "id": 1136,
            "i": "dpath/b_reg/_101_",
            "p": "A",
            "driver": 0
        }
    ],
    "wire_num": 6,
    "wires": [
        {
            "id": 4493,
            "feature": {
                "wire_width": 0,
                "wire_len": 0,
                "wire_density": 0.0,
                "drc_num": 0,
                "R": 0.0,
                "C": 4.267342256000003e-05,
                "power": 1.76179737534041e-06,
                "delay": 0.0,
                "slew": 0.0,
                "congestion": 0.0,
                "drc_type": []
            },
            "wire": {
                "id1": 667375,
                "x1": 13200,
                "y1": 41520,
                "real_x1": 13200,
                "real_y1": 41595,
                "r1": 173,
                "c1": 55,
                "l1": 2,
                "p1": -1,
                "id2": 1241967,
                "x2": 13200,
                "y2": 41520,
                "real_x2": 13200,
                "real_y2": 41595,
                "r2": 173,
                "c2": 55,
                "l2": 4,
                "p2": -1,
                "via": 5
            },
            "path_num": 1,
            "paths": [
                {
                    "id1": 667375,
                    "x1": 13200,
                    "y1": 41520,
                    "real_x1": 13200,
                    "real_y1": 41595,
                    "r1": 173,
                    "c1": 55,
                    "l1": 2,
                    "p1": -1,
                    "id2": 1241967,
                    "x2": 13200,
                    "y2": 41520,
                    "real_x2": 13200,
                    "real_y2": 41595,
                    "r2": 173,
                    "c2": 55,
                    "l2": 4,
                    "p2": -1,
                    "via": 5
                }
            ],
            "patch_num": 1,
            "patchs": [
                273
            ]
        },
        {
            "id": 4494,
            "feature": {
                "wire_width": 0,
                "wire_len": 0,
                "wire_density": 0.0,
                "drc_num": 0,
                "R": 0.0,
                "C": 0.0,
                "power": 0.0,
                "delay": 0.0,
                "slew": 0.0,
                "congestion": 0.0,
                "drc_type": []
            },
            "wire": {
                "id1": 90095,
                "x1": 11280,
                "y1": 40320,
                "real_x1": 11280,
                "real_y1": 40550,
                "r1": 168,
                "c1": 47,
                "l1": 0,
                "p1": 1135,
                "id2": 664687,
                "x2": 11280,
                "y2": 40320,
                "real_x2": 11280,
                "real_y2": 40550,
                "r2": 168,
                "c2": 47,
                "l2": 2,
                "p2": -1,
                "via": 0
            },
            "path_num": 1,
            "paths": [
                {
                    "id1": 90095,
                    "x1": 11280,
                    "y1": 40320,
                    "real_x1": 11280,
                    "real_y1": 40550,
                    "r1": 168,
                    "c1": 47,
                    "l1": 0,
                    "p1": 1135,
                    "id2": 664687,
                    "x2": 11280,
                    "y2": 40320,
                    "real_x2": 11280,
                    "real_y2": 40550,
                    "r2": 168,
                    "c2": 47,
                    "l2": 2,
                    "p2": -1,
                    "via": 0
                }
            ],
            "patch_num": 1,
            "patchs": [
                272
            ]
        },
        {
            "id": 4495,
            "feature": {
                "wire_width": 0,
                "wire_len": 0,
                "wire_density": 0.0,
                "drc_num": 0,
                "R": 0.0,
                "C": 9.720179407999999e-05,
                "power": 4.013033298365994e-06,
                "delay": 0.0,
                "slew": 0.0,
                "congestion": 0.0,
                "drc_type": []
            },
            "wire": {
                "id1": 665231,
                "x1": 13200,
                "y1": 40560,
                "real_x1": 13200,
                "real_y1": 40560,
                "r1": 169,
                "c1": 55,
                "l1": 2,
                "p1": -1,
                "id2": 1239823,
                "x2": 13200,
                "y2": 40560,
                "real_x2": 13200,
                "real_y2": 40560,
                "r2": 169,
                "c2": 55,
                "l2": 4,
                "p2": -1,
                "via": 5
            },
            "path_num": 1,
            "paths": [
                {
                    "id1": 665231,
                    "x1": 13200,
                    "y1": 40560,
                    "real_x1": 13200,
                    "real_y1": 40560,
                    "r1": 169,
                    "c1": 55,
                    "l1": 2,
                    "p1": -1,
                    "id2": 1239823,
                    "x2": 13200,
                    "y2": 40560,
                    "real_x2": 13200,
                    "real_y2": 40560,
                    "r2": 169,
                    "c2": 55,
                    "l2": 4,
                    "p2": -1,
                    "via": 5
                }
            ],
            "patch_num": 1,
            "patchs": [
                273
            ]
        },
        {
            "id": 4496,
            "feature": {
                "wire_width": 140,
                "wire_len": 960,
                "wire_density": 8.098646660410618e-06,
                "drc_num": 0,
                "R": 0.857142857142857,
                "C": 4.267342256000003e-05,
                "power": 1.76179737534041e-06,
                "delay": 0.002205148647908571,
                "slew": 7.093626380738627e-11,
                "congestion": -7.5,
                "drc_type": []
            },
            "wire": {
                "id1": 1239823,
                "x1": 13200,
                "y1": 40560,
                "real_x1": 13200,
                "real_y1": 40560,
                "r1": 169,
                "c1": 55,
                "l1": 4,