{
    "id": 158,
    "name": "dpath/a_lt_b/_059_",
    "feature": {
        "llx": 106080,
        "lly": 91200,
        "urx": 109920,
        "ury": 91920,
        "wire_len": 4560,
        "via_num": 2,
        "drc_num": 0,
        "drc_type": [],
        "R": 8.14285714285714,
        "C": 0.00544778673056,
        "power": 1.76508290070144e-07,
        "delay": 0.02137049441578285,
        "slew": 0.005496523608110274,
        "aspect_ratio": 5,
        "width": 3840,
        "height": 720,
        "area": 2764800,
        "volume": 2764800,
        "layer_ratio": [
            0.0,
            0.0,
            1.0,
            0.0,
            0.0,
            0.0,
            0.0,
            0.0,
            0.0,
            0.0,
            0.0
        ],
        "place_feature": {
            "pin_num": 2,
            "aspect_ratio": 9,
            "width": 4067,
            "height": 474,
            "area": 1927758,
            "l_ness": 1.0,
            "hpwl": 4541,
            "rsmt": 4541
        }
    },
    "pin_num": 2,
    "pins": [
        {
            "id": 487,
            "i": "dpath/a_lt_b/_117_",
            "p": "X",
            "driver": 1
        },
        {
            "id": 488,
            "i": "dpath/a_lt_b/_122_",
            "p": "A",
            "driver": 0
        }
    ],
    "wire_num": 3,
    "wires": [
        {
            "id": 1924,
            "feature": {
                "wire_width": 0,
                "wire_len": 0,
                "wire_density": 0.0,
                "drc_num": 0,
                "R": 0.0,
                "C": 0.00019889336528000016,
                "power": 3.5800805750400106e-06,
                "delay": 0.0,
                "slew": 0.0,
                "congestion": 0.0,
                "drc_type": []
            },
            "wire": {
                "id1": 204122,
                "x1": 106080,
                "y1": 91200,
                "real_x1": 106210,
                "real_y1": 91430,
                "r1": 380,
                "c1": 442,
                "l1": 0,
                "p1": 488,
                "id2": 778714,
                "x2": 106080,
                "y2": 91200,
                "real_x2": 106210,
                "real_y2": 91430,
                "r2": 380,
                "c2": 442,
                "l2": 2,
                "p2": -1,
                "via": 0
            },
            "path_num": 1,
            "paths": [
                {
                    "id1": 204122,
                    "x1": 106080,
                    "y1": 91200,
                    "real_x1": 106210,
                    "real_y1": 91430,
                    "r1": 380,
                    "c1": 442,
                    "l1": 0,
                    "p1": 488,
                    "id2": 778714,
                    "x2": 106080,
                    "y2": 91200,
                    "real_x2": 106210,
                    "real_y2": 91430,
                    "r2": 380,
                    "c2": 442,
                    "l2": 2,
                    "p2": -1,
                    "via": 0
                }
            ],
            "patch_num": 1,
            "patchs": [
                654
            ]
        },
        {
            "id": 1925,
            "feature": {
                "wire_width": 0,
                "wire_len": 0,
                "wire_density": 0.0,
                "drc_num": 0,
                "R": 0.0,
                "C": 0.0,
                "power": 0.0,
                "delay": 0.0,
                "slew": 0.0,
                "congestion": 0.0,
                "drc_type": []
            },
            "wire": {
                "id1": 205746,
                "x1": 109920,
                "y1": 91920,
                "real_x1": 110130,
                "real_y1": 91975,
                "r1": 383,
                "c1": 458,
                "l1": 0,
                "p1": 487,
                "id2": 780338,
                "x2": 109920,
                "y2": 91920,
                "real_x2": 110130,
                "real_y2": 91975,
                "r2": 383,
                "c2": 458,
                "l2": 2,
                "p2": -1,
                "via": 0
            },
            "path_num": 1,
            "paths": [
                {
                    "id1": 205746,
                    "x1": 109920,
                    "y1": 91920,
                    "real_x1": 110130,
                    "real_y1": 91975,
                    "r1": 383,
                    "c1": 458,
                    "l1": 0,
                    "p1": 487,
                    "id2": 780338,
                    "x2": 109920,
                    "y2": 91920,
                    "real_x2": 110130,
                    "real_y2": 91975,
                    "r2": 383,
                    "c2": 458,
                    "l2": 2,
                    "p2": -1,
                    "via": 0
                }
            ],
            "patch_num": 1,
            "patchs": [
                655
            ]
        },
        {
            "id": 1926,
            "feature": {
                "wire_width": 140,
                "wire_len": 4560,
                "wire_density": 3.846857163695043e-05,
                "drc_num": 0,
                "R": 4.07142857142857,
                "C": 0.00019889336528000016,
                "power": 3.580080575039997e-06,
                "delay": 0.02137049441578285,
                "slew": 5.885890261292381e-09,
                "congestion": 0.5,
                "drc_type": []
            },
            "wire": {
                "id1": 778714,
                "x1": 106080,
                "y1": 91200,
                "real_x1": 106210,
                "real_y1": 91430,
                "r1": 380,
                "c1": 442,
                "l1": 2,
                "p1": -1,
                "id2": 780338,
                "x2": 109920,
                "y2": 91920,
                "real_x2": 110130,
                "real_y2": 91975,
                "r2": 383,
                "c2": 458,
                "l2": 2,
                "p2": -1
            },
            "path_num": 3,
            "paths": [
                {
                    "id1": 778714,
                    "x1": 106080,
                    "y1": 91200,
                    "real_x1": 106210,
                    "real_y1": 91430,
                    "r1": 380,
                    "c1": 442,
                    "l1": 2,
                    "p1": -1,
                    "id2": 778715,
                    "x2": 106320,
                    "y2": 91200,
                    "real_x2": 106320,
                    "real_y2": 91430,
                    "r2": 380,
                    "c2": 443,
                    "l2": 2,
                    "p2": -1
                },
                {
                    "id1": 778715,
                    "x1": 106320,
                    "y1": 91200,
                    "real_x1": 106320,
                    "real_y1": 91430,
                    "r1": 380,
                    "c1": 443,
                    "l1": 2,
                    "p1": -1,
                    "id2": 780323,
                    "x2": 106320,
                    "y2": 91920,
                    "real_x2": 106320,
                    "real_y2": 91975,
                    "r2": 383,
                    "c2": 443,
                    "l2": 2,
                    "p2": -1
                },
                {
                    "id1": 780323,
                    "x1": 106320,
                    "y1": 91920,
                    "real_x1": 106320,
                    "real_y1": 91975,
                    "r1": 383,