{
    "id": 612,
    "name": "dpath/sub/_112_",
    "feature": {
        "llx": 79200,
        "lly": 4800,
        "urx": 83760,
        "ury": 5520,
        "wire_len": 5280,
        "via_num": 2,
        "drc_num": 0,
        "drc_type": [],
        "R": 9.428571428571429,
        "C": 0.0029888016732800005,
        "power": 1.9823723285807391e-07,
        "delay": 0.013008603944160002,
        "slew": 0.001967679896254959,
        "aspect_ratio": 6,
        "width": 4560,
        "height": 720,
        "area": 3283200,
        "volume": 3283200,
        "layer_ratio": [
            0.0,
            0.0,
            1.0,
            0.0,
            0.0,
            0.0,
            0.0,
            0.0,
            0.0,
            0.0,
            0.0
        ],
        "place_feature": {
            "pin_num": 2,
            "aspect_ratio": 88,
            "width": 3685,
            "height": 42,
            "area": 154770,
            "l_ness": 1.0,
            "hpwl": 3727,
            "rsmt": 3727
        }
    },
    "pin_num": 2,
    "pins": [
        {
            "id": 1605,
            "i": "dpath/sub/_123_",
            "p": "X",
            "driver": 1
        },
        {
            "id": 1606,
            "i": "dpath/sub/_215_",
            "p": "A",
            "driver": 0
        }
    ],
    "wire_num": 3,
    "wires": [
        {
            "id": 6229,
            "feature": {
                "wire_width": 0,
                "wire_len": 0,
                "wire_density": 0.0,
                "drc_num": 0,
                "R": 0.0,
                "C": 0.00022940083664000016,
                "power": 8.45299518410039e-06,
                "delay": 0.0,
                "slew": 0.0,
                "congestion": 0.0,
                "drc_type": []
            },
            "wire": {
                "id1": 11069,
                "x1": 83760,
                "y1": 4800,
                "real_x1": 83760,
                "real_y1": 5025,
                "r1": 20,
                "c1": 349,
                "l1": 0,
                "p1": 1606,
                "id2": 585661,
                "x2": 83760,
                "y2": 4800,
                "real_x2": 83760,
                "real_y2": 5025,
                "r2": 20,
                "c2": 349,
                "l2": 2,
                "p2": -1,
                "via": 0
            },
            "path_num": 1,
            "paths": [
                {
                    "id1": 11069,
                    "x1": 83760,
                    "y1": 4800,
                    "real_x1": 83760,
                    "real_y1": 5025,
                    "r1": 20,
                    "c1": 349,
                    "l1": 0,
                    "p1": 1606,
                    "id2": 585661,
                    "x2": 83760,
                    "y2": 4800,
                    "real_x2": 83760,
                    "real_y2": 5025,
                    "r2": 20,
                    "c2": 349,
                    "l2": 2,
                    "p2": -1,
                    "via": 0
                }
            ],
            "patch_num": 1,
            "patchs": [
                49
            ]
        },
        {
            "id": 6230,
            "feature": {
                "wire_width": 0,
                "wire_len": 0,
                "wire_density": 0.0,
                "drc_num": 0,
                "R": 0.0,
                "C": 0.0,
                "power": 0.0,
                "delay": 0.0,
                "slew": 0.0,
                "congestion": 0.0,
                "drc_type": []
            },
            "wire": {
                "id1": 12658,
                "x1": 79200,
                "y1": 5520,
                "real_x1": 79405,
                "real_y1": 5520,
                "r1": 23,
                "c1": 330,
                "l1": 0,
                "p1": 1605,
                "id2": 587250,
                "x2": 79200,
                "y2": 5520,
                "real_x2": 79405,
                "real_y2": 5520,
                "r2": 23,
                "c2": 330,
                "l2": 2,
                "p2": -1,
                "via": 0
            },
            "path_num": 1,
            "paths": [
                {
                    "id1": 12658,
                    "x1": 79200,
                    "y1": 5520,
                    "real_x1": 79405,
                    "real_y1": 5520,
                    "r1": 23,
                    "c1": 330,
                    "l1": 0,
                    "p1": 1605,
                    "id2": 587250,
                    "x2": 79200,
                    "y2": 5520,
                    "real_x2": 79405,
                    "real_y2": 5520,
                    "r2": 23,
                    "c2": 330,
                    "l2": 2,
                    "p2": -1,
                    "via": 0
                }
            ],
            "patch_num": 1,
            "patchs": [
                48
            ]
        },
        {
            "id": 6231,
            "feature": {
                "wire_width": 140,
                "wire_len": 5280,
                "wire_density": 4.4542556632258395e-05,
                "drc_num": 0,
                "R": 4.714285714285714,
                "C": 0.00022940083664000016,
                "power": 8.452995184100404e-06,
                "delay": 0.013008603944160002,
                "slew": 2.01375362912648e-09,
                "congestion": 0.5,
                "drc_type": []
            },
            "wire": {
                "id1": 585661,
                "x1": 83760,
                "y1": 4800,
                "real_x1": 83760,
                "real_y1": 5025,
                "r1": 20,
                "c1": 349,
                "l1": 2,
                "p1": -1,
                "id2": 587250,
                "x2": 79200,
                "y2": 5520,
                "real_x2": 79405,
                "real_y2": 5520,
                "r2": 23,
                "c2": 330,
                "l2": 2,
                "p2": -1
            },
            "path_num": 3,
            "paths": [
                {
                    "id1": 585661,
                    "x1": 83760,
                    "y1": 4800,
                    "real_x1": 83760,
                    "real_y1": 5025,
                    "r1": 20,
                    "c1": 349,
                    "l1": 2,
                    "p1": -1,
                    "id2": 585650,
                    "x2": 81120,
                    "y2": 4800,
                    "real_x2": 81120,
                    "real_y2": 5025,
                    "r2": 20,
                    "c2": 338,
                    "l2": 2,
                    "p2": -1
                },
                {
                    "id1": 585650,
                    "x1": 81120,
                    "y1": 4800,
                    "real_x1": 81120,
                    "real_y1": 5025,
                    "r1": 20,
                    "c1": 338,
                    "l1": 2,
                    "p1": -1,
                    "id2": 587258,
                    "x2": 81120,
                    "y2": 5520,
                    "real_x2": 81120,
                    "real_y2": 5520,
                    "r2": 23,
                    "c2": 338,
                    "l2": 2,
                    "p2": -1
                },
                {
                    "id1": 587258,
                    "x1": 81120,
                    "y1": 5520,
                    "real_x1": 81120,
                    "real_y1": 5520,
                    "r1": 23,
                    "c1": 338,
                    "l1": 2,
                    "p1": -1,