{
    "id": 483,
    "name": "dpath/b_zero/_08_",
    "feature": {
        "llx": 57360,
        "lly": 27840,
        "urx": 57840,
        "ury": 31200,
        "wire_len": 4080,
        "via_num": 4,
        "drc_num": 0,
        "drc_type": [],
        "R": 7.285714285714285,
        "C": 0.0031713668947200005,
        "power": 1.0275228738892803e-07,
        "delay": 0.010909902197451428,
        "slew": 0.0016063666958356926,
        "aspect_ratio": 7,
        "width": 480,
        "height": 3360,
        "area": 1612800,
        "volume": 3225600,
        "layer_ratio": [
            0.0,
            0.0,
            0.05999999865889549,
            0.0,
            0.9399999976158142,
            0.0,
            0.0,
            0.0,
            0.0,
            0.0,
            0.0
        ],
        "place_feature": {
            "pin_num": 2,
            "aspect_ratio": 7,
            "width": 442,
            "height": 3103,
            "area": 1371526,
            "l_ness": 1.0,
            "hpwl": 3545,
            "rsmt": 3545
        }
    },
    "pin_num": 2,
    "pins": [
        {
            "id": 1244,
            "i": "dpath/b_zero/_37_",
            "p": "X",
            "driver": 1
        },
        {
            "id": 1245,
            "i": "dpath/b_zero/_26_",
            "p": "B",
            "driver": 0
        }
    ],
    "wire_num": 6,
    "wires": [
        {
            "id": 4889,
            "feature": {
                "wire_width": 0,
                "wire_len": 0,
                "wire_density": 0.0,
                "drc_num": 0,
                "R": 0.0,
                "C": 0.0001548349102400001,
                "power": 2.787028384320006e-06,
                "delay": 0.0,
                "slew": 0.0,
                "congestion": 0.0,
                "drc_type": []
            },
            "wire": {
                "id1": 644511,
                "x1": 57360,
                "y1": 31200,
                "real_x1": 57400,
                "real_y1": 31405,
                "r1": 130,
                "c1": 239,
                "l1": 2,
                "p1": -1,
                "id2": 1219103,
                "x2": 57360,
                "y2": 31200,
                "real_x2": 57360,
                "real_y2": 31405,
                "r2": 130,
                "c2": 239,
                "l2": 4,
                "p2": -1,
                "via": 5
            },
            "path_num": 1,
            "paths": [
                {
                    "id1": 644511,
                    "x1": 57360,
                    "y1": 31200,
                    "real_x1": 57400,
                    "real_y1": 31405,
                    "r1": 130,
                    "c1": 239,
                    "l1": 2,
                    "p1": -1,
                    "id2": 1219103,
                    "x2": 57360,
                    "y2": 31200,
                    "real_x2": 57360,
                    "real_y2": 31405,
                    "r2": 130,
                    "c2": 239,
                    "l2": 4,
                    "p2": -1,
                    "via": 5
                }
            ],
            "patch_num": 1,
            "patchs": [
                223
            ]
        },
        {
            "id": 4890,
            "feature": {
                "wire_width": 0,
                "wire_len": 0,
                "wire_density": 0.0,
                "drc_num": 0,
                "R": 0.0,
                "C": 0.0,
                "power": 0.0,
                "delay": 0.0,
                "slew": 0.0,
                "congestion": 0.0,
                "drc_type": []
            },
            "wire": {
                "id1": 62416,
                "x1": 57600,
                "y1": 27840,
                "real_x1": 57810,
                "real_y1": 28065,
                "r1": 116,
                "c1": 240,
                "l1": 0,
                "p1": 1244,
                "id2": 637008,
                "x2": 57600,
                "y2": 27840,
                "real_x2": 57810,
                "real_y2": 28065,
                "r2": 116,
                "c2": 240,
                "l2": 2,
                "p2": -1,
                "via": 0
            },
            "path_num": 1,
            "paths": [
                {
                    "id1": 62416,
                    "x1": 57600,
                    "y1": 27840,
                    "real_x1": 57810,
                    "real_y1": 28065,
                    "r1": 116,
                    "c1": 240,
                    "l1": 0,
                    "p1": 1244,
                    "id2": 637008,
                    "x2": 57600,
                    "y2": 27840,
                    "real_x2": 57810,
                    "real_y2": 28065,
                    "r2": 116,
                    "c2": 240,
                    "l2": 2,
                    "p2": -1,
                    "via": 0
                }
            ],
            "patch_num": 1,
            "patchs": [
                193
            ]
        },
        {
            "id": 4891,
            "feature": {
                "wire_width": 0,
                "wire_len": 0,
                "wire_density": 0.0,
                "drc_num": 0,
                "R": 0.0,
                "C": 0.0,
                "power": 0.0,
                "delay": 0.0,
                "slew": 0.0,
                "congestion": 0.0,
                "drc_type": []
            },
            "wire": {
                "id1": 69919,
                "x1": 57360,
                "y1": 31200,
                "real_x1": 57400,
                "real_y1": 31405,
                "r1": 130,
                "c1": 239,
                "l1": 0,
                "p1": 1245,
                "id2": 644511,
                "x2": 57360,
                "y2": 31200,
                "real_x2": 57400,
                "real_y2": 31405,
                "r2": 130,
                "c2": 239,
                "l2": 2,
                "p2": -1,
                "via": 0
            },
            "path_num": 1,
            "paths": [
                {
                    "id1": 69919,
                    "x1": 57360,
                    "y1": 31200,
                    "real_x1": 57400,
                    "real_y1": 31405,
                    "r1": 130,
                    "c1": 239,
                    "l1": 0,
                    "p1": 1245,
                    "id2": 644511,
                    "x2": 57360,
                    "y2": 31200,
                    "real_x2": 57400,
                    "real_y2": 31405,
                    "r2": 130,
                    "c2": 239,
                    "l2": 2,
                    "p2": -1,
                    "via": 0
                }
            ],
            "patch_num": 1,
            "patchs": [
                223
            ]
        },
        {
            "id": 4893,
            "feature": {
                "wire_width": 0,
                "wire_len": 0,
                "wire_density": 0.0,
                "drc_num": 0,
                "R": 0.0,
                "C": 1.5848537120000117e-05,
                "power": 2.852736681600073e-07,
                "delay": 0.0,
                "slew": 0.0,
                "congestion": 0.0,
                "drc_type": []
            },
            "wire": {
                "id1": 637009,
                "x1": 57840,
                "y1": 27840,
                "real_x1": 57840,
                "real_y1": 28065,
                "r1": 116,
                "c1": 241,
                "l1": 2,
                "p1": -1,
                "id2": 1211601,
                "x2": 57840,