{
    "id": 464,
    "name": "dpath/b_reg/_055_",
    "feature": {
        "llx": 113760,
        "lly": 74640,
        "urx": 118320,
        "ury": 75120,
        "wire_len": 5040,
        "via_num": 2,
        "drc_num": 0,
        "drc_type": [],
        "R": 9.0,
        "C": 0.00349846335904,
        "power": 1.1335021283289599e-07,
        "delay": 0.014756542557839999,
        "slew": 0.0028148045951801037,
        "aspect_ratio": 10,
        "width": 4560,
        "height": 480,
        "area": 2188800,
        "volume": 2188800,
        "layer_ratio": [
            0.0,
            0.0,
            1.0,
            0.0,
            0.0,
            0.0,
            0.0,
            0.0,
            0.0,
            0.0,
            0.0
        ],
        "place_feature": {
            "pin_num": 2,
            "aspect_ratio": 24,
            "width": 4238,
            "height": 173,
            "area": 733174,
            "l_ness": 1.0,
            "hpwl": 4411,
            "rsmt": 4411
        }
    },
    "pin_num": 2,
    "pins": [
        {
            "id": 1206,
            "i": "dpath/b_reg/_126_",
            "p": "X",
            "driver": 1
        },
        {
            "id": 1207,
            "i": "dpath/b_reg/_081_",
            "p": "A0",
            "driver": 0
        }
    ],
    "wire_num": 3,
    "wires": [
        {
            "id": 4761,
            "feature": {
                "wire_width": 0,
                "wire_len": 0,
                "wire_density": 0.0,
                "drc_num": 0,
                "R": 0.0,
                "C": 0.0,
                "power": 0.0,
                "delay": 0.0,
                "slew": 0.0,
                "congestion": 0.0,
                "drc_type": []
            },
            "wire": {
                "id1": 167170,
                "x1": 113760,
                "y1": 74640,
                "real_x1": 113970,
                "real_y1": 74640,
                "r1": 311,
                "c1": 474,
                "l1": 0,
                "p1": 1206,
                "id2": 741762,
                "x2": 113760,
                "y2": 74640,
                "real_x2": 113970,
                "real_y2": 74640,
                "r2": 311,
                "c2": 474,
                "l2": 2,
                "p2": -1,
                "via": 0
            },
            "path_num": 1,
            "paths": [
                {
                    "id1": 167170,
                    "x1": 113760,
                    "y1": 74640,
                    "real_x1": 113970,
                    "real_y1": 74640,
                    "r1": 311,
                    "c1": 474,
                    "l1": 0,
                    "p1": 1206,
                    "id2": 741762,
                    "x2": 113760,
                    "y2": 74640,
                    "real_x2": 113970,
                    "real_y2": 74640,
                    "r2": 311,
                    "c2": 474,
                    "l2": 2,
                    "p2": -1,
                    "via": 0
                }
            ],
            "patch_num": 1,
            "patchs": [
                536
            ]
        },
        {
            "id": 4762,
            "feature": {
                "wire_width": 0,
                "wire_len": 0,
                "wire_density": 0.0,
                "drc_num": 0,
                "R": 0.0,
                "C": 0.00021923167952000002,
                "power": 3.94617023136e-06,
                "delay": 0.0,
                "slew": 0.0,
                "congestion": 0.0,
                "drc_type": []
            },
            "wire": {
                "id1": 168261,
                "x1": 118320,
                "y1": 75120,
                "real_x1": 118320,
                "real_y1": 75125,
                "r1": 313,
                "c1": 493,
                "l1": 0,
                "p1": 1207,
                "id2": 742853,
                "x2": 118320,
                "y2": 75120,
                "real_x2": 118320,
                "real_y2": 75125,
                "r2": 313,
                "c2": 493,
                "l2": 2,
                "p2": -1,
                "via": 0
            },
            "path_num": 1,
            "paths": [
                {
                    "id1": 168261,
                    "x1": 118320,
                    "y1": 75120,
                    "real_x1": 118320,
                    "real_y1": 75125,
                    "r1": 313,
                    "c1": 493,
                    "l1": 0,
                    "p1": 1207,
                    "id2": 742853,
                    "x2": 118320,
                    "y2": 75120,
                    "real_x2": 118320,
                    "real_y2": 75125,
                    "r2": 313,
                    "c2": 493,
                    "l2": 2,
                    "p2": -1,
                    "via": 0
                }
            ],
            "patch_num": 1,
            "patchs": [
                537
            ]
        },
        {
            "id": 4763,
            "feature": {
                "wire_width": 140,
                "wire_len": 5040,
                "wire_density": 4.251789496715574e-05,
                "drc_num": 0,
                "R": 4.5,
                "C": 0.00021923167952000002,
                "power": 3.9461702313600065e-06,
                "delay": 0.014756542557839999,
                "slew": 2.9210895299836004e-09,
                "congestion": 6.0,
                "drc_type": []
            },
            "wire": {
                "id1": 741762,
                "x1": 113760,
                "y1": 74640,
                "real_x1": 113970,
                "real_y1": 74640,
                "r1": 311,
                "c1": 474,
                "l1": 2,
                "p1": -1,
                "id2": 742853,
                "x2": 118320,
                "y2": 75120,
                "real_x2": 118320,
                "real_y2": 75125,
                "r2": 313,
                "c2": 493,
                "l2": 2,
                "p2": -1
            },
            "path_num": 3,
            "paths": [
                {
                    "id1": 741762,
                    "x1": 113760,
                    "y1": 74640,
                    "real_x1": 113970,
                    "real_y1": 74640,
                    "r1": 311,
                    "c1": 474,
                    "l1": 2,
                    "p1": -1,
                    "id2": 741777,
                    "x2": 117360,
                    "y2": 74640,
                    "real_x2": 117360,
                    "real_y2": 74640,
                    "r2": 311,
                    "c2": 489,
                    "l2": 2,
                    "p2": -1
                },
                {
                    "id1": 741777,
                    "x1": 117360,
                    "y1": 74640,
                    "real_x1": 117360,
                    "real_y1": 74640,
                    "r1": 311,
                    "c1": 489,
                    "l1": 2,
                    "p1": -1,
                    "id2": 742849,
                    "x2": 117360,
                    "y2": 75120,
                    "real_x2": 117360,
                    "real_y2": 75125,
                    "r2": 313,
                    "c2": 489,
                    "l2": 2,
                    "p2": -1
                },
                {
                    "id1": 742849,
                    "x1": 117360,
                    "y1": 75120,
                    "real_x1": 117360,
                    "real_y1": 75125,
                    "r1": 313,
                    "c1": 489,