{
    "id": 340,
    "name": "dpath/a_reg/_047_",
    "feature": {
        "llx": 46800,
        "lly": 64080,
        "urx": 52320,
        "ury": 65520,
        "wire_len": 6960,
        "via_num": 2,
        "drc_num": 0,
        "drc_type": [],
        "R": 12.428571428571427,
        "C": 0.00331116987296,
        "power": 2.405111666128882e-07,
        "delay": 0.018708634962411427,
        "slew": 0.004857039406594002,
        "aspect_ratio": 4,
        "width": 5520,
        "height": 1440,
        "area": 7948800,
        "volume": 7948800,
        "layer_ratio": [
            0.0,
            0.0,
            1.0,
            0.0,
            0.0,
            0.0,
            0.0,
            0.0,
            0.0,
            0.0,
            0.0
        ],
        "place_feature": {
            "pin_num": 2,
            "aspect_ratio": 17,
            "width": 6431,
            "height": 377,
            "area": 2424487,
            "l_ness": 1.0,
            "hpwl": 6808,
            "rsmt": 6808
        }
    },
    "pin_num": 2,
    "pins": [
        {
            "id": 919,
            "i": "dpath/a_reg/_109_",
            "p": "X",
            "driver": 1
        },
        {
            "id": 920,
            "i": "dpath/a_reg/_075_",
            "p": "A1",
            "driver": 0
        }
    ],
    "wire_num": 3,
    "wires": [
        {
            "id": 3699,
            "feature": {
                "wire_width": 0,
                "wire_len": 0,
                "wire_density": 0.0,
                "drc_num": 0,
                "R": 0.0,
                "C": 0.0,
                "power": 0.0,
                "delay": 0.0,
                "slew": 0.0,
                "congestion": 0.0,
                "drc_type": []
            },
            "wire": {
                "id1": 146546,
                "x1": 52320,
                "y1": 65520,
                "real_x1": 52530,
                "real_y1": 65520,
                "r1": 273,
                "c1": 218,
                "l1": 0,
                "p1": 919,
                "id2": 721138,
                "x2": 52320,
                "y2": 65520,
                "real_x2": 52530,
                "real_y2": 65520,
                "r2": 273,
                "c2": 218,
                "l2": 2,
                "p2": -1,
                "via": 0
            },
            "path_num": 1,
            "paths": [
                {
                    "id1": 146546,
                    "x1": 52320,
                    "y1": 65520,
                    "real_x1": 52530,
                    "real_y1": 65520,
                    "r1": 273,
                    "c1": 218,
                    "l1": 0,
                    "p1": 919,
                    "id2": 721138,
                    "x2": 52320,
                    "y2": 65520,
                    "real_x2": 52530,
                    "real_y2": 65520,
                    "r2": 273,
                    "c2": 218,
                    "l2": 2,
                    "p2": -1,
                    "via": 0
                }
            ],
            "patch_num": 1,
            "patchs": [
                462
            ]
        },
        {
            "id": 3700,
            "feature": {
                "wire_width": 0,
                "wire_len": 0,
                "wire_density": 0.0,
                "drc_num": 0,
                "R": 0.0,
                "C": 0.0003005849364799999,
                "power": 1.2129656169332958e-05,
                "delay": 0.0,
                "slew": 0.0,
                "congestion": 0.0,
                "drc_type": []
            },
            "wire": {
                "id1": 143307,
                "x1": 46800,
                "y1": 64080,
                "real_x1": 46860,
                "real_y1": 64165,
                "r1": 267,
                "c1": 195,
                "l1": 0,
                "p1": 920,
                "id2": 717899,
                "x2": 46800,
                "y2": 64080,
                "real_x2": 46860,
                "real_y2": 64165,
                "r2": 267,
                "c2": 195,
                "l2": 2,
                "p2": -1,
                "via": 0
            },
            "path_num": 1,
            "paths": [
                {
                    "id1": 143307,
                    "x1": 46800,
                    "y1": 64080,
                    "real_x1": 46860,
                    "real_y1": 64165,
                    "r1": 267,
                    "c1": 195,
                    "l1": 0,
                    "p1": 920,
                    "id2": 717899,
                    "x2": 46800,
                    "y2": 64080,
                    "real_x2": 46860,
                    "real_y2": 64165,
                    "r2": 267,
                    "c2": 195,
                    "l2": 2,
                    "p2": -1,
                    "via": 0
                }
            ],
            "patch_num": 1,
            "patchs": [
                430
            ]
        },
        {
            "id": 3701,
            "feature": {
                "wire_width": 140,
                "wire_len": 6960,
                "wire_density": 5.8715188287976976e-05,
                "drc_num": 0,
                "R": 6.2142857142857135,
                "C": 0.0003005849364799999,
                "power": 1.2129656169332972e-05,
                "delay": 0.018708634962411427,
                "slew": 7.860160800010618e-09,
                "congestion": 14.0,
                "drc_type": []
            },
            "wire": {
                "id1": 721138,
                "x1": 52320,
                "y1": 65520,
                "real_x1": 52530,
                "real_y1": 65520,
                "r1": 273,
                "c1": 218,
                "l1": 2,
                "p1": -1,
                "id2": 717899,
                "x2": 46800,
                "y2": 64080,
                "real_x2": 46860,
                "real_y2": 64165,
                "r2": 267,
                "c2": 195,
                "l2": 2,
                "p2": -1
            },
            "path_num": 5,
            "paths": [
                {
                    "id1": 721138,
                    "x1": 52320,
                    "y1": 65520,
                    "real_x1": 52530,
                    "real_y1": 65520,
                    "r1": 273,
                    "c1": 218,
                    "l1": 2,
                    "p1": -1,
                    "id2": 721132,
                    "x2": 50880,
                    "y2": 65520,
                    "real_x2": 50880,
                    "real_y2": 65520,
                    "r2": 273,
                    "c2": 212,
                    "l2": 2,
                    "p2": -1
                },
                {
                    "id1": 721132,
                    "x1": 50880,
                    "y1": 65520,
                    "real_x1": 50880,
                    "real_y1": 65520,
                    "r1": 273,
                    "c1": 212,
                    "l1": 2,
                    "p1": -1,
                    "id2": 718988,
                    "x2": 50880,
                    "y2": 64560,
                    "real_x2": 50880,
                    "real_y2": 64560,
                    "r2": 269,
                    "c2": 212,
                    "l2": 2,
                    "p2": -1
                },
                {
                    "id1": 718988,
                    "x1": 50880,
                    "y1": 64560,
                    "real_x1": 50880,
                    "real_y1": 64560,
                    "r1": 269,
                    "c1": 212,