{
    "id": 312,
    "name": "dpath/a_reg/_019_",
    "feature": {
        "llx": 58560,
        "lly": 104880,
        "urx": 60960,
        "ury": 105360,
        "wire_len": 2880,
        "via_num": 2,
        "drc_num": 0,
        "drc_type": [],
        "R": 5.142857142857142,
        "C": 0.00278541853088,
        "power": 1.7775621384268613e-07,
        "delay": 0.006834109539702857,
        "slew": 0.000542724043008147,
        "aspect_ratio": 5,
        "width": 2400,
        "height": 480,
        "area": 1152000,
        "volume": 1152000,
        "layer_ratio": [
            0.0,
            0.0,
            1.0,
            0.0,
            0.0,
            0.0,
            0.0,
            0.0,
            0.0,
            0.0,
            0.0
        ],
        "place_feature": {
            "pin_num": 2,
            "aspect_ratio": 35,
            "width": 2686,
            "height": 77,
            "area": 206822,
            "l_ness": 1.0,
            "hpwl": 2763,
            "rsmt": 2763
        }
    },
    "pin_num": 2,
    "pins": [
        {
            "id": 857,
            "i": "dpath/a_reg/_079_",
            "p": "X",
            "driver": 1
        },
        {
            "id": 858,
            "i": "dpath/a_reg/_122_",
            "p": "A",
            "driver": 0
        }
    ],
    "wire_num": 3,
    "wires": [
        {
            "id": 3487,
            "feature": {
                "wire_width": 0,
                "wire_len": 0,
                "wire_density": 0.0,
                "drc_num": 0,
                "R": 0.0,
                "C": 0.0,
                "power": 0.0,
                "delay": 0.0,
                "slew": 0.0,
                "congestion": 0.0,
                "drc_type": []
            },
            "wire": {
                "id1": 235548,
                "x1": 58560,
                "y1": 105360,
                "real_x1": 58735,
                "real_y1": 105360,
                "r1": 439,
                "c1": 244,
                "l1": 0,
                "p1": 857,
                "id2": 810140,
                "x2": 58560,
                "y2": 105360,
                "real_x2": 58735,
                "real_y2": 105360,
                "r2": 439,
                "c2": 244,
                "l2": 2,
                "p2": -1,
                "via": 0
            },
            "path_num": 1,
            "paths": [
                {
                    "id1": 235548,
                    "x1": 58560,
                    "y1": 105360,
                    "real_x1": 58735,
                    "real_y1": 105360,
                    "r1": 439,
                    "c1": 244,
                    "l1": 0,
                    "p1": 857,
                    "id2": 810140,
                    "x2": 58560,
                    "y2": 105360,
                    "real_x2": 58735,
                    "real_y2": 105360,
                    "r2": 439,
                    "c2": 244,
                    "l2": 2,
                    "p2": -1,
                    "via": 0
                }
            ],
            "patch_num": 1,
            "patchs": [
                733
            ]
        },
        {
            "id": 3488,
            "feature": {
                "wire_width": 0,
                "wire_len": 0,
                "wire_density": 0.0,
                "drc_num": 0,
                "R": 0.0,
                "C": 0.00012770926544,
                "power": 4.5277686968709735e-06,
                "delay": 0.0,
                "slew": 0.0,
                "congestion": 0.0,
                "drc_type": []
            },
            "wire": {
                "id1": 234486,
                "x1": 60960,
                "y1": 104880,
                "real_x1": 61170,
                "real_y1": 104880,
                "r1": 437,
                "c1": 254,
                "l1": 0,
                "p1": 858,
                "id2": 809078,
                "x2": 60960,
                "y2": 104880,
                "real_x2": 61170,
                "real_y2": 104880,
                "r2": 437,
                "c2": 254,
                "l2": 2,
                "p2": -1,
                "via": 0
            },
            "path_num": 1,
            "paths": [
                {
                    "id1": 234486,
                    "x1": 60960,
                    "y1": 104880,
                    "real_x1": 61170,
                    "real_y1": 104880,
                    "r1": 437,
                    "c1": 254,
                    "l1": 0,
                    "p1": 858,
                    "id2": 809078,
                    "x2": 60960,
                    "y2": 104880,
                    "real_x2": 61170,
                    "real_y2": 104880,
                    "r2": 437,
                    "c2": 254,
                    "l2": 2,
                    "p2": -1,
                    "via": 0
                }
            ],
            "patch_num": 1,
            "patchs": [
                734
            ]
        },
        {
            "id": 3489,
            "feature": {
                "wire_width": 140,
                "wire_len": 2880,
                "wire_density": 2.4295939981231852e-05,
                "drc_num": 0,
                "R": 2.571428571428571,
                "C": 0.00012770926544,
                "power": 4.52776869687096e-06,
                "delay": 0.006834109539702857,
                "slew": 6.837821073246708e-10,
                "congestion": 4.0,
                "drc_type": []
            },
            "wire": {
                "id1": 810140,
                "x1": 58560,
                "y1": 105360,
                "real_x1": 58735,
                "real_y1": 105360,
                "r1": 439,
                "c1": 244,
                "l1": 2,
                "p1": -1,
                "id2": 809078,
                "x2": 60960,
                "y2": 104880,
                "real_x2": 61170,
                "real_y2": 104880,
                "r2": 437,
                "c2": 254,
                "l2": 2,
                "p2": -1
            },
            "path_num": 2,
            "paths": [
                {
                    "id1": 810140,
                    "x1": 58560,
                    "y1": 105360,
                    "real_x1": 58735,
                    "real_y1": 105360,
                    "r1": 439,
                    "c1": 244,
                    "l1": 2,
                    "p1": -1,
                    "id2": 810150,
                    "x2": 60960,
                    "y2": 105360,
                    "real_x2": 60960,
                    "real_y2": 105360,
                    "r2": 439,
                    "c2": 254,
                    "l2": 2,
                    "p2": -1
                },
                {
                    "id1": 810150,
                    "x1": 60960,
                    "y1": 105360,
                    "real_x1": 60960,
                    "real_y1": 105360,
                    "r1": 439,
                    "c1": 254,
                    "l1": 2,
                    "p1": -1,
                    "id2": 809078,
                    "x2": 60960,
                    "y2": 104880,
                    "real_x2": 61170,
                    "real_y2": 104880,
                    "r2": 437,
                    "c2": 254,
                    "l2": 2,
                    "p2": -1
                }
            ],
            "patch_num": 2,
            "patchs": [
                733,
                734
            ]
        }
    ],
    "routing_graph": {
        "vertices": [
            {
                "id": 0,
                "is_pin": 0,