{
    "id": 402,
    "name": "dpath/b_mux/_043_",
    "feature": {
        "llx": 8400,
        "lly": 34800,
        "urx": 8400,
        "ury": 36960,
        "wire_len": 2160,
        "via_num": 4,
        "drc_num": 0,
        "drc_type": [],
        "R": 3.857142857142857,
        "C": 0.0027088147515200002,
        "power": 1.9086525214708547e-07,
        "delay": 0.005051714224680001,
        "slew": 0.0003319609445434288,
        "aspect_ratio": 1,
        "width": 0,
        "height": 2160,
        "area": 0,
        "volume": 0,
        "layer_ratio": [
            0.0,
            0.0,
            0.0,
            0.0,
            1.0,
            0.0,
            0.0,
            0.0,
            0.0,
            0.0,
            0.0
        ],
        "place_feature": {
            "pin_num": 2,
            "aspect_ratio": 16,
            "width": 194,
            "height": 3153,
            "area": 611682,
            "l_ness": 1.0,
            "hpwl": 3347,
            "rsmt": 3347
        }
    },
    "pin_num": 2,
    "pins": [
        {
            "id": 1061,
            "i": "dpath/b_mux/_055_",
            "p": "X",
            "driver": 1
        },
        {
            "id": 1062,
            "i": "dpath/b_mux/_082_",
            "p": "A",
            "driver": 0
        }
    ],
    "wire_num": 5,
    "wires": [
        {
            "id": 4253,
            "feature": {
                "wire_width": 0,
                "wire_len": 0,
                "wire_density": 0.0,
                "drc_num": 0,
                "R": 0.0,
                "C": 0.0,
                "power": 0.0,
                "delay": 0.0,
                "slew": 0.0,
                "congestion": 0.0,
                "drc_type": []
            },
            "wire": {
                "id1": 82579,
                "x1": 8400,
                "y1": 36960,
                "real_x1": 8400,
                "real_y1": 37145,
                "r1": 154,
                "c1": 35,
                "l1": 0,
                "p1": 1061,
                "id2": 657171,
                "x2": 8400,
                "y2": 36960,
                "real_x2": 8400,
                "real_y2": 37145,
                "r2": 154,
                "c2": 35,
                "l2": 2,
                "p2": -1,
                "via": 0
            },
            "path_num": 1,
            "paths": [
                {
                    "id1": 82579,
                    "x1": 8400,
                    "y1": 36960,
                    "real_x1": 8400,
                    "real_y1": 37145,
                    "r1": 154,
                    "c1": 35,
                    "l1": 0,
                    "p1": 1061,
                    "id2": 657171,
                    "x2": 8400,
                    "y2": 36960,
                    "real_x2": 8400,
                    "real_y2": 37145,
                    "r2": 154,
                    "c2": 35,
                    "l2": 2,
                    "p2": -1,
                    "via": 0
                }
            ],
            "patch_num": 1,
            "patchs": [
                241
            ]
        },
        {
            "id": 4254,
            "feature": {
                "wire_width": 140,
                "wire_len": 2160,
                "wire_density": 1.822195498592389e-05,
                "drc_num": 0,
                "R": 1.9285714285714286,
                "C": 8.940737576000005e-05,
                "power": 3.499841747856301e-06,
                "delay": 0.005051714224680001,
                "slew": 3.3340061267317367e-10,
                "congestion": -4.0,
                "drc_type": []
            },
            "wire": {
                "id1": 1226939,
                "x1": 8400,
                "y1": 34800,
                "real_x1": 8400,
                "real_y1": 34935,
                "r1": 145,
                "c1": 35,
                "l1": 4,
                "p1": -1,
                "id2": 1231763,
                "x2": 8400,
                "y2": 36960,
                "real_x2": 8400,
                "real_y2": 37145,
                "r2": 154,
                "c2": 35,
                "l2": 4,
                "p2": -1
            },
            "path_num": 1,
            "paths": [
                {
                    "id1": 1226939,
                    "x1": 8400,
                    "y1": 34800,
                    "real_x1": 8400,
                    "real_y1": 34935,
                    "r1": 145,
                    "c1": 35,
                    "l1": 4,
                    "p1": -1,
                    "id2": 1231763,
                    "x2": 8400,
                    "y2": 36960,
                    "real_x2": 8400,
                    "real_y2": 37145,
                    "r2": 154,
                    "c2": 35,
                    "l2": 4,
                    "p2": -1
                }
            ],
            "patch_num": 1,
            "patchs": [
                241
            ]
        },
        {
            "id": 4255,
            "feature": {
                "wire_width": 0,
                "wire_len": 0,
                "wire_density": 0.0,
                "drc_num": 0,
                "R": 0.0,
                "C": 8.940737576000005e-05,
                "power": 3.499841747856301e-06,
                "delay": 0.0,
                "slew": 0.0,
                "congestion": 0.0,
                "drc_type": []
            },
            "wire": {
                "id1": 652347,
                "x1": 8400,
                "y1": 34800,
                "real_x1": 8400,
                "real_y1": 34935,
                "r1": 145,
                "c1": 35,
                "l1": 2,
                "p1": -1,
                "id2": 1226939,
                "x2": 8400,
                "y2": 34800,
                "real_x2": 8400,
                "real_y2": 34935,
                "r2": 145,
                "c2": 35,
                "l2": 4,
                "p2": -1,
                "via": 5
            },
            "path_num": 1,
            "paths": [
                {
                    "id1": 652347,
                    "x1": 8400,
                    "y1": 34800,
                    "real_x1": 8400,
                    "real_y1": 34935,
                    "r1": 145,
                    "c1": 35,
                    "l1": 2,
                    "p1": -1,
                    "id2": 1226939,
                    "x2": 8400,
                    "y2": 34800,
                    "real_x2": 8400,
                    "real_y2": 34935,
                    "r2": 145,
                    "c2": 35,
                    "l2": 4,
                    "p2": -1,
                    "via": 5
                }
            ],
            "patch_num": 1,
            "patchs": [
                241
            ]
        },
        {
            "id": 4256,
            "feature": {
                "wire_width": 0,
                "wire_len": 0,
                "wire_density": 0.0,
                "drc_num": 0,
                "R": 0.0,
                "C": 0.0,
                "power": 0.0,
                "delay": 0.0,
                "slew": 0.0,
                "congestion": 0.0,
                "drc_type": []
            },
            "wire": {
                "id1": 77755,
                "x1": 8400,
                "y1": 34800,
                "real_x1": 8400,
                "real_y1": 34935,
                "r1": 145,
                "c1": 35,
                "l1": 0,
                "p1": 1062,
                "id2": 652347,
                "x2": 8400,
                "y2": 34800,
                "real_x2": 8400,