{
    "id": 16,
    "name": "ctrl/_09_",
    "feature": {
        "llx": 78480,
        "lly": 58080,
        "urx": 82320,
        "ury": 59280,
        "wire_len": 5520,
        "via_num": 2,
        "drc_num": 0,
        "drc_type": [],
        "R": 9.857142857142856,
        "C": 0.0029591399875199998,
        "power": 7.1907101696736e-08,
        "delay": 0.013403594969245713,
        "slew": 0.0007169764540814333,
        "aspect_ratio": 3,
        "width": 3840,
        "height": 1200,
        "area": 4608000,
        "volume": 4608000,
        "layer_ratio": [
            0.0,
            0.0,
            1.0,
            0.0,
            0.0,
            0.0,
            0.0,
            0.0,
            0.0,
            0.0,
            0.0
        ],
        "place_feature": {
            "pin_num": 2,
            "aspect_ratio": 16,
            "width": 4042,
            "height": 247,
            "area": 998374,
            "l_ness": 1.0,
            "hpwl": 4289,
            "rsmt": 4289
        }
    },
    "pin_num": 2,
    "pins": [
        {
            "id": 51,
            "i": "ctrl/_21_",
            "p": "Y",
            "driver": 1
        },
        {
            "id": 52,
            "i": "ctrl/_25_",
            "p": "A2",
            "driver": 0
        }
    ],
    "wire_num": 3,
    "wires": [
        {
            "id": 195,
            "feature": {
                "wire_width": 0,
                "wire_len": 0,
                "wire_density": 0.0,
                "drc_num": 0,
                "R": 0.0,
                "C": 0.0,
                "power": 0.0,
                "delay": 0.0,
                "slew": 0.0,
                "congestion": 0.0,
                "drc_type": []
            },
            "wire": {
                "id1": 131647,
                "x1": 78480,
                "y1": 58800,
                "real_x1": 78550,
                "real_y1": 58800,
                "r1": 245,
                "c1": 327,
                "l1": 0,
                "p1": 51,
                "id2": 706239,
                "x2": 78480,
                "y2": 58800,
                "real_x2": 78550,
                "real_y2": 58800,
                "r2": 245,
                "c2": 327,
                "l2": 2,
                "p2": -1,
                "via": 0
            },
            "path_num": 1,
            "paths": [
                {
                    "id1": 131647,
                    "x1": 78480,
                    "y1": 58800,
                    "real_x1": 78550,
                    "real_y1": 58800,
                    "r1": 245,
                    "c1": 327,
                    "l1": 0,
                    "p1": 51,
                    "id2": 706239,
                    "x2": 78480,
                    "y2": 58800,
                    "real_x2": 78550,
                    "real_y2": 58800,
                    "r2": 245,
                    "c2": 327,
                    "l2": 2,
                    "p2": -1,
                    "via": 0
                }
            ],
            "patch_num": 1,
            "patchs": [
                408
            ]
        },
        {
            "id": 196,
            "feature": {
                "wire_width": 0,
                "wire_len": 0,
                "wire_density": 0.0,
                "drc_num": 0,
                "R": 0.0,
                "C": 0.00023956999375999988,
                "power": 3.2341949157600018e-06,
                "delay": 0.0,
                "slew": 0.0,
                "congestion": 0.0,
                "drc_type": []
            },
            "wire": {
                "id1": 130055,
                "x1": 82320,
                "y1": 58080,
                "real_x1": 82320,
                "real_y1": 58305,
                "r1": 242,
                "c1": 343,
                "l1": 0,
                "p1": 52,
                "id2": 704647,
                "x2": 82320,
                "y2": 58080,
                "real_x2": 82320,
                "real_y2": 58305,
                "r2": 242,
                "c2": 343,
                "l2": 2,
                "p2": -1,
                "via": 0
            },
            "path_num": 1,
            "paths": [
                {
                    "id1": 130055,
                    "x1": 82320,
                    "y1": 58080,
                    "real_x1": 82320,
                    "real_y1": 58305,
                    "r1": 242,
                    "c1": 343,
                    "l1": 0,
                    "p1": 52,
                    "id2": 704647,
                    "x2": 82320,
                    "y2": 58080,
                    "real_x2": 82320,
                    "real_y2": 58305,
                    "r2": 242,
                    "c2": 343,
                    "l2": 2,
                    "p2": -1,
                    "via": 0
                }
            ],
            "patch_num": 1,
            "patchs": [
                409
            ]
        },
        {
            "id": 197,
            "feature": {
                "wire_width": 140,
                "wire_len": 5520,
                "wire_density": 4.656721829736105e-05,
                "drc_num": 0,
                "R": 4.928571428571428,
                "C": 0.00023956999375999988,
                "power": 3.234194915759995e-06,
                "delay": 0.013403594969245713,
                "slew": 7.190338324747358e-10,
                "congestion": 13.0,
                "drc_type": []
            },
            "wire": {
                "id1": 706239,
                "x1": 78480,
                "y1": 58800,
                "real_x1": 78550,
                "real_y1": 58800,
                "r1": 245,
                "c1": 327,
                "l1": 2,
                "p1": -1,
                "id2": 704647,
                "x2": 82320,
                "y2": 58080,
                "real_x2": 82320,
                "real_y2": 58305,
                "r2": 242,
                "c2": 343,
                "l2": 2,
                "p2": -1
            },
            "path_num": 7,
            "paths": [
                {
                    "id1": 706239,
                    "x1": 78480,
                    "y1": 58800,
                    "real_x1": 78550,
                    "real_y1": 58800,
                    "r1": 245,
                    "c1": 327,
                    "l1": 2,
                    "p1": -1,
                    "id2": 706245,
                    "x2": 79920,
                    "y2": 58800,
                    "real_x2": 79920,
                    "real_y2": 58800,
                    "r2": 245,
                    "c2": 333,
                    "l2": 2,
                    "p2": -1
                },
                {
                    "id1": 706245,
                    "x1": 79920,
                    "y1": 58800,
                    "real_x1": 79920,
                    "real_y1": 58800,
                    "r1": 245,
                    "c1": 333,
                    "l1": 2,
                    "p1": -1,
                    "id2": 707317,
                    "x2": 79920,
                    "y2": 59280,
                    "real_x2": 79920,
                    "real_y2": 59280,
                    "r2": 247,
                    "c2": 333,
                    "l2": 2,
                    "p2": -1
                },
                {
                    "id1": 707317,
                    "x1": 79920,
                    "y1": 59280,
                    "real_x1": 79920,
                    "real_y1": 59280,
                    "r1": 247,
                    "c1": 333,
                    "l1": 2,