{
    "id": 613,
    "name": "dpath/sub/_113_",
    "feature": {
        "llx": 95040,
        "lly": 4800,
        "urx": 99600,
        "ury": 5520,
        "wire_len": 5280,
        "via_num": 2,
        "drc_num": 0,
        "drc_type": [],
        "R": 9.428571428571429,
        "C": 0.0029888016732800005,
        "power": 2.495939698625672e-07,
        "delay": 0.013008603944160002,
        "slew": 0.001967948345498384,
        "aspect_ratio": 6,
        "width": 4560,
        "height": 720,
        "area": 3283200,
        "volume": 3283200,
        "layer_ratio": [
            0.0,
            0.0,
            1.0,
            0.0,
            0.0,
            0.0,
            0.0,
            0.0,
            0.0,
            0.0,
            0.0
        ],
        "place_feature": {
            "pin_num": 2,
            "aspect_ratio": 88,
            "width": 3685,
            "height": 42,
            "area": 154770,
            "l_ness": 1.0,
            "hpwl": 3727,
            "rsmt": 3727
        }
    },
    "pin_num": 2,
    "pins": [
        {
            "id": 1607,
            "i": "dpath/sub/_128_",
            "p": "X",
            "driver": 1
        },
        {
            "id": 1608,
            "i": "dpath/sub/_218_",
            "p": "A",
            "driver": 0
        }
    ],
    "wire_num": 3,
    "wires": [
        {
            "id": 6232,
            "feature": {
                "wire_width": 0,
                "wire_len": 0,
                "wire_density": 0.0,
                "drc_num": 0,
                "R": 0.0,
                "C": 0.0,
                "power": 0.0,
                "delay": 0.0,
                "slew": 0.0,
                "congestion": 0.0,
                "drc_type": []
            },
            "wire": {
                "id1": 12724,
                "x1": 95040,
                "y1": 5520,
                "real_x1": 95245,
                "real_y1": 5520,
                "r1": 23,
                "c1": 396,
                "l1": 0,
                "p1": 1607,
                "id2": 587316,
                "x2": 95040,
                "y2": 5520,
                "real_x2": 95245,
                "real_y2": 5520,
                "r2": 23,
                "c2": 396,
                "l2": 2,
                "p2": -1,
                "via": 0
            },
            "path_num": 1,
            "paths": [
                {
                    "id1": 12724,
                    "x1": 95040,
                    "y1": 5520,
                    "real_x1": 95245,
                    "real_y1": 5520,
                    "r1": 23,
                    "c1": 396,
                    "l1": 0,
                    "p1": 1607,
                    "id2": 587316,
                    "x2": 95040,
                    "y2": 5520,
                    "real_x2": 95245,
                    "real_y2": 5520,
                    "r2": 23,
                    "c2": 396,
                    "l2": 2,
                    "p2": -1,
                    "via": 0
                }
            ],
            "patch_num": 1,
            "patchs": [
                52
            ]
        },
        {
            "id": 6233,
            "feature": {
                "wire_width": 0,
                "wire_len": 0,
                "wire_density": 0.0,
                "drc_num": 0,
                "R": 0.0,
                "C": 0.00022940083664000016,
                "power": 1.064288779060634e-05,
                "delay": 0.0,
                "slew": 0.0,
                "congestion": 0.0,
                "drc_type": []
            },
            "wire": {
                "id1": 11135,
                "x1": 99600,
                "y1": 4800,
                "real_x1": 99600,
                "real_y1": 5025,
                "r1": 20,
                "c1": 415,
                "l1": 0,
                "p1": 1608,
                "id2": 585727,
                "x2": 99600,
                "y2": 4800,
                "real_x2": 99600,
                "real_y2": 5025,
                "r2": 20,
                "c2": 415,
                "l2": 2,
                "p2": -1,
                "via": 0
            },
            "path_num": 1,
            "paths": [
                {
                    "id1": 11135,
                    "x1": 99600,
                    "y1": 4800,
                    "real_x1": 99600,
                    "real_y1": 5025,
                    "r1": 20,
                    "c1": 415,
                    "l1": 0,
                    "p1": 1608,
                    "id2": 585727,
                    "x2": 99600,
                    "y2": 4800,
                    "real_x2": 99600,
                    "real_y2": 5025,
                    "r2": 20,
                    "c2": 415,
                    "l2": 2,
                    "p2": -1,
                    "via": 0
                }
            ],
            "patch_num": 1,
            "patchs": [
                53
            ]
        },
        {
            "id": 6234,
            "feature": {
                "wire_width": 140,
                "wire_len": 5280,
                "wire_density": 4.4542556632258395e-05,
                "drc_num": 0,
                "R": 4.714285714285714,
                "C": 0.00022940083664000016,
                "power": 1.0642887790606327e-05,
                "delay": 0.013008603944160002,
                "slew": 2.014041239339903e-09,
                "congestion": 6.0,
                "drc_type": []
            },
            "wire": {
                "id1": 587316,
                "x1": 95040,
                "y1": 5520,
                "real_x1": 95245,
                "real_y1": 5520,
                "r1": 23,
                "c1": 396,
                "l1": 2,
                "p1": -1,
                "id2": 585727,
                "x2": 99600,
                "y2": 4800,
                "real_x2": 99600,
                "real_y2": 5025,
                "r2": 20,
                "c2": 415,
                "l2": 2,
                "p2": -1
            },
            "path_num": 2,
            "paths": [
                {
                    "id1": 587316,
                    "x1": 95040,
                    "y1": 5520,
                    "real_x1": 95245,
                    "real_y1": 5520,
                    "r1": 23,
                    "c1": 396,
                    "l1": 2,
                    "p1": -1,
                    "id2": 587335,
                    "x2": 99600,
                    "y2": 5520,
                    "real_x2": 99600,
                    "real_y2": 5520,
                    "r2": 23,
                    "c2": 415,
                    "l2": 2,
                    "p2": -1
                },
                {
                    "id1": 587335,
                    "x1": 99600,
                    "y1": 5520,
                    "real_x1": 99600,
                    "real_y1": 5520,
                    "r1": 23,
                    "c1": 415,
                    "l1": 2,
                    "p1": -1,
                    "id2": 585727,
                    "x2": 99600,
                    "y2": 4800,
                    "real_x2": 99600,
                    "real_y2": 5025,
                    "r2": 20,
                    "c2": 415,
                    "l2": 2,
                    "p2": -1
                }
            ],
            "patch_num": 2,
            "patchs": [
                52,
                53
            ]
        }
    ],
    "routing_graph": {
        "vertices": [
            {
                "id": 0,
                "is_pin": 1,
                "is_driver_pin": 1,
                "x": 95245,