{
    "id": 489,
    "name": "dpath/b_zero/_14_",
    "feature": {
        "llx": 54240,
        "lly": 74640,
        "urx": 57840,
        "ury": 75120,
        "wire_len": 4320,
        "via_num": 2,
        "drc_num": 0,
        "drc_type": [],
        "R": 7.714285714285714,
        "C": 0.00312744841632,
        "power": 1.01329328688768e-07,
        "delay": 0.011335079088617143,
        "slew": 0.0017887546372490765,
        "aspect_ratio": 8,
        "width": 3600,
        "height": 480,
        "area": 1728000,
        "volume": 1728000,
        "layer_ratio": [
            0.0,
            0.0,
            1.0,
            0.0,
            0.0,
            0.0,
            0.0,
            0.0,
            0.0,
            0.0,
            0.0
        ],
        "place_feature": {
            "pin_num": 2,
            "aspect_ratio": 123,
            "width": 3308,
            "height": 27,
            "area": 89316,
            "l_ness": 1.0,
            "hpwl": 3335,
            "rsmt": 3335
        }
    },
    "pin_num": 2,
    "pins": [
        {
            "id": 1256,
            "i": "dpath/b_zero/_43_",
            "p": "X",
            "driver": 1
        },
        {
            "id": 1257,
            "i": "dpath/b_zero/_28_",
            "p": "A",
            "driver": 0
        }
    ],
    "wire_num": 3,
    "wires": [
        {
            "id": 4923,
            "feature": {
                "wire_width": 0,
                "wire_len": 0,
                "wire_density": 0.0,
                "drc_num": 0,
                "R": 0.0,
                "C": 0.00018872420816,
                "power": 3.397035746879999e-06,
                "delay": 0.0,
                "slew": 0.0,
                "congestion": 0.0,
                "drc_type": []
            },
            "wire": {
                "id1": 168008,
                "x1": 57600,
                "y1": 75120,
                "real_x1": 57790,
                "real_y1": 75155,
                "r1": 313,
                "c1": 240,
                "l1": 0,
                "p1": 1257,
                "id2": 742600,
                "x2": 57600,
                "y2": 75120,
                "real_x2": 57790,
                "real_y2": 75155,
                "r2": 313,
                "c2": 240,
                "l2": 2,
                "p2": -1,
                "via": 0
            },
            "path_num": 1,
            "paths": [
                {
                    "id1": 168008,
                    "x1": 57600,
                    "y1": 75120,
                    "real_x1": 57790,
                    "real_y1": 75155,
                    "r1": 313,
                    "c1": 240,
                    "l1": 0,
                    "p1": 1257,
                    "id2": 742600,
                    "x2": 57600,
                    "y2": 75120,
                    "real_x2": 57790,
                    "real_y2": 75155,
                    "r2": 313,
                    "c2": 240,
                    "l2": 2,
                    "p2": -1,
                    "via": 0
                }
            ],
            "patch_num": 1,
            "patchs": [
                523
            ]
        },
        {
            "id": 4924,
            "feature": {
                "wire_width": 0,
                "wire_len": 0,
                "wire_density": 0.0,
                "drc_num": 0,
                "R": 0.0,
                "C": 0.0,
                "power": 0.0,
                "delay": 0.0,
                "slew": 0.0,
                "congestion": 0.0,
                "drc_type": []
            },
            "wire": {
                "id1": 166922,
                "x1": 54240,
                "y1": 74640,
                "real_x1": 54450,
                "real_y1": 74640,
                "r1": 311,
                "c1": 226,
                "l1": 0,
                "p1": 1256,
                "id2": 741514,
                "x2": 54240,
                "y2": 74640,
                "real_x2": 54450,
                "real_y2": 74640,
                "r2": 311,
                "c2": 226,
                "l2": 2,
                "p2": -1,
                "via": 0
            },
            "path_num": 1,
            "paths": [
                {
                    "id1": 166922,
                    "x1": 54240,
                    "y1": 74640,
                    "real_x1": 54450,
                    "real_y1": 74640,
                    "r1": 311,
                    "c1": 226,
                    "l1": 0,
                    "p1": 1256,
                    "id2": 741514,
                    "x2": 54240,
                    "y2": 74640,
                    "real_x2": 54450,
                    "real_y2": 74640,
                    "r2": 311,
                    "c2": 226,
                    "l2": 2,
                    "p2": -1,
                    "via": 0
                }
            ],
            "patch_num": 1,
            "patchs": [
                522
            ]
        },
        {
            "id": 4925,
            "feature": {
                "wire_width": 140,
                "wire_len": 4320,
                "wire_density": 3.644390997184778e-05,
                "drc_num": 0,
                "R": 3.857142857142857,
                "C": 0.00018872420816,
                "power": 3.397035746879999e-06,
                "delay": 0.011335079088617143,
                "slew": 1.8344376781498362e-09,
                "congestion": 9.0,
                "drc_type": []
            },
            "wire": {
                "id1": 742600,
                "x1": 57600,
                "y1": 75120,
                "real_x1": 57790,
                "real_y1": 75155,
                "r1": 313,
                "c1": 240,
                "l1": 2,
                "p1": -1,
                "id2": 741514,
                "x2": 54240,
                "y2": 74640,
                "real_x2": 54450,
                "real_y2": 74640,
                "r2": 311,
                "c2": 226,
                "l2": 2,
                "p2": -1
            },
            "path_num": 3,
            "paths": [
                {
                    "id1": 742600,
                    "x1": 57600,
                    "y1": 75120,
                    "real_x1": 57790,
                    "real_y1": 75155,
                    "r1": 313,
                    "c1": 240,
                    "l1": 2,
                    "p1": -1,
                    "id2": 742601,
                    "x2": 57840,
                    "y2": 75120,
                    "real_x2": 57840,
                    "real_y2": 75155,
                    "r2": 313,
                    "c2": 241,
                    "l2": 2,
                    "p2": -1
                },
                {
                    "id1": 742601,
                    "x1": 57840,
                    "y1": 75120,
                    "real_x1": 57840,
                    "real_y1": 75155,
                    "r1": 313,
                    "c1": 241,
                    "l1": 2,
                    "p1": -1,
                    "id2": 741529,
                    "x2": 57840,
                    "y2": 74640,
                    "real_x2": 57840,
                    "real_y2": 74640,
                    "r2": 311,
                    "c2": 241,
                    "l2": 2,
                    "p2": -1
                },
                {
                    "id1": 741529,
                    "x1": 57840,
                    "y1": 74640,
                    "real_x1": 57840,
                    "real_y1": 74640,
                    "r1": 311,
                    "c1": 241,