{
    "id": 456,
    "name": "dpath/b_reg/_047_",
    "feature": {
        "llx": 10560,
        "lly": 65520,
        "urx": 12960,
        "ury": 68640,
        "wire_len": 5520,
        "via_num": 4,
        "drc_num": 0,
        "drc_type": [],
        "R": 9.857142857142858,
        "C": 0.0031896897390399997,
        "power": 2.226384555661493e-07,
        "delay": 0.014538521142634285,
        "slew": 0.00295537756336825,
        "aspect_ratio": 1,
        "width": 2400,
        "height": 3120,
        "area": 7488000,
        "volume": 14976000,
        "layer_ratio": [
            0.0,
            0.0,
            0.4300000071525574,
            0.0,
            0.5699999928474426,
            0.0,
            0.0,
            0.0,
            0.0,
            0.0,
            0.0
        ],
        "place_feature": {
            "pin_num": 2,
            "aspect_ratio": 1,
            "width": 2689,
            "height": 3961,
            "area": 10651129,
            "l_ness": 1.0,
            "hpwl": 6650,
            "rsmt": 6650
        }
    },
    "pin_num": 2,
    "pins": [
        {
            "id": 1181,
            "i": "dpath/b_reg/_109_",
            "p": "X",
            "driver": 1
        },
        {
            "id": 1182,
            "i": "dpath/b_reg/_075_",
            "p": "A1",
            "driver": 0
        }
    ],
    "wire_num": 7,
    "wires": [
        {
            "id": 4668,
            "feature": {
                "wire_width": 0,
                "wire_len": 0,
                "wire_density": 0.0,
                "drc_num": 0,
                "R": 0.0,
                "C": 5.652516559999984e-05,
                "power": 2.191901720752801e-06,
                "delay": 0.0,
                "slew": 0.0,
                "congestion": 0.0,
                "drc_type": []
            },
            "wire": {
                "id1": 720969,
                "x1": 11760,
                "y1": 65520,
                "real_x1": 11760,
                "real_y1": 65520,
                "r1": 273,
                "c1": 49,
                "l1": 2,
                "p1": -1,
                "id2": 1295561,
                "x2": 11760,
                "y2": 65520,
                "real_x2": 11760,
                "real_y2": 65520,
                "r2": 273,
                "c2": 49,
                "l2": 4,
                "p2": -1,
                "via": 5
            },
            "path_num": 1,
            "paths": [
                {
                    "id1": 720969,
                    "x1": 11760,
                    "y1": 65520,
                    "real_x1": 11760,
                    "real_y1": 65520,
                    "r1": 273,
                    "c1": 49,
                    "l1": 2,
                    "p1": -1,
                    "id2": 1295561,
                    "x2": 11760,
                    "y2": 65520,
                    "real_x2": 11760,
                    "real_y2": 65520,
                    "r2": 273,
                    "c2": 49,
                    "l2": 4,
                    "p2": -1,
                    "via": 5
                }
            ],
            "patch_num": 1,
            "patchs": [
                452
            ]
        },
        {
            "id": 4669,
            "feature": {
                "wire_width": 0,
                "wire_len": 0,
                "wire_density": 0.0,
                "drc_num": 0,
                "R": 0.0,
                "C": 0.0,
                "power": 0.0,
                "delay": 0.0,
                "slew": 0.0,
                "congestion": 0.0,
                "drc_type": []
            },
            "wire": {
                "id1": 146372,
                "x1": 10560,
                "y1": 65520,
                "real_x1": 10770,
                "real_y1": 65520,
                "r1": 273,
                "c1": 44,
                "l1": 0,
                "p1": 1181,
                "id2": 720964,
                "x2": 10560,
                "y2": 65520,
                "real_x2": 10770,
                "real_y2": 65520,
                "r2": 273,
                "c2": 44,
                "l2": 2,
                "p2": -1,
                "via": 0
            },
            "path_num": 1,
            "paths": [
                {
                    "id1": 146372,
                    "x1": 10560,
                    "y1": 65520,
                    "real_x1": 10770,
                    "real_y1": 65520,
                    "r1": 273,
                    "c1": 44,
                    "l1": 0,
                    "p1": 1181,
                    "id2": 720964,
                    "x2": 10560,
                    "y2": 65520,
                    "real_x2": 10770,
                    "real_y2": 65520,
                    "r2": 273,
                    "c2": 44,
                    "l2": 2,
                    "p2": -1,
                    "via": 0
                }
            ],
            "patch_num": 1,
            "patchs": [
                452
            ]
        },
        {
            "id": 4670,
            "feature": {
                "wire_width": 0,
                "wire_len": 0,
                "wire_density": 0.0,
                "drc_num": 0,
                "R": 0.0,
                "C": 5.652516559999984e-05,
                "power": 2.191901720752801e-06,
                "delay": 0.0,
                "slew": 0.0,
                "congestion": 0.0,
                "drc_type": []
            },
            "wire": {
                "id1": 153350,
                "x1": 12960,
                "y1": 68640,
                "real_x1": 13120,
                "real_y1": 68865,
                "r1": 286,
                "c1": 54,
                "l1": 0,
                "p1": 1182,
                "id2": 727942,
                "x2": 12960,
                "y2": 68640,
                "real_x2": 13120,
                "real_y2": 68865,
                "r2": 286,
                "c2": 54,
                "l2": 2,
                "p2": -1,
                "via": 0
            },
            "path_num": 1,
            "paths": [
                {
                    "id1": 153350,
                    "x1": 12960,
                    "y1": 68640,
                    "real_x1": 13120,
                    "real_y1": 68865,
                    "r1": 286,
                    "c1": 54,
                    "l1": 0,
                    "p1": 1182,
                    "id2": 727942,
                    "x2": 12960,
                    "y2": 68640,
                    "real_x2": 13120,
                    "real_y2": 68865,
                    "r2": 286,
                    "c2": 54,
                    "l2": 2,
                    "p2": -1,
                    "via": 0
                }
            ],
            "patch_num": 1,
            "patchs": [
                453
            ]
        },
        {
            "id": 4671,
            "feature": {
                "wire_width": 0,
                "wire_len": 0,
                "wire_density": 0.0,
                "drc_num": 0,
                "R": 0.0,
                "C": 0.00012679453832000007,
                "power": 4.916768730805213e-06,
                "delay": 0.0,
                "slew": 0.0,
                "congestion": 0.0,
                "drc_type": []
            },
            "wire": {
                "id1": 727937,
                "x1": 11760,
                "y1": 68640,
                "real_x1": 11760,
                "real_y1": 68865,
                "r1": 286,
                "c1": 49,
                "l1": 2,
                "p1": -1,
                "id2": 1302529,