{
    "id": 326,
    "name": "dpath/a_reg/_033_",
    "feature": {
        "llx": 48480,
        "lly": 14640,
        "urx": 55200,
        "ury": 16080,
        "wire_len": 8880,
        "via_num": 2,
        "drc_num": 0,
        "drc_type": [],
        "R": 15.857142857142858,
        "C": 0.0034738763868800006,
        "power": 2.438249338210044e-07,
        "delay": 0.024514652819417147,
        "slew": 0.0077991915975657924,
        "aspect_ratio": 5,
        "width": 6720,
        "height": 1440,
        "area": 9676800,
        "volume": 9676800,
        "layer_ratio": [
            0.0,
            0.0,
            1.0,
            0.0,
            0.0,
            0.0,
            0.0,
            0.0,
            0.0,
            0.0,
            0.0
        ],
        "place_feature": {
            "pin_num": 2,
            "aspect_ratio": 17,
            "width": 6431,
            "height": 377,
            "area": 2424487,
            "l_ness": 1.0,
            "hpwl": 6808,
            "rsmt": 6808
        }
    },
    "pin_num": 2,
    "pins": [
        {
            "id": 891,
            "i": "dpath/a_reg/_084_",
            "p": "X",
            "driver": 1
        },
        {
            "id": 892,
            "i": "dpath/a_reg/_067_",
            "p": "A1",
            "driver": 0
        }
    ],
    "wire_num": 3,
    "wires": [
        {
            "id": 3605,
            "feature": {
                "wire_width": 0,
                "wire_len": 0,
                "wire_density": 0.0,
                "drc_num": 0,
                "R": 0.0,
                "C": 0.0,
                "power": 0.0,
                "delay": 0.0,
                "slew": 0.0,
                "congestion": 0.0,
                "drc_type": []
            },
            "wire": {
                "id1": 32926,
                "x1": 55200,
                "y1": 14640,
                "real_x1": 55410,
                "real_y1": 14640,
                "r1": 61,
                "c1": 230,
                "l1": 0,
                "p1": 891,
                "id2": 607518,
                "x2": 55200,
                "y2": 14640,
                "real_x2": 55410,
                "real_y2": 14640,
                "r2": 61,
                "c2": 230,
                "l2": 2,
                "p2": -1,
                "via": 0
            },
            "path_num": 1,
            "paths": [
                {
                    "id1": 32926,
                    "x1": 55200,
                    "y1": 14640,
                    "real_x1": 55410,
                    "real_y1": 14640,
                    "r1": 61,
                    "c1": 230,
                    "l1": 0,
                    "p1": 891,
                    "id2": 607518,
                    "x2": 55200,
                    "y2": 14640,
                    "real_x2": 55410,
                    "real_y2": 14640,
                    "r2": 61,
                    "c2": 230,
                    "l2": 2,
                    "p2": -1,
                    "via": 0
                }
            ],
            "patch_num": 1,
            "patchs": [
                102
            ]
        },
        {
            "id": 3606,
            "feature": {
                "wire_width": 0,
                "wire_len": 0,
                "wire_density": 0.0,
                "drc_num": 0,
                "R": 0.0,
                "C": 0.0003819381934400002,
                "power": 1.4893073706578243e-05,
                "delay": 0.0,
                "slew": 0.0,
                "congestion": 0.0,
                "drc_type": []
            },
            "wire": {
                "id1": 34506,
                "x1": 48480,
                "y1": 15360,
                "real_x1": 48640,
                "real_y1": 15585,
                "r1": 64,
                "c1": 202,
                "l1": 0,
                "p1": 892,
                "id2": 609098,
                "x2": 48480,
                "y2": 15360,
                "real_x2": 48640,
                "real_y2": 15585,
                "r2": 64,
                "c2": 202,
                "l2": 2,
                "p2": -1,
                "via": 0
            },
            "path_num": 1,
            "paths": [
                {
                    "id1": 34506,
                    "x1": 48480,
                    "y1": 15360,
                    "real_x1": 48640,
                    "real_y1": 15585,
                    "r1": 64,
                    "c1": 202,
                    "l1": 0,
                    "p1": 892,
                    "id2": 609098,
                    "x2": 48480,
                    "y2": 15360,
                    "real_x2": 48640,
                    "real_y2": 15585,
                    "r2": 64,
                    "c2": 202,
                    "l2": 2,
                    "p2": -1,
                    "via": 0
                }
            ],
            "patch_num": 1,
            "patchs": [
                101
            ]
        },
        {
            "id": 3607,
            "feature": {
                "wire_width": 140,
                "wire_len": 8880,
                "wire_density": 7.491248160879822e-05,
                "drc_num": 0,
                "R": 7.928571428571429,
                "C": 0.0003819381934400002,
                "power": 1.4893073706578243e-05,
                "delay": 0.024514652819417147,
                "slew": 1.3165842124851501e-08,
                "congestion": 13.0,
                "drc_type": []
            },
            "wire": {
                "id1": 607518,
                "x1": 55200,
                "y1": 14640,
                "real_x1": 55410,
                "real_y1": 14640,
                "r1": 61,
                "c1": 230,
                "l1": 2,
                "p1": -1,
                "id2": 609098,
                "x2": 48480,
                "y2": 15360,
                "real_x2": 48640,
                "real_y2": 15585,
                "r2": 64,
                "c2": 202,
                "l2": 2,
                "p2": -1
            },
            "path_num": 5,
            "paths": [
                {
                    "id1": 607518,
                    "x1": 55200,
                    "y1": 14640,
                    "real_x1": 55410,
                    "real_y1": 14640,
                    "r1": 61,
                    "c1": 230,
                    "l1": 2,
                    "p1": -1,
                    "id2": 607503,
                    "x2": 51600,
                    "y2": 14640,
                    "real_x2": 51600,
                    "real_y2": 14640,
                    "r2": 61,
                    "c2": 215,
                    "l2": 2,
                    "p2": -1
                },
                {
                    "id1": 607503,
                    "x1": 51600,
                    "y1": 14640,
                    "real_x1": 51600,
                    "real_y1": 14640,
                    "r1": 61,
                    "c1": 215,
                    "l1": 2,
                    "p1": -1,
                    "id2": 610719,
                    "x2": 51600,
                    "y2": 16080,
                    "real_x2": 51600,
                    "real_y2": 16080,
                    "r2": 67,
                    "c2": 215,
                    "l2": 2,
                    "p2": -1
                },
                {
                    "id1": 610719,
                    "x1": 51600,
                    "y1": 16080,
                    "real_x1": 51600,
                    "real_y1": 16080,
                    "r1": 67,
                    "c1": 215,
                    "l1": 2,