{
    "id": 144,
    "name": "dpath/a_lt_b/_045_",
    "feature": {
        "llx": 34800,
        "lly": 48240,
        "urx": 39120,
        "ury": 48720,
        "wire_len": 4800,
        "via_num": 2,
        "drc_num": 0,
        "drc_type": [],
        "R": 8.571428571428571,
        "C": 0.0027881250448,
        "power": 1.3550287717728e-07,
        "delay": 0.011053125096,
        "slew": 0.0006829312568667201,
        "aspect_ratio": 9,
        "width": 4320,
        "height": 480,
        "area": 2073600,
        "volume": 2073600,
        "layer_ratio": [
            0.0,
            0.0,
            1.0,
            0.0,
            0.0,
            0.0,
            0.0,
            0.0,
            0.0,
            0.0,
            0.0
        ],
        "place_feature": {
            "pin_num": 2,
            "aspect_ratio": 23,
            "width": 4647,
            "height": 206,
            "area": 957282,
            "l_ness": 1.0,
            "hpwl": 4853,
            "rsmt": 4853
        }
    },
    "pin_num": 2,
    "pins": [
        {
            "id": 454,
            "i": "dpath/a_lt_b/_103_",
            "p": "Y",
            "driver": 1
        },
        {
            "id": 455,
            "i": "dpath/a_lt_b/_105_",
            "p": "B",
            "driver": 0
        }
    ],
    "wire_num": 3,
    "wires": [
        {
            "id": 1801,
            "feature": {
                "wire_width": 0,
                "wire_len": 0,
                "wire_density": 0.0,
                "drc_num": 0,
                "R": 0.0,
                "C": 0.00020906252239999987,
                "power": 5.644688104800003e-06,
                "delay": 0.0,
                "slew": 0.0,
                "congestion": 0.0,
                "drc_type": []
            },
            "wire": {
                "id1": 107899,
                "x1": 39120,
                "y1": 48240,
                "real_x1": 39120,
                "real_y1": 48255,
                "r1": 201,
                "c1": 163,
                "l1": 0,
                "p1": 455,
                "id2": 682491,
                "x2": 39120,
                "y2": 48240,
                "real_x2": 39120,
                "real_y2": 48255,
                "r2": 201,
                "c2": 163,
                "l2": 2,
                "p2": -1,
                "via": 0
            },
            "path_num": 1,
            "paths": [
                {
                    "id1": 107899,
                    "x1": 39120,
                    "y1": 48240,
                    "real_x1": 39120,
                    "real_y1": 48255,
                    "r1": 201,
                    "c1": 163,
                    "l1": 0,
                    "p1": 455,
                    "id2": 682491,
                    "x2": 39120,
                    "y2": 48240,
                    "real_x2": 39120,
                    "real_y2": 48255,
                    "r2": 201,
                    "c2": 163,
                    "l2": 2,
                    "p2": -1,
                    "via": 0
                }
            ],
            "patch_num": 1,
            "patchs": [
                339
            ]
        },
        {
            "id": 1802,
            "feature": {
                "wire_width": 0,
                "wire_len": 0,
                "wire_density": 0.0,
                "drc_num": 0,
                "R": 0.0,
                "C": 0.0,
                "power": 0.0,
                "delay": 0.0,
                "slew": 0.0,
                "congestion": 0.0,
                "drc_type": []
            },
            "wire": {
                "id1": 108953,
                "x1": 34800,
                "y1": 48720,
                "real_x1": 34870,
                "real_y1": 48720,
                "r1": 203,
                "c1": 145,
                "l1": 0,
                "p1": 454,
                "id2": 683545,
                "x2": 34800,
                "y2": 48720,
                "real_x2": 34870,
                "real_y2": 48720,
                "r2": 203,
                "c2": 145,
                "l2": 2,
                "p2": -1,
                "via": 0
            },
            "path_num": 1,
            "paths": [
                {
                    "id1": 108953,
                    "x1": 34800,
                    "y1": 48720,
                    "real_x1": 34870,
                    "real_y1": 48720,
                    "r1": 203,
                    "c1": 145,
                    "l1": 0,
                    "p1": 454,
                    "id2": 683545,
                    "x2": 34800,
                    "y2": 48720,
                    "real_x2": 34870,
                    "real_y2": 48720,
                    "r2": 203,
                    "c2": 145,
                    "l2": 2,
                    "p2": -1,
                    "via": 0
                }
            ],
            "patch_num": 1,
            "patchs": [
                338
            ]
        },
        {
            "id": 1803,
            "feature": {
                "wire_width": 140,
                "wire_len": 4800,
                "wire_density": 4.0493233302053085e-05,
                "drc_num": 0,
                "R": 4.285714285714286,
                "C": 0.00020906252239999987,
                "power": 5.644688104799989e-06,
                "delay": 0.011053125096,
                "slew": 6.855483541956531e-10,
                "congestion": 9.5,
                "drc_type": []
            },
            "wire": {
                "id1": 682491,
                "x1": 39120,
                "y1": 48240,
                "real_x1": 39120,
                "real_y1": 48255,
                "r1": 201,
                "c1": 163,
                "l1": 2,
                "p1": -1,
                "id2": 683545,
                "x2": 34800,
                "y2": 48720,
                "real_x2": 34870,
                "real_y2": 48720,
                "r2": 203,
                "c2": 145,
                "l2": 2,
                "p2": -1
            },
            "path_num": 3,
            "paths": [
                {
                    "id1": 682491,
                    "x1": 39120,
                    "y1": 48240,
                    "real_x1": 39120,
                    "real_y1": 48255,
                    "r1": 201,
                    "c1": 163,
                    "l1": 2,
                    "p1": -1,
                    "id2": 682481,
                    "x2": 36720,
                    "y2": 48240,
                    "real_x2": 36720,
                    "real_y2": 48255,
                    "r2": 201,
                    "c2": 153,
                    "l2": 2,
                    "p2": -1
                },
                {
                    "id1": 682481,
                    "x1": 36720,
                    "y1": 48240,
                    "real_x1": 36720,
                    "real_y1": 48255,
                    "r1": 201,
                    "c1": 153,
                    "l1": 2,
                    "p1": -1,
                    "id2": 683553,
                    "x2": 36720,
                    "y2": 48720,
                    "real_x2": 36720,
                    "real_y2": 48720,
                    "r2": 203,
                    "c2": 153,
                    "l2": 2,
                    "p2": -1
                },
                {
                    "id1": 683553,
                    "x1": 36720,
                    "y1": 48720,
                    "real_x1": 36720,
                    "real_y1": 48720,
                    "r1": 203,
                    "c1": 153,
                    "l1": 2,