{
    "id": 201,
    "name": "dpath/a_mux/_012_",
    "feature": {
        "llx": 117120,
        "lly": 64560,
        "urx": 127200,
        "ury": 65520,
        "wire_len": 11280,
        "via_num": 2,
        "drc_num": 0,
        "drc_type": [],
        "R": 20.14285714285714,
        "C": 0.00380725952928,
        "power": 1.2335520874867204e-07,
        "delay": 0.03347369977244571,
        "slew": 0.03347369977244571,
        "aspect_ratio": 11,
        "width": 10080,
        "height": 960,
        "area": 9676800,
        "volume": 9676800,
        "layer_ratio": [
            0.0,
            0.0,
            1.0,
            0.0,
            0.0,
            0.0,
            0.0,
            0.0,
            0.0,
            0.0,
            0.0
        ],
        "place_feature": {
            "pin_num": 2,
            "aspect_ratio": 370,
            "width": 9985,
            "height": 27,
            "area": 269595,
            "l_ness": 1.0,
            "hpwl": 10012,
            "rsmt": 10012
        }
    },
    "pin_num": 2,
    "pins": [
        {
            "id": 586,
            "i": "dpath/a_mux/_186_",
            "p": "X",
            "driver": 1
        },
        {
            "id": 587,
            "i": "dpath/a_mux/_128_",
            "p": "A",
            "driver": 0
        }
    ],
    "wire_num": 3,
    "wires": [
        {
            "id": 2301,
            "feature": {
                "wire_width": 0,
                "wire_len": 0,
                "wire_density": 0.0,
                "drc_num": 0,
                "R": 0.0,
                "C": 0.00048362976463999993,
                "power": 8.70533576352e-06,
                "delay": 0.0,
                "slew": 0.0,
                "congestion": 0.0,
                "drc_type": []
            },
            "wire": {
                "id1": 145208,
                "x1": 117120,
                "y1": 64800,
                "real_x1": 117330,
                "real_y1": 64965,
                "r1": 270,
                "c1": 488,
                "l1": 0,
                "p1": 587,
                "id2": 719800,
                "x2": 117120,
                "y2": 64800,
                "real_x2": 117330,
                "real_y2": 64965,
                "r2": 270,
                "c2": 488,
                "l2": 2,
                "p2": -1,
                "via": 0
            },
            "path_num": 1,
            "paths": [
                {
                    "id1": 145208,
                    "x1": 117120,
                    "y1": 64800,
                    "real_x1": 117330,
                    "real_y1": 64965,
                    "r1": 270,
                    "c1": 488,
                    "l1": 0,
                    "p1": 587,
                    "id2": 719800,
                    "x2": 117120,
                    "y2": 64800,
                    "real_x2": 117330,
                    "real_y2": 64965,
                    "r2": 270,
                    "c2": 488,
                    "l2": 2,
                    "p2": -1,
                    "via": 0
                }
            ],
            "patch_num": 1,
            "patchs": [
                477
            ]
        },
        {
            "id": 2302,
            "feature": {
                "wire_width": 0,
                "wire_len": 0,
                "wire_density": 0.0,
                "drc_num": 0,
                "R": 0.0,
                "C": 0.0,
                "power": 0.0,
                "delay": 0.0,
                "slew": 0.0,
                "congestion": 0.0,
                "drc_type": []
            },
            "wire": {
                "id1": 146858,
                "x1": 127200,
                "y1": 65520,
                "real_x1": 127410,
                "real_y1": 65520,
                "r1": 273,
                "c1": 530,
                "l1": 0,
                "p1": 586,
                "id2": 721450,
                "x2": 127200,
                "y2": 65520,
                "real_x2": 127410,
                "real_y2": 65520,
                "r2": 273,
                "c2": 530,
                "l2": 2,
                "p2": -1,
                "via": 0
            },
            "path_num": 1,
            "paths": [
                {
                    "id1": 146858,
                    "x1": 127200,
                    "y1": 65520,
                    "real_x1": 127410,
                    "real_y1": 65520,
                    "r1": 273,
                    "c1": 530,
                    "l1": 0,
                    "p1": 586,
                    "id2": 721450,
                    "x2": 127200,
                    "y2": 65520,
                    "real_x2": 127410,
                    "real_y2": 65520,
                    "r2": 273,
                    "c2": 530,
                    "l2": 2,
                    "p2": -1,
                    "via": 0
                }
            ],
            "patch_num": 1,
            "patchs": [
                479
            ]
        },
        {
            "id": 2303,
            "feature": {
                "wire_width": 140,
                "wire_len": 11280,
                "wire_density": 9.515909825982476e-05,
                "drc_num": 0,
                "R": 10.07142857142857,
                "C": 0.00048362976463999993,
                "power": 8.705335763520007e-06,
                "delay": 0.03347369977244571,
                "slew": 3.347369977244571e-05,
                "congestion": 1.8333333333333333,
                "drc_type": []
            },
            "wire": {
                "id1": 719800,
                "x1": 117120,
                "y1": 64800,
                "real_x1": 117330,
                "real_y1": 64965,
                "r1": 270,
                "c1": 488,
                "l1": 2,
                "p1": -1,
                "id2": 721450,
                "x2": 127200,
                "y2": 65520,
                "real_x2": 127410,
                "real_y2": 65520,
                "r2": 273,
                "c2": 530,
                "l2": 2,
                "p2": -1
            },
            "path_num": 5,
            "paths": [
                {
                    "id1": 719800,
                    "x1": 117120,
                    "y1": 64800,
                    "real_x1": 117330,
                    "real_y1": 64965,
                    "r1": 270,
                    "c1": 488,
                    "l1": 2,
                    "p1": -1,
                    "id2": 719803,
                    "x2": 117840,
                    "y2": 64800,
                    "real_x2": 117840,
                    "real_y2": 64965,
                    "r2": 270,
                    "c2": 491,
                    "l2": 2,
                    "p2": -1
                },
                {
                    "id1": 719803,
                    "x1": 117840,
                    "y1": 64800,
                    "real_x1": 117840,
                    "real_y1": 64965,
                    "r1": 270,
                    "c1": 491,
                    "l1": 2,
                    "p1": -1,
                    "id2": 719267,
                    "x2": 117840,
                    "y2": 64560,
                    "real_x2": 117840,
                    "real_y2": 64560,
                    "r2": 269,
                    "c2": 491,
                    "l2": 2,
                    "p2": -1
                },
                {
                    "id1": 719267,
                    "x1": 117840,
                    "y1": 64560,
                    "real_x1": 117840,
                    "real_y1": 64560,
                    "r1": 269,