{
    "id": 421,
    "name": "dpath/b_reg/_012_",
    "feature": {
        "llx": 16080,
        "lly": 48720,
        "urx": 18960,
        "ury": 50400,
        "wire_len": 4800,
        "via_num": 4,
        "drc_num": 0,
        "drc_type": [],
        "R": 8.571428571428571,
        "C": 0.00219854319408,
        "power": 1.6384496788205364e-07,
        "delay": 0.008516299663251427,
        "slew": 0.0012577709160341878,
        "aspect_ratio": 2,
        "width": 2880,
        "height": 1680,
        "area": 4838400,
        "volume": 9676800,
        "layer_ratio": [
            0.0,
            0.0,
            0.6499999761581421,
            0.0,
            0.3499999940395355,
            0.0,
            0.0,
            0.0,
            0.0,
            0.0,
            0.0
        ],
        "place_feature": {
            "pin_num": 2,
            "aspect_ratio": 1,
            "width": 2803,
            "height": 3420,
            "area": 9586260,
            "l_ness": 1.0,
            "hpwl": 6223,
            "rsmt": 6223
        }
    },
    "pin_num": 2,
    "pins": [
        {
            "id": 1105,
            "i": "dpath/b_reg/_104_",
            "p": "X",
            "driver": 1
        },
        {
            "id": 1106,
            "i": "dpath/b_reg/_138_",
            "p": "D",
            "driver": 0
        }
    ],
    "wire_num": 7,
    "wires": [
        {
            "id": 4392,
            "feature": {
                "wire_width": 140,
                "wire_len": 1680,
                "wire_density": null,
                "drc_num": 0,
                "R": 1.5,
                "C": 7.071379448000004e-05,
                "power": 2.927721364813946e-06,
                "delay": 0.0028086163030799994,
                "slew": 2.6860972821007856e-10,
                "congestion": -9.0,
                "drc_type": []
            },
            "wire": {
                "id1": 1258071,
                "x1": 18960,
                "y1": 48720,
                "real_x1": 18960,
                "real_y1": 48720,
                "r1": 203,
                "c1": 79,
                "l1": 4,
                "p1": -1,
                "id2": 1261823,
                "x2": 18960,
                "y2": 50400,
                "real_x2": 18960,
                "real_y2": 50540,
                "r2": 210,
                "c2": 79,
                "l2": 4,
                "p2": -1
            },
            "path_num": 1,
            "paths": [
                {
                    "id1": 1258071,
                    "x1": 18960,
                    "y1": 48720,
                    "real_x1": 18960,
                    "real_y1": 48720,
                    "r1": 203,
                    "c1": 79,
                    "l1": 4,
                    "p1": -1,
                    "id2": 1261823,
                    "x2": 18960,
                    "y2": 50400,
                    "real_x2": 18960,
                    "real_y2": 50540,
                    "r2": 210,
                    "c2": 79,
                    "l2": 4,
                    "p2": -1
                }
            ],
            "patch_num": 1,
            "patchs": [
                334
            ]
        },
        {
            "id": 4393,
            "feature": {
                "wire_width": 0,
                "wire_len": 0,
                "wire_density": 0.0,
                "drc_num": 0,
                "R": 0.0,
                "C": 7.071379448000004e-05,
                "power": 2.927721364813946e-06,
                "delay": 0.0,
                "slew": 0.0,
                "congestion": 0.0,
                "drc_type": []
            },
            "wire": {
                "id1": 683479,
                "x1": 18960,
                "y1": 48720,
                "real_x1": 18960,
                "real_y1": 48720,
                "r1": 203,
                "c1": 79,
                "l1": 2,
                "p1": -1,
                "id2": 1258071,
                "x2": 18960,
                "y2": 48720,
                "real_x2": 18960,
                "real_y2": 48720,
                "r2": 203,
                "c2": 79,
                "l2": 4,
                "p2": -1,
                "via": 5
            },
            "path_num": 1,
            "paths": [
                {
                    "id1": 683479,
                    "x1": 18960,
                    "y1": 48720,
                    "real_x1": 18960,
                    "real_y1": 48720,
                    "r1": 203,
                    "c1": 79,
                    "l1": 2,
                    "p1": -1,
                    "id2": 1258071,
                    "x2": 18960,
                    "y2": 48720,
                    "real_x2": 18960,
                    "real_y2": 48720,
                    "r2": 203,
                    "c2": 79,
                    "l2": 4,
                    "p2": -1,
                    "via": 5
                }
            ],
            "patch_num": 1,
            "patchs": [
                334
            ]
        },
        {
            "id": 4394,
            "feature": {
                "wire_width": 140,
                "wire_len": 240,
                "wire_density": null,
                "drc_num": 0,
                "R": 0.2142857142857144,
                "C": 1.58485371199999e-05,
                "power": 6.561675988182755e-07,
                "delay": 0.00038268182938285683,
                "slew": 3.9579832467051546e-12,
                "congestion": -1.0,
                "drc_type": []
            },
            "wire": {
                "id1": 683478,
                "x1": 18720,
                "y1": 48720,
                "real_x1": 18910,
                "real_y1": 48720,
                "r1": 203,
                "c1": 78,
                "l1": 2,
                "p1": -1,
                "id2": 683479,
                "x2": 18960,
                "y2": 48720,
                "real_x2": 18960,
                "real_y2": 48720,
                "r2": 203,
                "c2": 79,
                "l2": 2,
                "p2": -1
            },
            "path_num": 1,
            "paths": [
                {
                    "id1": 683478,
                    "x1": 18720,
                    "y1": 48720,
                    "real_x1": 18910,
                    "real_y1": 48720,
                    "r1": 203,
                    "c1": 78,
                    "l1": 2,
                    "p1": -1,
                    "id2": 683479,
                    "x2": 18960,
                    "y2": 48720,
                    "real_x2": 18960,
                    "real_y2": 48720,
                    "r2": 203,
                    "c2": 79,
                    "l2": 2,
                    "p2": -1
                }
            ],
            "patch_num": 1,
            "patchs": [
                334
            ]
        },
        {
            "id": 4395,
            "feature": {
                "wire_width": 140,
                "wire_len": 2880,
                "wire_density": 1.0,
                "drc_num": 0,
                "R": 2.571428571428571,
                "C": 0.00012770926544,
                "power": 5.287471103239012e-06,
                "delay": 0.005325001530788571,
                "slew": 1.5923247442817257e-09,
                "congestion": -2.5,
                "drc_type": []
            },
            "wire": {
                "id1": 687219,
                "x1": 16080,
                "y1": 50400,
                "real_x1": 16145,
                "real_y1": 50540,
                "r1": 210,
                "c1": 67,
                "l1": 2,