{
    "id": 182,
    "name": "dpath/a_lt_b/_083_",
    "feature": {
        "llx": 53280,
        "lly": 84480,
        "urx": 56400,
        "ury": 85920,
        "wire_len": 4800,
        "via_num": 4,
        "drc_num": 0,
        "drc_type": [],
        "R": 8.57142857142857,
        "C": 0.0027301879270400006,
        "power": 1.4374439435865606e-07,
        "delay": 0.010794483549394286,
        "slew": 0.000663858678564791,
        "aspect_ratio": 2,
        "width": 3120,
        "height": 1440,
        "area": 4492800,
        "volume": 8985600,
        "layer_ratio": [
            0.0,
            0.0,
            0.699999988079071,
            0.0,
            0.30000001192092896,
            0.0,
            0.0,
            0.0,
            0.0,
            0.0,
            0.0
        ],
        "place_feature": {
            "pin_num": 2,
            "aspect_ratio": 52,
            "width": 3246,
            "height": 63,
            "area": 204498,
            "l_ness": 1.0,
            "hpwl": 3309,
            "rsmt": 3309
        }
    },
    "pin_num": 2,
    "pins": [
        {
            "id": 548,
            "i": "dpath/a_lt_b/_141_",
            "p": "Y",
            "driver": 1
        },
        {
            "id": 549,
            "i": "dpath/a_lt_b/_142_",
            "p": "B",
            "driver": 0
        }
    ],
    "wire_num": 7,
    "wires": [
        {
            "id": 2173,
            "feature": {
                "wire_width": 0,
                "wire_len": 0,
                "wire_density": 0.0,
                "drc_num": 0,
                "R": 0.0,
                "C": 1.5848537120000117e-05,
                "power": 4.635697107599983e-07,
                "delay": 0.0,
                "slew": 0.0,
                "congestion": 0.0,
                "drc_type": []
            },
            "wire": {
                "id1": 188906,
                "x1": 56160,
                "y1": 84480,
                "real_x1": 56360,
                "real_y1": 84680,
                "r1": 352,
                "c1": 234,
                "l1": 0,
                "p1": 549,
                "id2": 763498,
                "x2": 56160,
                "y2": 84480,
                "real_x2": 56360,
                "real_y2": 84680,
                "r2": 352,
                "c2": 234,
                "l2": 2,
                "p2": -1,
                "via": 0
            },
            "path_num": 1,
            "paths": [
                {
                    "id1": 188906,
                    "x1": 56160,
                    "y1": 84480,
                    "real_x1": 56360,
                    "real_y1": 84680,
                    "r1": 352,
                    "c1": 234,
                    "l1": 0,
                    "p1": 549,
                    "id2": 763498,
                    "x2": 56160,
                    "y2": 84480,
                    "real_x2": 56360,
                    "real_y2": 84680,
                    "r2": 352,
                    "c2": 234,
                    "l2": 2,
                    "p2": -1,
                    "via": 0
                }
            ],
            "patch_num": 1,
            "patchs": [
                583
            ]
        },
        {
            "id": 2174,
            "feature": {
                "wire_width": 0,
                "wire_len": 0,
                "wire_density": 0.0,
                "drc_num": 0,
                "R": 0.0,
                "C": 6.136700384000004e-05,
                "power": 1.79498486232001e-06,
                "delay": 0.0,
                "slew": 0.0,
                "congestion": 0.0,
                "drc_type": []
            },
            "wire": {
                "id1": 763499,
                "x1": 56400,
                "y1": 84480,
                "real_x1": 56400,
                "real_y1": 84680,
                "r1": 352,
                "c1": 235,
                "l1": 2,
                "p1": -1,
                "id2": 1338091,
                "x2": 56400,
                "y2": 84480,
                "real_x2": 56400,
                "real_y2": 84680,
                "r2": 352,
                "c2": 235,
                "l2": 4,
                "p2": -1,
                "via": 5
            },
            "path_num": 1,
            "paths": [
                {
                    "id1": 763499,
                    "x1": 56400,
                    "y1": 84480,
                    "real_x1": 56400,
                    "real_y1": 84680,
                    "r1": 352,
                    "c1": 235,
                    "l1": 2,
                    "p1": -1,
                    "id2": 1338091,
                    "x2": 56400,
                    "y2": 84480,
                    "real_x2": 56400,
                    "real_y2": 84680,
                    "r2": 352,
                    "c2": 235,
                    "l2": 4,
                    "p2": -1,
                    "via": 5
                }
            ],
            "patch_num": 1,
            "patchs": [
                583
            ]
        },
        {
            "id": 2175,
            "feature": {
                "wire_width": 140,
                "wire_len": 1440,
                "wire_density": 1.2147969990615926e-05,
                "drc_num": 0,
                "R": 1.2857142857142856,
                "C": 6.136700384000004e-05,
                "power": 1.7949848623199965e-06,
                "delay": 0.0030767966718171433,
                "slew": 7.375890176408717e-11,
                "congestion": 5.0,
                "drc_type": []
            },
            "wire": {
                "id1": 1338091,
                "x1": 56400,
                "y1": 84480,
                "real_x1": 56400,
                "real_y1": 84680,
                "r1": 352,
                "c1": 235,
                "l1": 4,
                "p1": -1,
                "id2": 1341307,
                "x2": 56400,
                "y2": 85920,
                "real_x2": 56400,
                "real_y2": 86065,
                "r2": 358,
                "c2": 235,
                "l2": 4,
                "p2": -1
            },
            "path_num": 1,
            "paths": [
                {
                    "id1": 1338091,
                    "x1": 56400,
                    "y1": 84480,
                    "real_x1": 56400,
                    "real_y1": 84680,
                    "r1": 352,
                    "c1": 235,
                    "l1": 4,
                    "p1": -1,
                    "id2": 1341307,
                    "x2": 56400,
                    "y2": 85920,
                    "real_x2": 56400,
                    "real_y2": 86065,
                    "r2": 358,
                    "c2": 235,
                    "l2": 4,
                    "p2": -1
                }
            ],
            "patch_num": 1,
            "patchs": [
                583
            ]
        },
        {
            "id": 2176,
            "feature": {
                "wire_width": 140,
                "wire_len": 3120,
                "wire_density": null,
                "drc_num": 0,
                "R": 2.7857142857142856,
                "C": 0.00013787842256000014,
                "power": 4.032943859880002e-06,
                "delay": 0.0072214336196228576,
                "slew": 5.91254337156677e-10,
                "congestion": 3.5,
                "drc_type": []
            },
            "wire": {
                "id1": 766702,
                "x1": 53280,
                "y1": 85920,
                "real_x1": 53490,
                "real_y1": 86065,
                "r1": 358,