{
    "id": 28,
    "name": "ctrl/state/_00_",
    "feature": {
        "llx": 95520,
        "lly": 48720,
        "urx": 98880,
        "ury": 50400,
        "wire_len": 5040,
        "via_num": 4,
        "drc_num": 0,
        "drc_type": [],
        "R": 9.0,
        "C": 0.0022188815083200005,
        "power": 8.53725862000554e-08,
        "delay": 0.00896158863036,
        "slew": 0.001374005694398852,
        "aspect_ratio": 2,
        "width": 3360,
        "height": 1680,
        "area": 5644800,
        "volume": 11289600,
        "layer_ratio": [
            0.0,
            0.0,
            0.6700000166893005,
            0.0,
            0.33000001311302185,
            0.0,
            0.0,
            0.0,
            0.0,
            0.0,
            0.0
        ],
        "place_feature": {
            "pin_num": 2,
            "aspect_ratio": 1,
            "width": 3283,
            "height": 3420,
            "area": 11227860,
            "l_ness": 1.0,
            "hpwl": 6703,
            "rsmt": 6703
        }
    },
    "pin_num": 2,
    "pins": [
        {
            "id": 77,
            "i": "ctrl/state/_11_",
            "p": "X",
            "driver": 1
        },
        {
            "id": 78,
            "i": "ctrl/state/_14_",
            "p": "D",
            "driver": 0
        }
    ],
    "wire_num": 7,
    "wires": [
        {
            "id": 297,
            "feature": {
                "wire_width": 0,
                "wire_len": 0,
                "wire_density": 0.0,
                "drc_num": 0,
                "R": 0.0,
                "C": 1.5848537120000117e-05,
                "power": 3.3876692587599155e-07,
                "delay": 0.0,
                "slew": 0.0,
                "congestion": 0.0,
                "drc_type": []
            },
            "wire": {
                "id1": 687551,
                "x1": 95760,
                "y1": 50400,
                "real_x1": 95760,
                "real_y1": 50465,
                "r1": 210,
                "c1": 399,
                "l1": 2,
                "p1": -1,
                "id2": 1262143,
                "x2": 95760,
                "y2": 50400,
                "real_x2": 95760,
                "real_y2": 50465,
                "r2": 210,
                "c2": 399,
                "l2": 4,
                "p2": -1,
                "via": 5
            },
            "path_num": 1,
            "paths": [
                {
                    "id1": 687551,
                    "x1": 95760,
                    "y1": 50400,
                    "real_x1": 95760,
                    "real_y1": 50465,
                    "r1": 210,
                    "c1": 399,
                    "l1": 2,
                    "p1": -1,
                    "id2": 1262143,
                    "x2": 95760,
                    "y2": 50400,
                    "real_x2": 95760,
                    "real_y2": 50465,
                    "r2": 210,
                    "c2": 399,
                    "l2": 4,
                    "p2": -1,
                    "via": 5
                }
            ],
            "patch_num": 1,
            "patchs": [
                352
            ]
        },
        {
            "id": 298,
            "feature": {
                "wire_width": 0,
                "wire_len": 0,
                "wire_density": 0.0,
                "drc_num": 0,
                "R": 0.0,
                "C": 0.00013787842255999993,
                "power": 2.9471899520832484e-06,
                "delay": 0.0,
                "slew": 0.0,
                "congestion": 0.0,
                "drc_type": []
            },
            "wire": {
                "id1": 109220,
                "x1": 98880,
                "y1": 48720,
                "real_x1": 99070,
                "real_y1": 48720,
                "r1": 203,
                "c1": 412,
                "l1": 0,
                "p1": 78,
                "id2": 683812,
                "x2": 98880,
                "y2": 48720,
                "real_x2": 99070,
                "real_y2": 48720,
                "r2": 203,
                "c2": 412,
                "l2": 2,
                "p2": -1,
                "via": 0
            },
            "path_num": 1,
            "paths": [
                {
                    "id1": 109220,
                    "x1": 98880,
                    "y1": 48720,
                    "real_x1": 99070,
                    "real_y1": 48720,
                    "r1": 203,
                    "c1": 412,
                    "l1": 0,
                    "p1": 78,
                    "id2": 683812,
                    "x2": 98880,
                    "y2": 48720,
                    "real_x2": 99070,
                    "real_y2": 48720,
                    "r2": 203,
                    "c2": 412,
                    "l2": 2,
                    "p2": -1,
                    "via": 0
                }
            ],
            "patch_num": 1,
            "patchs": [
                352
            ]
        },
        {
            "id": 299,
            "feature": {
                "wire_width": 140,
                "wire_len": 1680,
                "wire_density": 1.4172631655718581e-05,
                "drc_num": 0,
                "R": 1.4999999999999998,
                "C": 7.071379448000004e-05,
                "power": 1.5115271896474187e-06,
                "delay": 0.0031747059594,
                "slew": 1.0934380068050586e-09,
                "congestion": -2.0,
                "drc_type": []
            },
            "wire": {
                "id1": 1258391,
                "x1": 95760,
                "y1": 48720,
                "real_x1": 95760,
                "real_y1": 48720,
                "r1": 203,
                "c1": 399,
                "l1": 4,
                "p1": -1,
                "id2": 1262143,
                "x2": 95760,
                "y2": 50400,
                "real_x2": 95760,
                "real_y2": 50465,
                "r2": 210,
                "c2": 399,
                "l2": 4,
                "p2": -1
            },
            "path_num": 1,
            "paths": [
                {
                    "id1": 1258391,
                    "x1": 95760,
                    "y1": 48720,
                    "real_x1": 95760,
                    "real_y1": 48720,
                    "r1": 203,
                    "c1": 399,
                    "l1": 4,
                    "p1": -1,
                    "id2": 1262143,
                    "x2": 95760,
                    "y2": 50400,
                    "real_x2": 95760,
                    "real_y2": 50465,
                    "r2": 210,
                    "c2": 399,
                    "l2": 4,
                    "p2": -1
                }
            ],
            "patch_num": 1,
            "patchs": [
                352
            ]
        },
        {
            "id": 300,
            "feature": {
                "wire_width": 140,
                "wire_len": 240,
                "wire_density": null,
                "drc_num": 0,
                "R": 0.21428571428571425,
                "C": 1.5848537120000117e-05,
                "power": 3.387669258759983e-07,
                "delay": 0.0004720784938285714,
                "slew": 2.0109664974898855e-10,
                "congestion": -6.0,
                "drc_type": []
            },
            "wire": {
                "id1": 687550,
                "x1": 95520,
                "y1": 50400,
                "real_x1": 95730,
                "real_y1": 50465,
                "r1": 210,
                "c1": 398,