{
    "id": 80,
    "name": "dpath/a_mux$out[7]",
    "feature": {
        "llx": 55200,
        "lly": 64800,
        "urx": 55440,
        "ury": 67920,
        "wire_len": 3360,
        "via_num": 4,
        "drc_num": 0,
        "drc_type": [],
        "R": 6.0,
        "C": 0.0028152861508800005,
        "power": 2.0299860002178718e-07,
        "delay": 0.008000949988268571,
        "slew": 0.0009731698334296338,
        "aspect_ratio": 13,
        "width": 240,
        "height": 3120,
        "area": 748800,
        "volume": 1497600,
        "layer_ratio": [
            0.0,
            0.0,
            0.07000000029802322,
            0.0,
            0.9300000071525574,
            0.0,
            0.0,
            0.0,
            0.0,
            0.0,
            0.0
        ],
        "place_feature": {
            "pin_num": 2,
            "aspect_ratio": 17,
            "width": 205,
            "height": 3507,
            "area": 718935,
            "l_ness": 1.0,
            "hpwl": 3712,
            "rsmt": 3712
        }
    },
    "pin_num": 2,
    "pins": [
        {
            "id": 294,
            "i": "dpath/a_mux/_191_",
            "p": "X",
            "driver": 1
        },
        {
            "id": 295,
            "i": "dpath/a_reg/_106_",
            "p": "A",
            "driver": 0
        }
    ],
    "wire_num": 6,
    "wires": [
        {
            "id": 1249,
            "feature": {
                "wire_width": 140,
                "wire_len": 240,
                "wire_density": null,
                "drc_num": 0,
                "R": 0.21428571428571425,
                "C": 1.5848537120000117e-05,
                "power": 6.348734640758966e-07,
                "delay": 0.0005998794886628571,
                "slew": 2.127580715771682e-10,
                "congestion": 7.0,
                "drc_type": []
            },
            "wire": {
                "id1": 726510,
                "x1": 55200,
                "y1": 67920,
                "real_x1": 55410,
                "real_y1": 67920,
                "r1": 283,
                "c1": 230,
                "l1": 2,
                "p1": -1,
                "id2": 726511,
                "x2": 55440,
                "y2": 67920,
                "real_x2": 55440,
                "real_y2": 67920,
                "r2": 283,
                "c2": 231,
                "l2": 2,
                "p2": -1
            },
            "path_num": 1,
            "paths": [
                {
                    "id1": 726510,
                    "x1": 55200,
                    "y1": 67920,
                    "real_x1": 55410,
                    "real_y1": 67920,
                    "r1": 283,
                    "c1": 230,
                    "l1": 2,
                    "p1": -1,
                    "id2": 726511,
                    "x2": 55440,
                    "y2": 67920,
                    "real_x2": 55440,
                    "real_y2": 67920,
                    "r2": 283,
                    "c2": 231,
                    "l2": 2,
                    "p2": -1
                }
            ],
            "patch_num": 1,
            "patchs": [
                462
            ]
        },
        {
            "id": 1250,
            "feature": {
                "wire_width": 0,
                "wire_len": 0,
                "wire_density": 0.0,
                "drc_num": 0,
                "R": 0.0,
                "C": 0.00012679453832000007,
                "power": 5.079237734032692e-06,
                "delay": 0.0,
                "slew": 0.0,
                "congestion": 0.0,
                "drc_type": []
            },
            "wire": {
                "id1": 719543,
                "x1": 55440,
                "y1": 64800,
                "real_x1": 55440,
                "real_y1": 64965,
                "r1": 270,
                "c1": 231,
                "l1": 2,
                "p1": -1,
                "id2": 1294135,
                "x2": 55440,
                "y2": 64800,
                "real_x2": 55440,
                "real_y2": 64965,
                "r2": 270,
                "c2": 231,
                "l2": 4,
                "p2": -1,
                "via": 5
            },
            "path_num": 1,
            "paths": [
                {
                    "id1": 719543,
                    "x1": 55440,
                    "y1": 64800,
                    "real_x1": 55440,
                    "real_y1": 64965,
                    "r1": 270,
                    "c1": 231,
                    "l1": 2,
                    "p1": -1,
                    "id2": 1294135,
                    "x2": 55440,
                    "y2": 64800,
                    "real_x2": 55440,
                    "real_y2": 64965,
                    "r2": 270,
                    "c2": 231,
                    "l2": 4,
                    "p2": -1,
                    "via": 5
                }
            ],
            "patch_num": 1,
            "patchs": [
                462
            ]
        },
        {
            "id": 1251,
            "feature": {
                "wire_width": 0,
                "wire_len": 0,
                "wire_density": 0.0,
                "drc_num": 0,
                "R": 0.0,
                "C": 0.0,
                "power": 0.0,
                "delay": 0.0,
                "slew": 0.0,
                "congestion": 0.0,
                "drc_type": []
            },
            "wire": {
                "id1": 151918,
                "x1": 55200,
                "y1": 67920,
                "real_x1": 55410,
                "real_y1": 67920,
                "r1": 283,
                "c1": 230,
                "l1": 0,
                "p1": 294,
                "id2": 726510,
                "x2": 55200,
                "y2": 67920,
                "real_x2": 55410,
                "real_y2": 67920,
                "r2": 283,
                "c2": 230,
                "l2": 2,
                "p2": -1,
                "via": 0
            },
            "path_num": 1,
            "paths": [
                {
                    "id1": 151918,
                    "x1": 55200,
                    "y1": 67920,
                    "real_x1": 55410,
                    "real_y1": 67920,
                    "r1": 283,
                    "c1": 230,
                    "l1": 0,
                    "p1": 294,
                    "id2": 726510,
                    "x2": 55200,
                    "y2": 67920,
                    "real_x2": 55410,
                    "real_y2": 67920,
                    "r2": 283,
                    "c2": 230,
                    "l2": 2,
                    "p2": -1,
                    "via": 0
                }
            ],
            "patch_num": 1,
            "patchs": [
                462
            ]
        },
        {
            "id": 1252,
            "feature": {
                "wire_width": 0,
                "wire_len": 0,
                "wire_density": 0.0,
                "drc_num": 0,
                "R": 0.0,
                "C": 0.0,
                "power": 0.0,
                "delay": 0.0,
                "slew": 0.0,
                "congestion": 0.0,
                "drc_type": []
            },
            "wire": {
                "id1": 144951,
                "x1": 55440,
                "y1": 64800,
                "real_x1": 55440,
                "real_y1": 64965,
                "r1": 270,
                "c1": 231,
                "l1": 0,
                "p1": 295,
                "id2": 719543,
                "x2": 55440,
                "y2": 64800,