{
    "id": 406,
    "name": "dpath/b_mux/_047_",
    "feature": {
        "llx": 5520,
        "lly": 64800,
        "urx": 6000,
        "ury": 67920,
        "wire_len": 3600,
        "via_num": 4,
        "drc_num": 0,
        "drc_type": [],
        "R": 6.428571428571429,
        "C": 0.00283562446512,
        "power": 1.9792490904457464e-07,
        "delay": 0.008605187687125714,
        "slew": 0.0009232239972975648,
        "aspect_ratio": 7,
        "width": 480,
        "height": 3120,
        "area": 1497600,
        "volume": 2995200,
        "layer_ratio": [
            0.0,
            0.0,
            0.12999999523162842,
            0.0,
            0.8700000047683716,
            0.0,
            0.0,
            0.0,
            0.0,
            0.0,
            0.0
        ],
        "place_feature": {
            "pin_num": 2,
            "aspect_ratio": 12,
            "width": 286,
            "height": 3507,
            "area": 1003002,
            "l_ness": 1.0,
            "hpwl": 3793,
            "rsmt": 3793
        }
    },
    "pin_num": 2,
    "pins": [
        {
            "id": 1069,
            "i": "dpath/b_mux/_059_",
            "p": "X",
            "driver": 1
        },
        {
            "id": 1070,
            "i": "dpath/b_mux/_094_",
            "p": "A",
            "driver": 0
        }
    ],
    "wire_num": 6,
    "wires": [
        {
            "id": 4270,
            "feature": {
                "wire_width": 140,
                "wire_len": 3120,
                "wire_density": null,
                "drc_num": 0,
                "R": 2.7857142857142856,
                "C": 0.00012679453832000007,
                "power": 4.9167687308052e-06,
                "delay": 0.0074010704996057145,
                "slew": 7.001539417683666e-10,
                "congestion": -8.0,
                "drc_type": []
            },
            "wire": {
                "id1": 1293929,
                "x1": 6000,
                "y1": 64800,
                "real_x1": 6000,
                "real_y1": 64965,
                "r1": 270,
                "c1": 25,
                "l1": 4,
                "p1": -1,
                "id2": 1300897,
                "x2": 6000,
                "y2": 67920,
                "real_x2": 6000,
                "real_y2": 67920,
                "r2": 283,
                "c2": 25,
                "l2": 4,
                "p2": -1
            },
            "path_num": 1,
            "paths": [
                {
                    "id1": 1293929,
                    "x1": 6000,
                    "y1": 64800,
                    "real_x1": 6000,
                    "real_y1": 64965,
                    "r1": 270,
                    "c1": 25,
                    "l1": 4,
                    "p1": -1,
                    "id2": 1300897,
                    "x2": 6000,
                    "y2": 67920,
                    "real_x2": 6000,
                    "real_y2": 67920,
                    "r2": 283,
                    "c2": 25,
                    "l2": 4,
                    "p2": -1
                }
            ],
            "patch_num": 1,
            "patchs": [
                451
            ]
        },
        {
            "id": 4271,
            "feature": {
                "wire_width": 140,
                "wire_len": 480,
                "wire_density": null,
                "drc_num": 0,
                "R": 0.4285714285714285,
                "C": 2.601769423999983e-05,
                "power": 1.0088998089494519e-06,
                "delay": 0.0012041171875199997,
                "slew": 2.33964826679145e-10,
                "congestion": -2.0,
                "drc_type": []
            },
            "wire": {
                "id1": 726303,
                "x1": 5520,
                "y1": 67920,
                "real_x1": 5520,
                "real_y1": 67920,
                "r1": 283,
                "c1": 23,
                "l1": 2,
                "p1": -1,
                "id2": 726305,
                "x2": 6000,
                "y2": 67920,
                "real_x2": 6000,
                "real_y2": 67920,
                "r2": 283,
                "c2": 25,
                "l2": 2,
                "p2": -1
            },
            "path_num": 1,
            "paths": [
                {
                    "id1": 726303,
                    "x1": 5520,
                    "y1": 67920,
                    "real_x1": 5520,
                    "real_y1": 67920,
                    "r1": 283,
                    "c1": 23,
                    "l1": 2,
                    "p1": -1,
                    "id2": 726305,
                    "x2": 6000,
                    "y2": 67920,
                    "real_x2": 6000,
                    "real_y2": 67920,
                    "r2": 283,
                    "c2": 25,
                    "l2": 2,
                    "p2": -1
                }
            ],
            "patch_num": 1,
            "patchs": [
                451
            ]
        },
        {
            "id": 4272,
            "feature": {
                "wire_width": 0,
                "wire_len": 0,
                "wire_density": 0.0,
                "drc_num": 0,
                "R": 0.0,
                "C": 0.00012679453832000007,
                "power": 4.916768730805213e-06,
                "delay": 0.0,
                "slew": 0.0,
                "congestion": 0.0,
                "drc_type": []
            },
            "wire": {
                "id1": 719337,
                "x1": 6000,
                "y1": 64800,
                "real_x1": 6000,
                "real_y1": 64965,
                "r1": 270,
                "c1": 25,
                "l1": 2,
                "p1": -1,
                "id2": 1293929,
                "x2": 6000,
                "y2": 64800,
                "real_x2": 6000,
                "real_y2": 64965,
                "r2": 270,
                "c2": 25,
                "l2": 4,
                "p2": -1,
                "via": 5
            },
            "path_num": 1,
            "paths": [
                {
                    "id1": 719337,
                    "x1": 6000,
                    "y1": 64800,
                    "real_x1": 6000,
                    "real_y1": 64965,
                    "r1": 270,
                    "c1": 25,
                    "l1": 2,
                    "p1": -1,
                    "id2": 1293929,
                    "x2": 6000,
                    "y2": 64800,
                    "real_x2": 6000,
                    "real_y2": 64965,
                    "r2": 270,
                    "c2": 25,
                    "l2": 4,
                    "p2": -1,
                    "via": 5
                }
            ],
            "patch_num": 1,
            "patchs": [
                451
            ]
        },
        {
            "id": 4273,
            "feature": {
                "wire_width": 0,
                "wire_len": 0,
                "wire_density": 0.0,
                "drc_num": 0,
                "R": 0.0,
                "C": 0.0,
                "power": 0.0,
                "delay": 0.0,
                "slew": 0.0,
                "congestion": 0.0,
                "drc_type": []
            },
            "wire": {
                "id1": 144745,
                "x1": 6000,
                "y1": 64800,
                "real_x1": 6000,
                "real_y1": 64965,
                "r1": 270,
                "c1": 25,
                "l1": 0,
                "p1": 1070,
                "id2": 719337,
                "x2": 6000,