{
    "id": 232,
    "name": "dpath/a_mux/_043_",
    "feature": {
        "llx": 99840,
        "lly": 43920,
        "urx": 102960,
        "ury": 45360,
        "wire_len": 5280,
        "via_num": 2,
        "drc_num": 0,
        "drc_type": [],
        "R": 9.428571428571429,
        "C": 0.00338880167328,
        "power": 1.0979717421427202e-07,
        "delay": 0.014894318229874286,
        "slew": 0.0028839707732740832,
        "aspect_ratio": 2,
        "width": 3120,
        "height": 1440,
        "area": 4492800,
        "volume": 4492800,
        "layer_ratio": [
            0.0,
            0.0,
            1.0,
            0.0,
            0.0,
            0.0,
            0.0,
            0.0,
            0.0,
            0.0,
            0.0
        ],
        "place_feature": {
            "pin_num": 2,
            "aspect_ratio": 105,
            "width": 2848,
            "height": 27,
            "area": 76896,
            "l_ness": 1.0,
            "hpwl": 2875,
            "rsmt": 2875
        }
    },
    "pin_num": 2,
    "pins": [
        {
            "id": 648,
            "i": "dpath/a_mux/_180_",
            "p": "X",
            "driver": 1
        },
        {
            "id": 649,
            "i": "dpath/a_mux/_126_",
            "p": "B1",
            "driver": 0
        }
    ],
    "wire_num": 3,
    "wires": [
        {
            "id": 2534,
            "feature": {
                "wire_width": 0,
                "wire_len": 0,
                "wire_density": 0.0,
                "drc_num": 0,
                "R": 0.0,
                "C": 0.0,
                "power": 0.0,
                "delay": 0.0,
                "slew": 0.0,
                "congestion": 0.0,
                "drc_type": []
            },
            "wire": {
                "id1": 101720,
                "x1": 99840,
                "y1": 45360,
                "real_x1": 100050,
                "real_y1": 45360,
                "r1": 189,
                "c1": 416,
                "l1": 0,
                "p1": 648,
                "id2": 676312,
                "x2": 99840,
                "y2": 45360,
                "real_x2": 100050,
                "real_y2": 45360,
                "r2": 189,
                "c2": 416,
                "l2": 2,
                "p2": -1,
                "via": 0
            },
            "path_num": 1,
            "paths": [
                {
                    "id1": 101720,
                    "x1": 99840,
                    "y1": 45360,
                    "real_x1": 100050,
                    "real_y1": 45360,
                    "r1": 189,
                    "c1": 416,
                    "l1": 0,
                    "p1": 648,
                    "id2": 676312,
                    "x2": 99840,
                    "y2": 45360,
                    "real_x2": 100050,
                    "real_y2": 45360,
                    "r2": 189,
                    "c2": 416,
                    "l2": 2,
                    "p2": -1,
                    "via": 0
                }
            ],
            "patch_num": 1,
            "patchs": [
                323
            ]
        },
        {
            "id": 2535,
            "feature": {
                "wire_width": 0,
                "wire_len": 0,
                "wire_density": 0.0,
                "drc_num": 0,
                "R": 0.0,
                "C": 0.00022940083664000016,
                "power": 4.129215059519998e-06,
                "delay": 0.0,
                "slew": 0.0,
                "congestion": 0.0,
                "drc_type": []
            },
            "wire": {
                "id1": 100125,
                "x1": 102960,
                "y1": 44640,
                "real_x1": 102960,
                "real_y1": 44855,
                "r1": 186,
                "c1": 429,
                "l1": 0,
                "p1": 649,
                "id2": 674717,
                "x2": 102960,
                "y2": 44640,
                "real_x2": 102960,
                "real_y2": 44855,
                "r2": 186,
                "c2": 429,
                "l2": 2,
                "p2": -1,
                "via": 0
            },
            "path_num": 1,
            "paths": [
                {
                    "id1": 100125,
                    "x1": 102960,
                    "y1": 44640,
                    "real_x1": 102960,
                    "real_y1": 44855,
                    "r1": 186,
                    "c1": 429,
                    "l1": 0,
                    "p1": 649,
                    "id2": 674717,
                    "x2": 102960,
                    "y2": 44640,
                    "real_x2": 102960,
                    "real_y2": 44855,
                    "r2": 186,
                    "c2": 429,
                    "l2": 2,
                    "p2": -1,
                    "via": 0
                }
            ],
            "patch_num": 1,
            "patchs": [
                323
            ]
        },
        {
            "id": 2536,
            "feature": {
                "wire_width": 140,
                "wire_len": 5280,
                "wire_density": 4.4542556632258395e-05,
                "drc_num": 0,
                "R": 4.714285714285714,
                "C": 0.00022940083664000016,
                "power": 4.129215059520004e-06,
                "delay": 0.014894318229874286,
                "slew": 2.9963087497253404e-09,
                "congestion": -14.0,
                "drc_type": []
            },
            "wire": {
                "id1": 676312,
                "x1": 99840,
                "y1": 45360,
                "real_x1": 100050,
                "real_y1": 45360,
                "r1": 189,
                "c1": 416,
                "l1": 2,
                "p1": -1,
                "id2": 674717,
                "x2": 102960,
                "y2": 44640,
                "real_x2": 102960,
                "real_y2": 44855,
                "r2": 186,
                "c2": 429,
                "l2": 2,
                "p2": -1
            },
            "path_num": 4,
            "paths": [
                {
                    "id1": 676312,
                    "x1": 99840,
                    "y1": 45360,
                    "real_x1": 100050,
                    "real_y1": 45360,
                    "r1": 189,
                    "c1": 416,
                    "l1": 2,
                    "p1": -1,
                    "id2": 676318,
                    "x2": 101280,
                    "y2": 45360,
                    "real_x2": 101280,
                    "real_y2": 45360,
                    "r2": 189,
                    "c2": 422,
                    "l2": 2,
                    "p2": -1
                },
                {
                    "id1": 676318,
                    "x1": 101280,
                    "y1": 45360,
                    "real_x1": 101280,
                    "real_y1": 45360,
                    "r1": 189,
                    "c1": 422,
                    "l1": 2,
                    "p1": -1,
                    "id2": 673102,
                    "x2": 101280,
                    "y2": 43920,
                    "real_x2": 101280,
                    "real_y2": 43920,
                    "r2": 183,
                    "c2": 422,
                    "l2": 2,
                    "p2": -1
                },
                {
                    "id1": 673102,
                    "x1": 101280,
                    "y1": 43920,
                    "real_x1": 101280,
                    "real_y1": 43920,
                    "r1": 183,