{
    "id": 15,
    "name": "ctrl/_08_",
    "feature": {
        "llx": 72480,
        "lly": 67920,
        "urx": 79920,
        "ury": 68400,
        "wire_len": 7920,
        "via_num": 2,
        "drc_num": 0,
        "drc_type": [],
        "R": 14.14285714285714,
        "C": 0.004512523129919999,
        "power": 7.13895260788125e-11,
        "delay": 0.029496778209359992,
        "slew": 0.009483228427146058,
        "aspect_ratio": 16,
        "width": 7440,
        "height": 480,
        "area": 3571200,
        "volume": 3571200,
        "layer_ratio": [
            0.0,
            0.0,
            1.0,
            0.0,
            0.0,
            0.0,
            0.0,
            0.0,
            0.0,
            0.0,
            0.0
        ],
        "place_feature": {
            "pin_num": 2,
            "aspect_ratio": 198,
            "width": 7110,
            "height": 36,
            "area": 255960,
            "l_ness": 1.0,
            "hpwl": 7146,
            "rsmt": 7146
        }
    },
    "pin_num": 2,
    "pins": [
        {
            "id": 49,
            "i": "ctrl/_37_",
            "p": "X",
            "driver": 1
        },
        {
            "id": 50,
            "i": "ctrl/_22_",
            "p": "B_N",
            "driver": 0
        }
    ],
    "wire_num": 3,
    "wires": [
        {
            "id": 192,
            "feature": {
                "wire_width": 0,
                "wire_len": 0,
                "wire_density": 0.0,
                "drc_num": 0,
                "R": 0.0,
                "C": 0.0003412615649599996,
                "power": 2.9993692232812476e-09,
                "delay": 0.0,
                "slew": 0.0,
                "congestion": 0.0,
                "drc_type": []
            },
            "wire": {
                "id1": 153093,
                "x1": 79920,
                "y1": 68400,
                "real_x1": 79920,
                "real_y1": 68400,
                "r1": 285,
                "c1": 333,
                "l1": 0,
                "p1": 50,
                "id2": 727685,
                "x2": 79920,
                "y2": 68400,
                "real_x2": 79920,
                "real_y2": 68400,
                "r2": 285,
                "c2": 333,
                "l2": 2,
                "p2": -1,
                "via": 0
            },
            "path_num": 1,
            "paths": [
                {
                    "id1": 153093,
                    "x1": 79920,
                    "y1": 68400,
                    "real_x1": 79920,
                    "real_y1": 68400,
                    "r1": 285,
                    "c1": 333,
                    "l1": 0,
                    "p1": 50,
                    "id2": 727685,
                    "x2": 79920,
                    "y2": 68400,
                    "real_x2": 79920,
                    "real_y2": 68400,
                    "r2": 285,
                    "c2": 333,
                    "l2": 2,
                    "p2": -1,
                    "via": 0
                }
            ],
            "patch_num": 1,
            "patchs": [
                468
            ]
        },
        {
            "id": 193,
            "feature": {
                "wire_width": 0,
                "wire_len": 0,
                "wire_density": 0.0,
                "drc_num": 0,
                "R": 0.0,
                "C": 0.0,
                "power": 0.0,
                "delay": 0.0,
                "slew": 0.0,
                "congestion": 0.0,
                "drc_type": []
            },
            "wire": {
                "id1": 151990,
                "x1": 72480,
                "y1": 67920,
                "real_x1": 72690,
                "real_y1": 67920,
                "r1": 283,
                "c1": 302,
                "l1": 0,
                "p1": 49,
                "id2": 726582,
                "x2": 72480,
                "y2": 67920,
                "real_x2": 72690,
                "real_y2": 67920,
                "r2": 283,
                "c2": 302,
                "l2": 2,
                "p2": -1,
                "via": 0
            },
            "path_num": 1,
            "paths": [
                {
                    "id1": 151990,
                    "x1": 72480,
                    "y1": 67920,
                    "real_x1": 72690,
                    "real_y1": 67920,
                    "r1": 283,
                    "c1": 302,
                    "l1": 0,
                    "p1": 49,
                    "id2": 726582,
                    "x2": 72480,
                    "y2": 67920,
                    "real_x2": 72690,
                    "real_y2": 67920,
                    "r2": 283,
                    "c2": 302,
                    "l2": 2,
                    "p2": -1,
                    "via": 0
                }
            ],
            "patch_num": 1,
            "patchs": [
                466
            ]
        },
        {
            "id": 194,
            "feature": {
                "wire_width": 140,
                "wire_len": 7920,
                "wire_density": 6.68138349483876e-05,
                "drc_num": 0,
                "R": 7.07142857142857,
                "C": 0.0003412615649599996,
                "power": 2.999369223281241e-09,
                "delay": 0.029496778209359992,
                "slew": 1.0576434568421167e-08,
                "congestion": 10.666666666666668,
                "drc_type": []
            },
            "wire": {
                "id1": 727685,
                "x1": 79920,
                "y1": 68400,
                "real_x1": 79920,
                "real_y1": 68400,
                "r1": 285,
                "c1": 333,
                "l1": 2,
                "p1": -1,
                "id2": 726582,
                "x2": 72480,
                "y2": 67920,
                "real_x2": 72690,
                "real_y2": 67920,
                "r2": 283,
                "c2": 302,
                "l2": 2,
                "p2": -1
            },
            "path_num": 3,
            "paths": [
                {
                    "id1": 727685,
                    "x1": 79920,
                    "y1": 68400,
                    "real_x1": 79920,
                    "real_y1": 68400,
                    "r1": 285,
                    "c1": 333,
                    "l1": 2,
                    "p1": -1,
                    "id2": 727655,
                    "x2": 72720,
                    "y2": 68400,
                    "real_x2": 72720,
                    "real_y2": 68400,
                    "r2": 285,
                    "c2": 303,
                    "l2": 2,
                    "p2": -1
                },
                {
                    "id1": 727655,
                    "x1": 72720,
                    "y1": 68400,
                    "real_x1": 72720,
                    "real_y1": 68400,
                    "r1": 285,
                    "c1": 303,
                    "l1": 2,
                    "p1": -1,
                    "id2": 726583,
                    "x2": 72720,
                    "y2": 67920,
                    "real_x2": 72720,
                    "real_y2": 67920,
                    "r2": 283,
                    "c2": 303,
                    "l2": 2,
                    "p2": -1
                },
                {
                    "id1": 726583,
                    "x1": 72720,
                    "y1": 67920,
                    "real_x1": 72720,
                    "real_y1": 67920,
                    "r1": 283,
                    "c1": 303,
                    "l1": 2,