{
    "id": 484,
    "name": "dpath/b_zero/_09_",
    "feature": {
        "llx": 49680,
        "lly": 31440,
        "urx": 53520,
        "ury": 31920,
        "wire_len": 4800,
        "via_num": 2,
        "drc_num": 0,
        "drc_type": [],
        "R": 8.571428571428571,
        "C": 0.0033181250447999995,
        "power": 1.0750725145152e-07,
        "delay": 0.01332455366742857,
        "slew": 0.0023492317050266553,
        "aspect_ratio": 8,
        "width": 3840,
        "height": 480,
        "area": 1843200,
        "volume": 1843200,
        "layer_ratio": [
            0.0,
            0.0,
            1.0,
            0.0,
            0.0,
            0.0,
            0.0,
            0.0,
            0.0,
            0.0,
            0.0
        ],
        "place_feature": {
            "pin_num": 2,
            "aspect_ratio": 1894,
            "width": 3788,
            "height": 2,
            "area": 7576,
            "l_ness": 1.0,
            "hpwl": 3790,
            "rsmt": 3790
        }
    },
    "pin_num": 2,
    "pins": [
        {
            "id": 1246,
            "i": "dpath/b_zero/_36_",
            "p": "X",
            "driver": 1
        },
        {
            "id": 1247,
            "i": "dpath/b_zero/_29_",
            "p": "B",
            "driver": 0
        }
    ],
    "wire_num": 3,
    "wires": [
        {
            "id": 4896,
            "feature": {
                "wire_width": 0,
                "wire_len": 0,
                "wire_density": 0.0,
                "drc_num": 0,
                "R": 0.0,
                "C": 0.00020906252239999987,
                "power": 3.763125403200002e-06,
                "delay": 0.0,
                "slew": 0.0,
                "congestion": 0.0,
                "drc_type": []
            },
            "wire": {
                "id1": 70439,
                "x1": 53520,
                "y1": 31440,
                "real_x1": 53520,
                "real_y1": 31510,
                "r1": 131,
                "c1": 223,
                "l1": 0,
                "p1": 1247,
                "id2": 645031,
                "x2": 53520,
                "y2": 31440,
                "real_x2": 53520,
                "real_y2": 31510,
                "r2": 131,
                "c2": 223,
                "l2": 2,
                "p2": -1,
                "via": 0
            },
            "path_num": 1,
            "paths": [
                {
                    "id1": 70439,
                    "x1": 53520,
                    "y1": 31440,
                    "real_x1": 53520,
                    "real_y1": 31510,
                    "r1": 131,
                    "c1": 223,
                    "l1": 0,
                    "p1": 1247,
                    "id2": 645031,
                    "x2": 53520,
                    "y2": 31440,
                    "real_x2": 53520,
                    "real_y2": 31510,
                    "r2": 131,
                    "c2": 223,
                    "l2": 2,
                    "p2": -1,
                    "via": 0
                }
            ],
            "patch_num": 1,
            "patchs": [
                222
            ]
        },
        {
            "id": 4897,
            "feature": {
                "wire_width": 0,
                "wire_len": 0,
                "wire_density": 0.0,
                "drc_num": 0,
                "R": 0.0,
                "C": 0.0,
                "power": 0.0,
                "delay": 0.0,
                "slew": 0.0,
                "congestion": 0.0,
                "drc_type": []
            },
            "wire": {
                "id1": 70423,
                "x1": 49680,
                "y1": 31440,
                "real_x1": 49745,
                "real_y1": 31440,
                "r1": 131,
                "c1": 207,
                "l1": 0,
                "p1": 1246,
                "id2": 645015,
                "x2": 49680,
                "y2": 31440,
                "real_x2": 49745,
                "real_y2": 31440,
                "r2": 131,
                "c2": 207,
                "l2": 2,
                "p2": -1,
                "via": 0
            },
            "path_num": 1,
            "paths": [
                {
                    "id1": 70423,
                    "x1": 49680,
                    "y1": 31440,
                    "real_x1": 49745,
                    "real_y1": 31440,
                    "r1": 131,
                    "c1": 207,
                    "l1": 0,
                    "p1": 1246,
                    "id2": 645015,
                    "x2": 49680,
                    "y2": 31440,
                    "real_x2": 49745,
                    "real_y2": 31440,
                    "r2": 131,
                    "c2": 207,
                    "l2": 2,
                    "p2": -1,
                    "via": 0
                }
            ],
            "patch_num": 1,
            "patchs": [
                221
            ]
        },
        {
            "id": 4898,
            "feature": {
                "wire_width": 140,
                "wire_len": 4800,
                "wire_density": 4.0493233302053085e-05,
                "drc_num": 0,
                "R": 4.285714285714286,
                "C": 0.00020906252239999987,
                "power": 3.763125403199995e-06,
                "delay": 0.01332455366742857,
                "slew": 2.4245995211558125e-09,
                "congestion": 5.0,
                "drc_type": []
            },
            "wire": {
                "id1": 645031,
                "x1": 53520,
                "y1": 31440,
                "real_x1": 53520,
                "real_y1": 31510,
                "r1": 131,
                "c1": 223,
                "l1": 2,
                "p1": -1,
                "id2": 645015,
                "x2": 49680,
                "y2": 31440,
                "real_x2": 49745,
                "real_y2": 31440,
                "r2": 131,
                "c2": 207,
                "l2": 2,
                "p2": -1
            },
            "path_num": 4,
            "paths": [
                {
                    "id1": 645031,
                    "x1": 53520,
                    "y1": 31440,
                    "real_x1": 53520,
                    "real_y1": 31510,
                    "r1": 131,
                    "c1": 223,
                    "l1": 2,
                    "p1": -1,
                    "id2": 646103,
                    "x2": 53520,
                    "y2": 31920,
                    "real_x2": 53520,
                    "real_y2": 31920,
                    "r2": 133,
                    "c2": 223,
                    "l2": 2,
                    "p2": -1
                },
                {
                    "id1": 646103,
                    "x1": 53520,
                    "y1": 31920,
                    "real_x1": 53520,
                    "real_y1": 31920,
                    "r1": 133,
                    "c1": 223,
                    "l1": 2,
                    "p1": -1,
                    "id2": 646092,
                    "x2": 50880,
                    "y2": 31920,
                    "real_x2": 50880,
                    "real_y2": 31920,
                    "r2": 133,
                    "c2": 212,
                    "l2": 2,
                    "p2": -1
                },
                {
                    "id1": 646092,
                    "x1": 50880,
                    "y1": 31920,
                    "real_x1": 50880,
                    "real_y1": 31920,
                    "r1": 133,
                    "c1": 212,