{
    "id": 229,
    "name": "dpath/a_mux/_040_",
    "feature": {
        "llx": 96480,
        "lly": 24240,
        "urx": 99840,
        "ury": 25440,
        "wire_len": 5040,
        "via_num": 2,
        "drc_num": 0,
        "drc_type": [],
        "R": 9.0,
        "C": 0.00336846335904,
        "power": 1.09138212832896e-07,
        "delay": 0.014171542557839999,
        "slew": 0.0026091920009023092,
        "aspect_ratio": 3,
        "width": 3360,
        "height": 1200,
        "area": 4032000,
        "volume": 4032000,
        "layer_ratio": [
            0.0,
            0.0,
            1.0,
            0.0,
            0.0,
            0.0,
            0.0,
            0.0,
            0.0,
            0.0,
            0.0
        ],
        "place_feature": {
            "pin_num": 2,
            "aspect_ratio": 123,
            "width": 3328,
            "height": 27,
            "area": 89856,
            "l_ness": 1.0,
            "hpwl": 3355,
            "rsmt": 3355
        }
    },
    "pin_num": 2,
    "pins": [
        {
            "id": 642,
            "i": "dpath/a_mux/_168_",
            "p": "X",
            "driver": 1
        },
        {
            "id": 643,
            "i": "dpath/a_mux/_117_",
            "p": "B1",
            "driver": 0
        }
    ],
    "wire_num": 3,
    "wires": [
        {
            "id": 2514,
            "feature": {
                "wire_width": 0,
                "wire_len": 0,
                "wire_density": 0.0,
                "drc_num": 0,
                "R": 0.0,
                "C": 0.00021923167952000002,
                "power": 3.94617023136e-06,
                "delay": 0.0,
                "slew": 0.0,
                "congestion": 0.0,
                "drc_type": []
            },
            "wire": {
                "id1": 55624,
                "x1": 99840,
                "y1": 24720,
                "real_x1": 100050,
                "real_y1": 24745,
                "r1": 103,
                "c1": 416,
                "l1": 0,
                "p1": 643,
                "id2": 630216,
                "x2": 99840,
                "y2": 24720,
                "real_x2": 100050,
                "real_y2": 24745,
                "r2": 103,
                "c2": 416,
                "l2": 2,
                "p2": -1,
                "via": 0
            },
            "path_num": 1,
            "paths": [
                {
                    "id1": 55624,
                    "x1": 99840,
                    "y1": 24720,
                    "real_x1": 100050,
                    "real_y1": 24745,
                    "r1": 103,
                    "c1": 416,
                    "l1": 0,
                    "p1": 643,
                    "id2": 630216,
                    "x2": 99840,
                    "y2": 24720,
                    "real_x2": 100050,
                    "real_y2": 24745,
                    "r2": 103,
                    "c2": 416,
                    "l2": 2,
                    "p2": -1,
                    "via": 0
                }
            ],
            "patch_num": 1,
            "patchs": [
                173
            ]
        },
        {
            "id": 2515,
            "feature": {
                "wire_width": 0,
                "wire_len": 0,
                "wire_density": 0.0,
                "drc_num": 0,
                "R": 0.0,
                "C": 0.0,
                "power": 0.0,
                "delay": 0.0,
                "slew": 0.0,
                "congestion": 0.0,
                "drc_type": []
            },
            "wire": {
                "id1": 57218,
                "x1": 96480,
                "y1": 25440,
                "real_x1": 96690,
                "real_y1": 25670,
                "r1": 106,
                "c1": 402,
                "l1": 0,
                "p1": 642,
                "id2": 631810,
                "x2": 96480,
                "y2": 25440,
                "real_x2": 96690,
                "real_y2": 25670,
                "r2": 106,
                "c2": 402,
                "l2": 2,
                "p2": -1,
                "via": 0
            },
            "path_num": 1,
            "paths": [
                {
                    "id1": 57218,
                    "x1": 96480,
                    "y1": 25440,
                    "real_x1": 96690,
                    "real_y1": 25670,
                    "r1": 106,
                    "c1": 402,
                    "l1": 0,
                    "p1": 642,
                    "id2": 631810,
                    "x2": 96480,
                    "y2": 25440,
                    "real_x2": 96690,
                    "real_y2": 25670,
                    "r2": 106,
                    "c2": 402,
                    "l2": 2,
                    "p2": -1,
                    "via": 0
                }
            ],
            "patch_num": 1,
            "patchs": [
                172
            ]
        },
        {
            "id": 2516,
            "feature": {
                "wire_width": 140,
                "wire_len": 5040,
                "wire_density": 4.251789496715574e-05,
                "drc_num": 0,
                "R": 4.5,
                "C": 0.00021923167952000002,
                "power": 3.94617023136e-06,
                "delay": 0.014171542557839999,
                "slew": 2.700742463002115e-09,
                "congestion": 22.5,
                "drc_type": []
            },
            "wire": {
                "id1": 630216,
                "x1": 99840,
                "y1": 24720,
                "real_x1": 100050,
                "real_y1": 24745,
                "r1": 103,
                "c1": 416,
                "l1": 2,
                "p1": -1,
                "id2": 631810,
                "x2": 96480,
                "y2": 25440,
                "real_x2": 96690,
                "real_y2": 25670,
                "r2": 106,
                "c2": 402,
                "l2": 2,
                "p2": -1
            },
            "path_num": 5,
            "paths": [
                {
                    "id1": 630216,
                    "x1": 99840,
                    "y1": 24720,
                    "real_x1": 100050,
                    "real_y1": 24745,
                    "r1": 103,
                    "c1": 416,
                    "l1": 2,
                    "p1": -1,
                    "id2": 630215,
                    "x2": 99600,
                    "y2": 24720,
                    "real_x2": 99600,
                    "real_y2": 24745,
                    "r2": 103,
                    "c2": 415,
                    "l2": 2,
                    "p2": -1
                },
                {
                    "id1": 630215,
                    "x1": 99600,
                    "y1": 24720,
                    "real_x1": 99600,
                    "real_y1": 24745,
                    "r1": 103,
                    "c1": 415,
                    "l1": 2,
                    "p1": -1,
                    "id2": 629143,
                    "x2": 99600,
                    "y2": 24240,
                    "real_x2": 99600,
                    "real_y2": 24240,
                    "r2": 101,
                    "c2": 415,
                    "l2": 2,
                    "p2": -1
                },
                {
                    "id1": 629143,
                    "x1": 99600,
                    "y1": 24240,
                    "real_x1": 99600,
                    "real_y1": 24240,
                    "r1": 101,
                    "c1": 415,
                    "l1": 2,