{
    "id": 168,
    "name": "dpath/a_lt_b/_069_",
    "feature": {
        "llx": 58800,
        "lly": 94800,
        "urx": 59280,
        "ury": 98160,
        "wire_len": 3840,
        "via_num": 4,
        "drc_num": 0,
        "drc_type": [],
        "R": 6.857142857142856,
        "C": 0.0102743180464,
        "power": 3.3288790470336e-07,
        "delay": 0.03465055270923428,
        "slew": 0.007942355119271174,
        "aspect_ratio": 7,
        "width": 480,
        "height": 3360,
        "area": 1612800,
        "volume": 3225600,
        "layer_ratio": [
            0.0,
            0.0,
            0.12999999523162842,
            0.0,
            0.8799999952316284,
            0.0,
            0.0,
            0.0,
            0.0,
            0.0,
            0.0
        ],
        "place_feature": {
            "pin_num": 2,
            "aspect_ratio": 32,
            "width": 100,
            "height": 3230,
            "area": 323000,
            "l_ness": 1.0,
            "hpwl": 3330,
            "rsmt": 3330
        }
    },
    "pin_num": 2,
    "pins": [
        {
            "id": 513,
            "i": "dpath/a_lt_b/_127_",
            "p": "Y",
            "driver": 1
        },
        {
            "id": 514,
            "i": "dpath/a_lt_b/_132_",
            "p": "A2",
            "driver": 0
        }
    ],
    "wire_num": 6,
    "wires": [
        {
            "id": 2029,
            "feature": {
                "wire_width": 140,
                "wire_len": 480,
                "wire_density": null,
                "drc_num": 0,
                "R": 0.4285714285714285,
                "C": 2.6017694240000264e-05,
                "power": 4.6831849631999846e-07,
                "delay": 0.004392128722354284,
                "slew": 1.968345153535722e-09,
                "congestion": 4.0,
                "drc_type": []
            },
            "wire": {
                "id1": 794061,
                "x1": 58800,
                "y1": 98160,
                "real_x1": 58800,
                "real_y1": 98160,
                "r1": 409,
                "c1": 245,
                "l1": 2,
                "p1": -1,
                "id2": 794063,
                "x2": 59280,
                "y2": 98160,
                "real_x2": 59280,
                "real_y2": 98160,
                "r2": 409,
                "c2": 247,
                "l2": 2,
                "p2": -1
            },
            "path_num": 1,
            "paths": [
                {
                    "id1": 794061,
                    "x1": 58800,
                    "y1": 98160,
                    "real_x1": 58800,
                    "real_y1": 98160,
                    "r1": 409,
                    "c1": 245,
                    "l1": 2,
                    "p1": -1,
                    "id2": 794063,
                    "x2": 59280,
                    "y2": 98160,
                    "real_x2": 59280,
                    "real_y2": 98160,
                    "r2": 409,
                    "c2": 247,
                    "l2": 2,
                    "p2": -1
                }
            ],
            "patch_num": 1,
            "patchs": [
                673
            ]
        },
        {
            "id": 2030,
            "feature": {
                "wire_width": 140,
                "wire_len": 3360,
                "wire_density": null,
                "drc_num": 0,
                "R": 2.9999999999999996,
                "C": 0.0001361413289599992,
                "power": 2.4505439212799834e-06,
                "delay": 0.030258423986879994,
                "slew": 6.416062764413866e-09,
                "congestion": -5.0,
                "drc_type": []
            },
            "wire": {
                "id1": 1361151,
                "x1": 59280,
                "y1": 94800,
                "real_x1": 59280,
                "real_y1": 94875,
                "r1": 395,
                "c1": 247,
                "l1": 4,
                "p1": -1,
                "id2": 1368655,
                "x2": 59280,
                "y2": 98160,
                "real_x2": 59280,
                "real_y2": 98160,
                "r2": 409,
                "c2": 247,
                "l2": 4,
                "p2": -1
            },
            "path_num": 1,
            "paths": [
                {
                    "id1": 1361151,
                    "x1": 59280,
                    "y1": 94800,
                    "real_x1": 59280,
                    "real_y1": 94875,
                    "r1": 395,
                    "c1": 247,
                    "l1": 4,
                    "p1": -1,
                    "id2": 1368655,
                    "x2": 59280,
                    "y2": 98160,
                    "real_x2": 59280,
                    "real_y2": 98160,
                    "r2": 409,
                    "c2": 247,
                    "l2": 4,
                    "p2": -1
                }
            ],
            "patch_num": 2,
            "patchs": [
                643,
                673
            ]
        },
        {
            "id": 2031,
            "feature": {
                "wire_width": 0,
                "wire_len": 0,
                "wire_density": 0.0,
                "drc_num": 0,
                "R": 0.0,
                "C": 2.6017694240000264e-05,
                "power": 4.6831849631999846e-07,
                "delay": 0.0,
                "slew": 0.0,
                "congestion": 0.0,
                "drc_type": []
            },
            "wire": {
                "id1": 794063,
                "x1": 59280,
                "y1": 98160,
                "real_x1": 59280,
                "real_y1": 98160,
                "r1": 409,
                "c1": 247,
                "l1": 2,
                "p1": -1,
                "id2": 1368655,
                "x2": 59280,
                "y2": 98160,
                "real_x2": 59280,
                "real_y2": 98160,
                "r2": 409,
                "c2": 247,
                "l2": 4,
                "p2": -1,
                "via": 5
            },
            "path_num": 1,
            "paths": [
                {
                    "id1": 794063,
                    "x1": 59280,
                    "y1": 98160,
                    "real_x1": 59280,
                    "real_y1": 98160,
                    "r1": 409,
                    "c1": 247,
                    "l1": 2,
                    "p1": -1,
                    "id2": 1368655,
                    "x2": 59280,
                    "y2": 98160,
                    "real_x2": 59280,
                    "real_y2": 98160,
                    "r2": 409,
                    "c2": 247,
                    "l2": 4,
                    "p2": -1,
                    "via": 5
                }
            ],
            "patch_num": 1,
            "patchs": [
                673
            ]
        },
        {
            "id": 2032,
            "feature": {
                "wire_width": 0,
                "wire_len": 0,
                "wire_density": 0.0,
                "drc_num": 0,
                "R": 0.0,
                "C": 0.0,
                "power": 0.0,
                "delay": 0.0,
                "slew": 0.0,
                "congestion": 0.0,
                "drc_type": []
            },
            "wire": {
                "id1": 211967,
                "x1": 59280,
                "y1": 94800,
                "real_x1": 59280,
                "real_y1": 94875,
                "r1": 395,
                "c1": 247,
                "l1": 0,
                "p1": 514,