{
    "id": 95,
    "name": "dpath/b_mux$out[6]",
    "feature": {
        "llx": 12480,
        "lly": 54960,
        "urx": 15120,
        "ury": 55440,
        "wire_len": 3120,
        "via_num": 2,
        "drc_num": 0,
        "drc_type": [],
        "R": 5.571428571428571,
        "C": 0.0028057568451200004,
        "power": 1.9756442319089505e-07,
        "delay": 0.007431947034274286,
        "slew": 0.0008935839081926078,
        "aspect_ratio": 6,
        "width": 2640,
        "height": 480,
        "area": 1267200,
        "volume": 1267200,
        "layer_ratio": [
            0.0,
            0.0,
            1.0,
            0.0,
            0.0,
            0.0,
            0.0,
            0.0,
            0.0,
            0.0,
            0.0
        ],
        "place_feature": {
            "pin_num": 2,
            "aspect_ratio": 29,
            "width": 2195,
            "height": 77,
            "area": 169015,
            "l_ness": 1.0,
            "hpwl": 2272,
            "rsmt": 2272
        }
    },
    "pin_num": 2,
    "pins": [
        {
            "id": 324,
            "i": "dpath/b_mux/_088_",
            "p": "X",
            "driver": 1
        },
        {
            "id": 325,
            "i": "dpath/b_reg/_103_",
            "p": "A",
            "driver": 0
        }
    ],
    "wire_num": 3,
    "wires": [
        {
            "id": 1340,
            "feature": {
                "wire_width": 0,
                "wire_len": 0,
                "wire_density": 0.0,
                "drc_num": 0,
                "R": 0.0,
                "C": 0.00013787842256000014,
                "power": 5.3936468892747255e-06,
                "delay": 0.0,
                "slew": 0.0,
                "congestion": 0.0,
                "drc_type": []
            },
            "wire": {
                "id1": 122807,
                "x1": 15120,
                "y1": 54960,
                "real_x1": 15120,
                "real_y1": 54995,
                "r1": 229,
                "c1": 63,
                "l1": 0,
                "p1": 325,
                "id2": 697399,
                "x2": 15120,
                "y2": 54960,
                "real_x2": 15120,
                "real_y2": 54995,
                "r2": 229,
                "c2": 63,
                "l2": 2,
                "p2": -1,
                "via": 0
            },
            "path_num": 1,
            "paths": [
                {
                    "id1": 122807,
                    "x1": 15120,
                    "y1": 54960,
                    "real_x1": 15120,
                    "real_y1": 54995,
                    "r1": 229,
                    "c1": 63,
                    "l1": 0,
                    "p1": 325,
                    "id2": 697399,
                    "x2": 15120,
                    "y2": 54960,
                    "real_x2": 15120,
                    "real_y2": 54995,
                    "r2": 229,
                    "c2": 63,
                    "l2": 2,
                    "p2": -1,
                    "via": 0
                }
            ],
            "patch_num": 1,
            "patchs": [
                363
            ]
        },
        {
            "id": 1341,
            "feature": {
                "wire_width": 0,
                "wire_len": 0,
                "wire_density": 0.0,
                "drc_num": 0,
                "R": 0.0,
                "C": 0.0,
                "power": 0.0,
                "delay": 0.0,
                "slew": 0.0,
                "congestion": 0.0,
                "drc_type": []
            },
            "wire": {
                "id1": 123868,
                "x1": 12480,
                "y1": 55440,
                "real_x1": 12690,
                "real_y1": 55565,
                "r1": 231,
                "c1": 52,
                "l1": 0,
                "p1": 324,
                "id2": 698460,
                "x2": 12480,
                "y2": 55440,
                "real_x2": 12690,
                "real_y2": 55565,
                "r2": 231,
                "c2": 52,
                "l2": 2,
                "p2": -1,
                "via": 0
            },
            "path_num": 1,
            "paths": [
                {
                    "id1": 123868,
                    "x1": 12480,
                    "y1": 55440,
                    "real_x1": 12690,
                    "real_y1": 55565,
                    "r1": 231,
                    "c1": 52,
                    "l1": 0,
                    "p1": 324,
                    "id2": 698460,
                    "x2": 12480,
                    "y2": 55440,
                    "real_x2": 12690,
                    "real_y2": 55565,
                    "r2": 231,
                    "c2": 52,
                    "l2": 2,
                    "p2": -1,
                    "via": 0
                }
            ],
            "patch_num": 1,
            "patchs": [
                362
            ]
        },
        {
            "id": 1342,
            "feature": {
                "wire_width": 140,
                "wire_len": 3120,
                "wire_density": 2.6320601646334507e-05,
                "drc_num": 0,
                "R": 2.7857142857142856,
                "C": 0.00013787842256000014,
                "power": 5.393646889274712e-06,
                "delay": 0.007431947034274286,
                "slew": 9.066915482303095e-10,
                "congestion": 1.0,
                "drc_type": []
            },
            "wire": {
                "id1": 697399,
                "x1": 15120,
                "y1": 54960,
                "real_x1": 15120,
                "real_y1": 54995,
                "r1": 229,
                "c1": 63,
                "l1": 2,
                "p1": -1,
                "id2": 698460,
                "x2": 12480,
                "y2": 55440,
                "real_x2": 12690,
                "real_y2": 55565,
                "r2": 231,
                "c2": 52,
                "l2": 2,
                "p2": -1
            },
            "path_num": 2,
            "paths": [
                {
                    "id1": 697399,
                    "x1": 15120,
                    "y1": 54960,
                    "real_x1": 15120,
                    "real_y1": 54995,
                    "r1": 229,
                    "c1": 63,
                    "l1": 2,
                    "p1": -1,
                    "id2": 698471,
                    "x2": 15120,
                    "y2": 55440,
                    "real_x2": 15120,
                    "real_y2": 55565,
                    "r2": 231,
                    "c2": 63,
                    "l2": 2,
                    "p2": -1
                },
                {
                    "id1": 698471,
                    "x1": 15120,
                    "y1": 55440,
                    "real_x1": 15120,
                    "real_y1": 55565,
                    "r1": 231,
                    "c1": 63,
                    "l1": 2,
                    "p1": -1,
                    "id2": 698460,
                    "x2": 12480,
                    "y2": 55440,
                    "real_x2": 12690,
                    "real_y2": 55565,
                    "r2": 231,
                    "c2": 52,
                    "l2": 2,
                    "p2": -1
                }
            ],
            "patch_num": 2,
            "patchs": [
                362,
                363
            ]
        }
    ],
    "routing_graph": {
        "vertices": [
            {
                "id": 0,
                "is_pin": 0,