{
    "id": 135,
    "name": "dpath/a_lt_b/_036_",
    "feature": {
        "llx": 42480,
        "lly": 27840,
        "urx": 45840,
        "ury": 30480,
        "wire_len": 6000,
        "via_num": 4,
        "drc_num": 0,
        "drc_type": [],
        "R": 10.714285714285712,
        "C": 0.00291558653936,
        "power": 1.4169750581289602e-07,
        "delay": 0.014219973580474284,
        "slew": 0.002468519265280897,
        "aspect_ratio": 1,
        "width": 3360,
        "height": 2640,
        "area": 8870400,
        "volume": 17740800,
        "layer_ratio": [
            0.0,
            0.0,
            0.6399999856948853,
            0.0,
            0.36000001430511475,
            0.0,
            0.0,
            0.0,
            0.0,
            0.0,
            0.0
        ],
        "place_feature": {
            "pin_num": 2,
            "aspect_ratio": 2,
            "width": 3114,
            "height": 2000,
            "area": 6228000,
            "l_ness": 1.0,
            "hpwl": 5114,
            "rsmt": 5114
        }
    },
    "pin_num": 2,
    "pins": [
        {
            "id": 433,
            "i": "dpath/a_lt_b/_094_",
            "p": "X",
            "driver": 1
        },
        {
            "id": 434,
            "i": "dpath/a_lt_b/_098_",
            "p": "A",
            "driver": 0
        }
    ],
    "wire_num": 6,
    "wires": [
        {
            "id": 1732,
            "feature": {
                "wire_width": 0,
                "wire_len": 0,
                "wire_density": 0.0,
                "drc_num": 0,
                "R": 0.0,
                "C": 0.0,
                "power": 0.0,
                "delay": 0.0,
                "slew": 0.0,
                "congestion": 0.0,
                "drc_type": []
            },
            "wire": {
                "id1": 62353,
                "x1": 42480,
                "y1": 27840,
                "real_x1": 42480,
                "real_y1": 28065,
                "r1": 116,
                "c1": 177,
                "l1": 0,
                "p1": 433,
                "id2": 636945,
                "x2": 42480,
                "y2": 27840,
                "real_x2": 42480,
                "real_y2": 28065,
                "r2": 116,
                "c2": 177,
                "l2": 2,
                "p2": -1,
                "via": 0
            },
            "path_num": 1,
            "paths": [
                {
                    "id1": 62353,
                    "x1": 42480,
                    "y1": 27840,
                    "real_x1": 42480,
                    "real_y1": 28065,
                    "r1": 116,
                    "c1": 177,
                    "l1": 0,
                    "p1": 433,
                    "id2": 636945,
                    "x2": 42480,
                    "y2": 27840,
                    "real_x2": 42480,
                    "real_y2": 28065,
                    "r2": 116,
                    "c2": 177,
                    "l2": 2,
                    "p2": -1,
                    "via": 0
                }
            ],
            "patch_num": 1,
            "patchs": [
                189
            ]
        },
        {
            "id": 1734,
            "feature": {
                "wire_width": 0,
                "wire_len": 0,
                "wire_density": 0.0,
                "drc_num": 0,
                "R": 0.0,
                "C": 0.00016838589392000015,
                "power": 4.546419135840015e-06,
                "delay": 0.0,
                "slew": 0.0,
                "congestion": 0.0,
                "drc_type": []
            },
            "wire": {
                "id1": 638031,
                "x1": 45840,
                "y1": 28320,
                "real_x1": 45840,
                "real_y1": 28435,
                "r1": 118,
                "c1": 191,
                "l1": 2,
                "p1": -1,
                "id2": 1212623,
                "x2": 45840,
                "y2": 28320,
                "real_x2": 45840,
                "real_y2": 28435,
                "r2": 118,
                "c2": 191,
                "l2": 4,
                "p2": -1,
                "via": 5
            },
            "path_num": 1,
            "paths": [
                {
                    "id1": 638031,
                    "x1": 45840,
                    "y1": 28320,
                    "real_x1": 45840,
                    "real_y1": 28435,
                    "r1": 118,
                    "c1": 191,
                    "l1": 2,
                    "p1": -1,
                    "id2": 1212623,
                    "x2": 45840,
                    "y2": 28320,
                    "real_x2": 45840,
                    "real_y2": 28435,
                    "r2": 118,
                    "c2": 191,
                    "l2": 4,
                    "p2": -1,
                    "via": 5
                }
            ],
            "patch_num": 1,
            "patchs": [
                190
            ]
        },
        {
            "id": 1735,
            "feature": {
                "wire_width": 0,
                "wire_len": 0,
                "wire_density": 0.0,
                "drc_num": 0,
                "R": 0.0,
                "C": 8.940737576000005e-05,
                "power": 2.413999145520001e-06,
                "delay": 0.0,
                "slew": 0.0,
                "congestion": 0.0,
                "drc_type": []
            },
            "wire": {
                "id1": 642855,
                "x1": 45840,
                "y1": 30480,
                "real_x1": 45870,
                "real_y1": 30485,
                "r1": 127,
                "c1": 191,
                "l1": 2,
                "p1": -1,
                "id2": 1217447,
                "x2": 45840,
                "y2": 30480,
                "real_x2": 45840,
                "real_y2": 30485,
                "r2": 127,
                "c2": 191,
                "l2": 4,
                "p2": -1,
                "via": 5
            },
            "path_num": 1,
            "paths": [
                {
                    "id1": 642855,
                    "x1": 45840,
                    "y1": 30480,
                    "real_x1": 45870,
                    "real_y1": 30485,
                    "r1": 127,
                    "c1": 191,
                    "l1": 2,
                    "p1": -1,
                    "id2": 1217447,
                    "x2": 45840,
                    "y2": 30480,
                    "real_x2": 45840,
                    "real_y2": 30485,
                    "r2": 127,
                    "c2": 191,
                    "l2": 4,
                    "p2": -1,
                    "via": 5
                }
            ],
            "patch_num": 1,
            "patchs": [
                220
            ]
        },
        {
            "id": 1736,
            "feature": {
                "wire_width": 140,
                "wire_len": 2160,
                "wire_density": 1.822195498592389e-05,
                "drc_num": 0,
                "R": 1.9285714285714288,
                "C": 8.940737576000005e-05,
                "power": 2.413999145520001e-06,
                "delay": 0.0048009999389657144,
                "slew": 3.032522774559787e-10,
                "congestion": 5.0,
                "drc_type": []
            },
            "wire": {
                "id1": 1212623,
                "x1": 45840,
                "y1": 28320,
                "real_x1": 45840,
                "real_y1": 28435,
                "r1": 118,
                "c1": 191,