{
    "id": 236,
    "name": "dpath/a_mux/_047_",
    "feature": {
        "llx": 64800,
        "lly": 81600,
        "urx": 66960,
        "ury": 83760,
        "wire_len": 4320,
        "via_num": 4,
        "drc_num": 0,
        "drc_type": [],
        "R": 7.714285714285714,
        "C": 0.00331457709968,
        "power": 1.0739229802963201e-07,
        "delay": 0.012046931915468568,
        "slew": 0.0018741035589556476,
        "aspect_ratio": 1,
        "width": 2160,
        "height": 2160,
        "area": 4665600,
        "volume": 9331200,
        "layer_ratio": [
            0.0,
            0.0,
            0.5,
            0.0,
            0.5,
            0.0,
            0.0,
            0.0,
            0.0,
            0.0,
            0.0
        ],
        "place_feature": {
            "pin_num": 2,
            "aspect_ratio": 2,
            "width": 1888,
            "height": 3103,
            "area": 5858464,
            "l_ness": 1.0,
            "hpwl": 4991,
            "rsmt": 4991
        }
    },
    "pin_num": 2,
    "pins": [
        {
            "id": 656,
            "i": "dpath/a_mux/_196_",
            "p": "X",
            "driver": 1
        },
        {
            "id": 657,
            "i": "dpath/a_mux/_138_",
            "p": "B1",
            "driver": 0
        }
    ],
    "wire_num": 7,
    "wires": [
        {
            "id": 2565,
            "feature": {
                "wire_width": 140,
                "wire_len": 480,
                "wire_density": null,
                "drc_num": 0,
                "R": 0.4285714285714284,
                "C": 2.601769423999983e-05,
                "power": 4.6831849631999846e-07,
                "delay": 0.0012668647261028562,
                "slew": 2.1950684325755532e-11,
                "congestion": 6.0,
                "drc_type": []
            },
            "wire": {
                "id1": 757109,
                "x1": 66480,
                "y1": 81600,
                "real_x1": 66480,
                "real_y1": 81815,
                "r1": 340,
                "c1": 277,
                "l1": 2,
                "p1": -1,
                "id2": 757111,
                "x2": 66960,
                "y2": 81600,
                "real_x2": 66960,
                "real_y2": 81815,
                "r2": 340,
                "c2": 279,
                "l2": 2,
                "p2": -1
            },
            "path_num": 1,
            "paths": [
                {
                    "id1": 757109,
                    "x1": 66480,
                    "y1": 81600,
                    "real_x1": 66480,
                    "real_y1": 81815,
                    "r1": 340,
                    "c1": 277,
                    "l1": 2,
                    "p1": -1,
                    "id2": 757111,
                    "x2": 66960,
                    "y2": 81600,
                    "real_x2": 66960,
                    "real_y2": 81815,
                    "r2": 340,
                    "c2": 279,
                    "l2": 2,
                    "p2": -1
                }
            ],
            "patch_num": 1,
            "patchs": [
                555
            ]
        },
        {
            "id": 2566,
            "feature": {
                "wire_width": 0,
                "wire_len": 0,
                "wire_density": 0.0,
                "drc_num": 0,
                "R": 0.0,
                "C": 2.601769423999983e-05,
                "power": 4.683184963199917e-07,
                "delay": 0.0,
                "slew": 0.0,
                "congestion": 0.0,
                "drc_type": []
            },
            "wire": {
                "id1": 182519,
                "x1": 66960,
                "y1": 81600,
                "real_x1": 66960,
                "real_y1": 81815,
                "r1": 340,
                "c1": 279,
                "l1": 0,
                "p1": 657,
                "id2": 757111,
                "x2": 66960,
                "y2": 81600,
                "real_x2": 66960,
                "real_y2": 81815,
                "r2": 340,
                "c2": 279,
                "l2": 2,
                "p2": -1,
                "via": 0
            },
            "path_num": 1,
            "paths": [
                {
                    "id1": 182519,
                    "x1": 66960,
                    "y1": 81600,
                    "real_x1": 66960,
                    "real_y1": 81815,
                    "r1": 340,
                    "c1": 279,
                    "l1": 0,
                    "p1": 657,
                    "id2": 757111,
                    "x2": 66960,
                    "y2": 81600,
                    "real_x2": 66960,
                    "real_y2": 81815,
                    "r2": 340,
                    "c2": 279,
                    "l2": 2,
                    "p2": -1,
                    "via": 0
                }
            ],
            "patch_num": 1,
            "patchs": [
                555
            ]
        },
        {
            "id": 2567,
            "feature": {
                "wire_width": 0,
                "wire_len": 0,
                "wire_density": 0.0,
                "drc_num": 0,
                "R": 0.0,
                "C": 7.686347984000013e-05,
                "power": 1.3835426371200016e-06,
                "delay": 0.0,
                "slew": 0.0,
                "congestion": 0.0,
                "drc_type": []
            },
            "wire": {
                "id1": 761933,
                "x1": 66480,
                "y1": 83760,
                "real_x1": 66480,
                "real_y1": 83765,
                "r1": 349,
                "c1": 277,
                "l1": 2,
                "p1": -1,
                "id2": 1336525,
                "x2": 66480,
                "y2": 83760,
                "real_x2": 66480,
                "real_y2": 83765,
                "r2": 349,
                "c2": 277,
                "l2": 4,
                "p2": -1,
                "via": 5
            },
            "path_num": 1,
            "paths": [
                {
                    "id1": 761933,
                    "x1": 66480,
                    "y1": 83760,
                    "real_x1": 66480,
                    "real_y1": 83765,
                    "r1": 349,
                    "c1": 277,
                    "l1": 2,
                    "p1": -1,
                    "id2": 1336525,
                    "x2": 66480,
                    "y2": 83760,
                    "real_x2": 66480,
                    "real_y2": 83765,
                    "r2": 349,
                    "c2": 277,
                    "l2": 4,
                    "p2": -1,
                    "via": 5
                }
            ],
            "patch_num": 1,
            "patchs": [
                585
            ]
        },
        {
            "id": 2568,
            "feature": {
                "wire_width": 0,
                "wire_len": 0,
                "wire_density": 0.0,
                "drc_num": 0,
                "R": 0.0,
                "C": 0.0,
                "power": 0.0,
                "delay": 0.0,
                "slew": 0.0,
                "congestion": 0.0,
                "drc_type": []
            },
            "wire": {
                "id1": 187334,
                "x1": 64800,
                "y1": 83760,
                "real_x1": 65010,
                "real_y1": 83765,
                "r1": 349,
                "c1": 270,
                "l1": 0,
                "p1": 656,
                "id2": 761926,
                "x2": 64800,