{
    "id": 610,
    "name": "dpath/sub/_110_",
    "feature": {
        "llx": 88080,
        "lly": 118800,
        "urx": 95040,
        "ury": 121440,
        "wire_len": 9600,
        "via_num": 4,
        "drc_num": 0,
        "drc_type": [],
        "R": 17.142857142857142,
        "C": 0.0033506612529600006,
        "power": 2.9255269853087806e-07,
        "delay": 0.025177830953845716,
        "slew": 0.007375041266109279,
        "aspect_ratio": 3,
        "width": 6960,
        "height": 2640,
        "area": 18374400,
        "volume": 36748800,
        "layer_ratio": [
            0.0,
            0.0,
            0.7799999713897705,
            0.0,
            0.23000000417232513,
            0.0,
            0.0,
            0.0,
            0.0,
            0.0,
            0.0
        ],
        "place_feature": {
            "pin_num": 2,
            "aspect_ratio": 2,
            "width": 7384,
            "height": 3460,
            "area": 25548640,
            "l_ness": 1.0,
            "hpwl": 10844,
            "rsmt": 10844
        }
    },
    "pin_num": 2,
    "pins": [
        {
            "id": 1601,
            "i": "dpath/sub/_206_",
            "p": "X",
            "driver": 1
        },
        {
            "id": 1602,
            "i": "dpath/sub/_254_",
            "p": "A",
            "driver": 0
        }
    ],
    "wire_num": 6,
    "wires": [
        {
            "id": 6220,
            "feature": {
                "wire_width": 0,
                "wire_len": 0,
                "wire_density": 0.0,
                "drc_num": 0,
                "R": 0.0,
                "C": 0.0,
                "power": 0.0,
                "delay": 0.0,
                "slew": 0.0,
                "congestion": 0.0,
                "drc_type": []
            },
            "wire": {
                "id1": 271583,
                "x1": 88080,
                "y1": 121440,
                "real_x1": 88080,
                "real_y1": 121675,
                "r1": 506,
                "c1": 367,
                "l1": 0,
                "p1": 1602,
                "id2": 846175,
                "x2": 88080,
                "y2": 121440,
                "real_x2": 88080,
                "real_y2": 121675,
                "r2": 506,
                "c2": 367,
                "l2": 2,
                "p2": -1,
                "via": 0
            },
            "path_num": 1,
            "paths": [
                {
                    "id1": 271583,
                    "x1": 88080,
                    "y1": 121440,
                    "real_x1": 88080,
                    "real_y1": 121675,
                    "r1": 506,
                    "c1": 367,
                    "l1": 0,
                    "p1": 1602,
                    "id2": 846175,
                    "x2": 88080,
                    "y2": 121440,
                    "real_x2": 88080,
                    "real_y2": 121675,
                    "r2": 506,
                    "c2": 367,
                    "l2": 2,
                    "p2": -1,
                    "via": 0
                }
            ],
            "patch_num": 1,
            "patchs": [
                860
            ]
        },
        {
            "id": 6221,
            "feature": {
                "wire_width": 0,
                "wire_len": 0,
                "wire_density": 0.0,
                "drc_num": 0,
                "R": 0.0,
                "C": 0.0003209232507200002,
                "power": 1.5566904548649775e-05,
                "delay": 0.0,
                "slew": 0.0,
                "congestion": 0.0,
                "drc_type": []
            },
            "wire": {
                "id1": 841351,
                "x1": 88080,
                "y1": 119280,
                "real_x1": 88080,
                "real_y1": 119280,
                "r1": 497,
                "c1": 367,
                "l1": 2,
                "p1": -1,
                "id2": 1415943,
                "x2": 88080,
                "y2": 119280,
                "real_x2": 88080,
                "real_y2": 119280,
                "r2": 497,
                "c2": 367,
                "l2": 4,
                "p2": -1,
                "via": 5
            },
            "path_num": 1,
            "paths": [
                {
                    "id1": 841351,
                    "x1": 88080,
                    "y1": 119280,
                    "real_x1": 88080,
                    "real_y1": 119280,
                    "r1": 497,
                    "c1": 367,
                    "l1": 2,
                    "p1": -1,
                    "id2": 1415943,
                    "x2": 88080,
                    "y2": 119280,
                    "real_x2": 88080,
                    "real_y2": 119280,
                    "r2": 497,
                    "c2": 367,
                    "l2": 4,
                    "p2": -1,
                    "via": 5
                }
            ],
            "patch_num": 1,
            "patchs": [
                830
            ]
        },
        {
            "id": 6222,
            "feature": {
                "wire_width": 0,
                "wire_len": 0,
                "wire_density": 0.0,
                "drc_num": 0,
                "R": 0.0,
                "C": 0.0,
                "power": 0.0,
                "delay": 0.0,
                "slew": 0.0,
                "congestion": 0.0,
                "drc_type": []
            },
            "wire": {
                "id1": 265716,
                "x1": 95040,
                "y1": 118800,
                "real_x1": 95235,
                "real_y1": 118800,
                "r1": 495,
                "c1": 396,
                "l1": 0,
                "p1": 1601,
                "id2": 840308,
                "x2": 95040,
                "y2": 118800,
                "real_x2": 95235,
                "real_y2": 118800,
                "r2": 495,
                "c2": 396,
                "l2": 2,
                "p2": -1,
                "via": 0
            },
            "path_num": 1,
            "paths": [
                {
                    "id1": 265716,
                    "x1": 95040,
                    "y1": 118800,
                    "real_x1": 95235,
                    "real_y1": 118800,
                    "r1": 495,
                    "c1": 396,
                    "l1": 0,
                    "p1": 1601,
                    "id2": 840308,
                    "x2": 95040,
                    "y2": 118800,
                    "real_x2": 95235,
                    "real_y2": 118800,
                    "r2": 495,
                    "c2": 396,
                    "l2": 2,
                    "p2": -1,
                    "via": 0
                }
            ],
            "patch_num": 1,
            "patchs": [
                832
            ]
        },
        {
            "id": 6223,
            "feature": {
                "wire_width": 0,
                "wire_len": 0,
                "wire_density": 0.0,
                "drc_num": 0,
                "R": 0.0,
                "C": 8.940737576000005e-05,
                "power": 4.336850263353154e-06,
                "delay": 0.0,
                "slew": 0.0,
                "congestion": 0.0,
                "drc_type": []
            },
            "wire": {
                "id1": 846175,
                "x1": 88080,
                "y1": 121440,
                "real_x1": 88080,
                "real_y1": 121675,
                "r1": 506,
                "c1": 367,
                "l1": 2,
                "p1": -1,
                "id2": 1420767,