{
    "id": 618,
    "name": "dpath/sub/_118_",
    "feature": {
        "llx": 64080,
        "lly": 55200,
        "urx": 70320,
        "ury": 58080,
        "wire_len": 9120,
        "via_num": 4,
        "drc_num": 0,
        "drc_type": [],
        "R": 16.285714285714285,
        "C": 0.00330998462448,
        "power": 2.8076125290097415e-07,
        "delay": 0.023752983714394285,
        "slew": 0.002756165705510641,
        "aspect_ratio": 2,
        "width": 6240,
        "height": 2880,
        "area": 17971200,
        "volume": 35942400,
        "layer_ratio": [
            0.0,
            0.0,
            0.7599999904632568,
            0.0,
            0.23999999463558197,
            0.0,
            0.0,
            0.0,
            0.0,
            0.0,
            0.0
        ],
        "place_feature": {
            "pin_num": 2,
            "aspect_ratio": 2,
            "width": 6126,
            "height": 3406,
            "area": 20865156,
            "l_ness": 1.0,
            "hpwl": 9532,
            "rsmt": 9532
        }
    },
    "pin_num": 2,
    "pins": [
        {
            "id": 1617,
            "i": "dpath/sub/_159_",
            "p": "Y",
            "driver": 1
        },
        {
            "id": 1618,
            "i": "dpath/sub/_233_",
            "p": "A",
            "driver": 0
        }
    ],
    "wire_num": 6,
    "wires": [
        {
            "id": 6259,
            "feature": {
                "wire_width": 0,
                "wire_len": 0,
                "wire_density": 0.0,
                "drc_num": 0,
                "R": 0.0,
                "C": 0.0003005849364799999,
                "power": 1.4164651794105581e-05,
                "delay": 0.0,
                "slew": 0.0,
                "congestion": 0.0,
                "drc_type": []
            },
            "wire": {
                "id1": 699747,
                "x1": 64080,
                "y1": 55920,
                "real_x1": 64080,
                "real_y1": 55920,
                "r1": 233,
                "c1": 267,
                "l1": 2,
                "p1": -1,
                "id2": 1274339,
                "x2": 64080,
                "y2": 55920,
                "real_x2": 64080,
                "real_y2": 55920,
                "r2": 233,
                "c2": 267,
                "l2": 4,
                "p2": -1,
                "via": 5
            },
            "path_num": 1,
            "paths": [
                {
                    "id1": 699747,
                    "x1": 64080,
                    "y1": 55920,
                    "real_x1": 64080,
                    "real_y1": 55920,
                    "r1": 233,
                    "c1": 267,
                    "l1": 2,
                    "p1": -1,
                    "id2": 1274339,
                    "x2": 64080,
                    "y2": 55920,
                    "real_x2": 64080,
                    "real_y2": 55920,
                    "r2": 233,
                    "c2": 267,
                    "l2": 4,
                    "p2": -1,
                    "via": 5
                }
            ],
            "patch_num": 1,
            "patchs": [
                374
            ]
        },
        {
            "id": 6260,
            "feature": {
                "wire_width": 140,
                "wire_len": 2160,
                "wire_density": 1.822195498592389e-05,
                "drc_num": 0,
                "R": 1.9285714285714288,
                "C": 8.940737576000005e-05,
                "power": 4.213199637665213e-06,
                "delay": 0.005051714224680003,
                "slew": 1.321818487998172e-10,
                "congestion": 4.0,
                "drc_type": []
            },
            "wire": {
                "id1": 1274339,
                "x1": 64080,
                "y1": 55920,
                "real_x1": 64080,
                "real_y1": 55920,
                "r1": 233,
                "c1": 267,
                "l1": 4,
                "p1": -1,
                "id2": 1279163,
                "x2": 64080,
                "y2": 58080,
                "real_x2": 64080,
                "real_y2": 58305,
                "r2": 242,
                "c2": 267,
                "l2": 4,
                "p2": -1
            },
            "path_num": 1,
            "paths": [
                {
                    "id1": 1274339,
                    "x1": 64080,
                    "y1": 55920,
                    "real_x1": 64080,
                    "real_y1": 55920,
                    "r1": 233,
                    "c1": 267,
                    "l1": 4,
                    "p1": -1,
                    "id2": 1279163,
                    "x2": 64080,
                    "y2": 58080,
                    "real_x2": 64080,
                    "real_y2": 58305,
                    "r2": 242,
                    "c2": 267,
                    "l2": 4,
                    "p2": -1
                }
            ],
            "patch_num": 2,
            "patchs": [
                374,
                404
            ]
        },
        {
            "id": 6261,
            "feature": {
                "wire_width": 0,
                "wire_len": 0,
                "wire_density": 0.0,
                "drc_num": 0,
                "R": 0.0,
                "C": 0.0,
                "power": 0.0,
                "delay": 0.0,
                "slew": 0.0,
                "congestion": 0.0,
                "drc_type": []
            },
            "wire": {
                "id1": 123573,
                "x1": 70320,
                "y1": 55200,
                "real_x1": 70390,
                "real_y1": 55395,
                "r1": 230,
                "c1": 293,
                "l1": 0,
                "p1": 1617,
                "id2": 698165,
                "x2": 70320,
                "y2": 55200,
                "real_x2": 70390,
                "real_y2": 55395,
                "r2": 230,
                "c2": 293,
                "l2": 2,
                "p2": -1,
                "via": 0
            },
            "path_num": 1,
            "paths": [
                {
                    "id1": 123573,
                    "x1": 70320,
                    "y1": 55200,
                    "real_x1": 70390,
                    "real_y1": 55395,
                    "r1": 230,
                    "c1": 293,
                    "l1": 0,
                    "p1": 1617,
                    "id2": 698165,
                    "x2": 70320,
                    "y2": 55200,
                    "real_x2": 70390,
                    "real_y2": 55395,
                    "r2": 230,
                    "c2": 293,
                    "l2": 2,
                    "p2": -1,
                    "via": 0
                }
            ],
            "patch_num": 1,
            "patchs": [
                376
            ]
        },
        {
            "id": 6262,
            "feature": {
                "wire_width": 0,
                "wire_len": 0,
                "wire_density": 0.0,
                "drc_num": 0,
                "R": 0.0,
                "C": 0.0,
                "power": 0.0,
                "delay": 0.0,
                "slew": 0.0,
                "congestion": 0.0,
                "drc_type": []
            },
            "wire": {
                "id1": 129979,
                "x1": 64080,
                "y1": 58080,
                "real_x1": 64080,
                "real_y1": 58305,
                "r1": 242,
                "c1": 267,
                "l1": 0,
                "p1": 1618,
                "id2": 704571,