{
    "id": 317,
    "name": "dpath/a_reg/_024_",
    "feature": {
        "llx": 117360,
        "lly": 11520,
        "urx": 117360,
        "ury": 14640,
        "wire_len": 3120,
        "via_num": 4,
        "drc_num": 0,
        "drc_type": [],
        "R": 5.571428571428571,
        "C": 0.0027835890766400003,
        "power": 1.7459097506130009e-07,
        "delay": 0.0074010704996057145,
        "slew": 0.0007001348500297669,
        "aspect_ratio": 1,
        "width": 0,
        "height": 3120,
        "area": 0,
        "volume": 0,
        "layer_ratio": [
            0.0,
            0.0,
            0.0,
            0.0,
            1.0,
            0.0,
            0.0,
            0.0,
            0.0,
            0.0,
            0.0
        ],
        "place_feature": {
            "pin_num": 2,
            "aspect_ratio": 18,
            "width": 194,
            "height": 3507,
            "area": 680358,
            "l_ness": 1.0,
            "hpwl": 3701,
            "rsmt": 3701
        }
    },
    "pin_num": 2,
    "pins": [
        {
            "id": 867,
            "i": "dpath/a_reg/_069_",
            "p": "X",
            "driver": 1
        },
        {
            "id": 868,
            "i": "dpath/a_reg/_092_",
            "p": "A",
            "driver": 0
        }
    ],
    "wire_num": 5,
    "wires": [
        {
            "id": 3510,
            "feature": {
                "wire_width": 0,
                "wire_len": 0,
                "wire_density": 0.0,
                "drc_num": 0,
                "R": 0.0,
                "C": 0.0,
                "power": 0.0,
                "delay": 0.0,
                "slew": 0.0,
                "congestion": 0.0,
                "drc_type": []
            },
            "wire": {
                "id1": 26217,
                "x1": 117360,
                "y1": 11520,
                "real_x1": 117360,
                "real_y1": 11685,
                "r1": 48,
                "c1": 489,
                "l1": 0,
                "p1": 868,
                "id2": 600809,
                "x2": 117360,
                "y2": 11520,
                "real_x2": 117360,
                "real_y2": 11685,
                "r2": 48,
                "c2": 489,
                "l2": 2,
                "p2": -1,
                "via": 0
            },
            "path_num": 1,
            "paths": [
                {
                    "id1": 26217,
                    "x1": 117360,
                    "y1": 11520,
                    "real_x1": 117360,
                    "real_y1": 11685,
                    "r1": 48,
                    "c1": 489,
                    "l1": 0,
                    "p1": 868,
                    "id2": 600809,
                    "x2": 117360,
                    "y2": 11520,
                    "real_x2": 117360,
                    "real_y2": 11685,
                    "r2": 48,
                    "c2": 489,
                    "l2": 2,
                    "p2": -1,
                    "via": 0
                }
            ],
            "patch_num": 1,
            "patchs": [
                87
            ]
        },
        {
            "id": 3511,
            "feature": {
                "wire_width": 0,
                "wire_len": 0,
                "wire_density": 0.0,
                "drc_num": 0,
                "R": 0.0,
                "C": 0.0,
                "power": 0.0,
                "delay": 0.0,
                "slew": 0.0,
                "congestion": 0.0,
                "drc_type": []
            },
            "wire": {
                "id1": 33185,
                "x1": 117360,
                "y1": 14640,
                "real_x1": 117360,
                "real_y1": 14640,
                "r1": 61,
                "c1": 489,
                "l1": 0,
                "p1": 867,
                "id2": 607777,
                "x2": 117360,
                "y2": 14640,
                "real_x2": 117360,
                "real_y2": 14640,
                "r2": 61,
                "c2": 489,
                "l2": 2,
                "p2": -1,
                "via": 0
            },
            "path_num": 1,
            "paths": [
                {
                    "id1": 33185,
                    "x1": 117360,
                    "y1": 14640,
                    "real_x1": 117360,
                    "real_y1": 14640,
                    "r1": 61,
                    "c1": 489,
                    "l1": 0,
                    "p1": 867,
                    "id2": 607777,
                    "x2": 117360,
                    "y2": 14640,
                    "real_x2": 117360,
                    "real_y2": 14640,
                    "r2": 61,
                    "c2": 489,
                    "l2": 2,
                    "p2": -1,
                    "via": 0
                }
            ],
            "patch_num": 1,
            "patchs": [
                117
            ]
        },
        {
            "id": 3512,
            "feature": {
                "wire_width": 0,
                "wire_len": 0,
                "wire_density": 0.0,
                "drc_num": 0,
                "R": 0.0,
                "C": 0.0,
                "power": 0.0,
                "delay": 0.0,
                "slew": 0.0,
                "congestion": 0.0,
                "drc_type": []
            },
            "wire": {
                "id1": 607777,
                "x1": 117360,
                "y1": 14640,
                "real_x1": 117360,
                "real_y1": 14640,
                "r1": 61,
                "c1": 489,
                "l1": 2,
                "p1": -1,
                "id2": 1182369,
                "x2": 117360,
                "y2": 14640,
                "real_x2": 117360,
                "real_y2": 14640,
                "r2": 61,
                "c2": 489,
                "l2": 4,
                "p2": -1,
                "via": 5
            },
            "path_num": 1,
            "paths": [
                {
                    "id1": 607777,
                    "x1": 117360,
                    "y1": 14640,
                    "real_x1": 117360,
                    "real_y1": 14640,
                    "r1": 61,
                    "c1": 489,
                    "l1": 2,
                    "p1": -1,
                    "id2": 1182369,
                    "x2": 117360,
                    "y2": 14640,
                    "real_x2": 117360,
                    "real_y2": 14640,
                    "r2": 61,
                    "c2": 489,
                    "l2": 4,
                    "p2": -1,
                    "via": 5
                }
            ],
            "patch_num": 1,
            "patchs": [
                117
            ]
        },
        {
            "id": 3513,
            "feature": {
                "wire_width": 0,
                "wire_len": 0,
                "wire_density": 0.0,
                "drc_num": 0,
                "R": 0.0,
                "C": 0.00012679453832000007,
                "power": 4.418193256626926e-06,
                "delay": 0.0,
                "slew": 0.0,
                "congestion": 0.0,
                "drc_type": []
            },
            "wire": {
                "id1": 600809,
                "x1": 117360,
                "y1": 11520,
                "real_x1": 117360,
                "real_y1": 11685,
                "r1": 48,
                "c1": 489,
                "l1": 2,
                "p1": -1,
                "id2": 1175401,
                "x2": 117360,
                "y2": 11520,
                "real_x2": 117360,