{
    "id": 2,
    "name": "ctrl$a_reg_en",
    "feature": {
        "llx": 94560,
        "lly": 61440,
        "urx": 97680,
        "ury": 62160,
        "wire_len": 3840,
        "via_num": 2,
        "drc_num": 0,
        "drc_type": [],
        "R": 6.857142857142856,
        "C": 0.0028667717878400004,
        "power": 9.288340592601602e-08,
        "delay": 0.009251608779154284,
        "slew": 0.0013072853237663246,
        "aspect_ratio": 4,
        "width": 3120,
        "height": 720,
        "area": 2246400,
        "volume": 2246400,
        "layer_ratio": [
            0.0,
            0.0,
            1.0,
            0.0,
            0.0,
            0.0,
            0.0,
            0.0,
            0.0,
            0.0,
            0.0
        ],
        "place_feature": {
            "pin_num": 2,
            "aspect_ratio": 35,
            "width": 2675,
            "height": 77,
            "area": 205975,
            "l_ness": 1.0,
            "hpwl": 2752,
            "rsmt": 2752
        }
    },
    "pin_num": 2,
    "pins": [
        {
            "id": 4,
            "i": "ctrl/_42_",
            "p": "X",
            "driver": 1
        },
        {
            "id": 5,
            "i": "dpath/a_reg/_085_",
            "p": "A",
            "driver": 0
        }
    ],
    "wire_num": 3,
    "wires": [
        {
            "id": 18,
            "feature": {
                "wire_width": 0,
                "wire_len": 0,
                "wire_density": 0.0,
                "drc_num": 0,
                "R": 0.0,
                "C": 0.00016838589392000015,
                "power": 3.0309460905600033e-06,
                "delay": 0.0,
                "slew": 0.0,
                "congestion": 0.0,
                "drc_type": []
            },
            "wire": {
                "id1": 137623,
                "x1": 97680,
                "y1": 61440,
                "real_x1": 97680,
                "real_y1": 61655,
                "r1": 256,
                "c1": 407,
                "l1": 0,
                "p1": 5,
                "id2": 712215,
                "x2": 97680,
                "y2": 61440,
                "real_x2": 97680,
                "real_y2": 61655,
                "r2": 256,
                "c2": 407,
                "l2": 2,
                "p2": -1,
                "via": 0
            },
            "path_num": 1,
            "paths": [
                {
                    "id1": 137623,
                    "x1": 97680,
                    "y1": 61440,
                    "real_x1": 97680,
                    "real_y1": 61655,
                    "r1": 256,
                    "c1": 407,
                    "l1": 0,
                    "p1": 5,
                    "id2": 712215,
                    "x2": 97680,
                    "y2": 61440,
                    "real_x2": 97680,
                    "real_y2": 61655,
                    "r2": 256,
                    "c2": 407,
                    "l2": 2,
                    "p2": -1,
                    "via": 0
                }
            ],
            "patch_num": 1,
            "patchs": [
                442
            ]
        },
        {
            "id": 19,
            "feature": {
                "wire_width": 0,
                "wire_len": 0,
                "wire_density": 0.0,
                "drc_num": 0,
                "R": 0.0,
                "C": 0.0,
                "power": 0.0,
                "delay": 0.0,
                "slew": 0.0,
                "congestion": 0.0,
                "drc_type": []
            },
            "wire": {
                "id1": 139218,
                "x1": 94560,
                "y1": 62160,
                "real_x1": 94770,
                "real_y1": 62225,
                "r1": 259,
                "c1": 394,
                "l1": 0,
                "p1": 4,
                "id2": 713810,
                "x2": 94560,
                "y2": 62160,
                "real_x2": 94770,
                "real_y2": 62225,
                "r2": 259,
                "c2": 394,
                "l2": 2,
                "p2": -1,
                "via": 0
            },
            "path_num": 1,
            "paths": [
                {
                    "id1": 139218,
                    "x1": 94560,
                    "y1": 62160,
                    "real_x1": 94770,
                    "real_y1": 62225,
                    "r1": 259,
                    "c1": 394,
                    "l1": 0,
                    "p1": 4,
                    "id2": 713810,
                    "x2": 94560,
                    "y2": 62160,
                    "real_x2": 94770,
                    "real_y2": 62225,
                    "r2": 259,
                    "c2": 394,
                    "l2": 2,
                    "p2": -1,
                    "via": 0
                }
            ],
            "patch_num": 1,
            "patchs": [
                441
            ]
        },
        {
            "id": 20,
            "feature": {
                "wire_width": 140,
                "wire_len": 3840,
                "wire_density": 3.239458664164247e-05,
                "drc_num": 0,
                "R": 3.428571428571428,
                "C": 0.00016838589392000015,
                "power": 3.0309460905600033e-06,
                "delay": 0.009251608779154284,
                "slew": 1.3339192528327715e-09,
                "congestion": 2.5,
                "drc_type": []
            },
            "wire": {
                "id1": 712215,
                "x1": 97680,
                "y1": 61440,
                "real_x1": 97680,
                "real_y1": 61655,
                "r1": 256,
                "c1": 407,
                "l1": 2,
                "p1": -1,
                "id2": 713810,
                "x2": 94560,
                "y2": 62160,
                "real_x2": 94770,
                "real_y2": 62225,
                "r2": 259,
                "c2": 394,
                "l2": 2,
                "p2": -1
            },
            "path_num": 2,
            "paths": [
                {
                    "id1": 712215,
                    "x1": 97680,
                    "y1": 61440,
                    "real_x1": 97680,
                    "real_y1": 61655,
                    "r1": 256,
                    "c1": 407,
                    "l1": 2,
                    "p1": -1,
                    "id2": 713823,
                    "x2": 97680,
                    "y2": 62160,
                    "real_x2": 97680,
                    "real_y2": 62225,
                    "r2": 259,
                    "c2": 407,
                    "l2": 2,
                    "p2": -1
                },
                {
                    "id1": 713823,
                    "x1": 97680,
                    "y1": 62160,
                    "real_x1": 97680,
                    "real_y1": 62225,
                    "r1": 259,
                    "c1": 407,
                    "l1": 2,
                    "p1": -1,
                    "id2": 713810,
                    "x2": 94560,
                    "y2": 62160,
                    "real_x2": 94770,
                    "real_y2": 62225,
                    "r2": 259,
                    "c2": 394,
                    "l2": 2,
                    "p2": -1
                }
            ],
            "patch_num": 2,
            "patchs": [
                441,
                442
            ]
        }
    ],
    "routing_graph": {
        "vertices": [
            {
                "id": 0,
                "is_pin": 1,
                "is_driver_pin": 0,