{
    "id": 397,
    "name": "dpath/b_mux/_038_",
    "feature": {
        "llx": 113520,
        "lly": 65520,
        "urx": 115200,
        "ury": 68160,
        "wire_len": 4320,
        "via_num": 4,
        "drc_num": 0,
        "drc_type": [],
        "R": 7.714285714285714,
        "C": 0.0028999288737600005,
        "power": 2.043073586794321e-07,
        "delay": 0.010452978918188572,
        "slew": 0.0011805077420024152,
        "aspect_ratio": 2,
        "width": 1680,
        "height": 2640,
        "area": 4435200,
        "volume": 8870400,
        "layer_ratio": [
            0.0,
            0.0,
            0.38999998569488525,
            0.0,
            0.6100000143051147,
            0.0,
            0.0,
            0.0,
            0.0,
            0.0,
            0.0
        ],
        "place_feature": {
            "pin_num": 2,
            "aspect_ratio": 2,
            "width": 2114,
            "height": 3507,
            "area": 7413798,
            "l_ness": 1.0,
            "hpwl": 5621,
            "rsmt": 5621
        }
    },
    "pin_num": 2,
    "pins": [
        {
            "id": 1051,
            "i": "dpath/b_mux/_065_",
            "p": "X",
            "driver": 1
        },
        {
            "id": 1052,
            "i": "dpath/b_mux/_112_",
            "p": "A",
            "driver": 0
        }
    ],
    "wire_num": 6,
    "wires": [
        {
            "id": 4229,
            "feature": {
                "wire_width": 140,
                "wire_len": 2640,
                "wire_density": null,
                "drc_num": 0,
                "R": 2.3571428571428568,
                "C": 0.00010810095704000006,
                "power": 4.231103965534526e-06,
                "delay": 0.006218380827308572,
                "slew": 4.371567066674409e-10,
                "congestion": -2.0,
                "drc_type": []
            },
            "wire": {
                "id1": 1295985,
                "x1": 113520,
                "y1": 65520,
                "real_x1": 113520,
                "real_y1": 65520,
                "r1": 273,
                "c1": 473,
                "l1": 4,
                "p1": -1,
                "id2": 1301881,
                "x2": 113520,
                "y2": 68160,
                "real_x2": 113520,
                "real_y2": 68395,
                "r2": 284,
                "c2": 473,
                "l2": 4,
                "p2": -1
            },
            "path_num": 1,
            "paths": [
                {
                    "id1": 1295985,
                    "x1": 113520,
                    "y1": 65520,
                    "real_x1": 113520,
                    "real_y1": 65520,
                    "r1": 273,
                    "c1": 473,
                    "l1": 4,
                    "p1": -1,
                    "id2": 1301881,
                    "x2": 113520,
                    "y2": 68160,
                    "real_x2": 113520,
                    "real_y2": 68395,
                    "r2": 284,
                    "c2": 473,
                    "l2": 4,
                    "p2": -1
                }
            ],
            "patch_num": 1,
            "patchs": [
                476
            ]
        },
        {
            "id": 4230,
            "feature": {
                "wire_width": 140,
                "wire_len": 1680,
                "wire_density": null,
                "drc_num": 0,
                "R": 1.4999999999999998,
                "C": 7.686347984000013e-05,
                "power": 3.0084597145191603e-06,
                "delay": 0.00423459809088,
                "slew": 7.591060904865721e-10,
                "congestion": 3.0,
                "drc_type": []
            },
            "wire": {
                "id1": 721393,
                "x1": 113520,
                "y1": 65520,
                "real_x1": 113520,
                "real_y1": 65520,
                "r1": 273,
                "c1": 473,
                "l1": 2,
                "p1": -1,
                "id2": 721400,
                "x2": 115200,
                "y2": 65520,
                "real_x2": 115375,
                "real_y2": 65520,
                "r2": 273,
                "c2": 480,
                "l2": 2,
                "p2": -1
            },
            "path_num": 1,
            "paths": [
                {
                    "id1": 721393,
                    "x1": 113520,
                    "y1": 65520,
                    "real_x1": 113520,
                    "real_y1": 65520,
                    "r1": 273,
                    "c1": 473,
                    "l1": 2,
                    "p1": -1,
                    "id2": 721400,
                    "x2": 115200,
                    "y2": 65520,
                    "real_x2": 115375,
                    "real_y2": 65520,
                    "r2": 273,
                    "c2": 480,
                    "l2": 2,
                    "p2": -1
                }
            ],
            "patch_num": 1,
            "patchs": [
                476
            ]
        },
        {
            "id": 4231,
            "feature": {
                "wire_width": 0,
                "wire_len": 0,
                "wire_density": 0.0,
                "drc_num": 0,
                "R": 0.0,
                "C": 0.0,
                "power": 0.0,
                "delay": 0.0,
                "slew": 0.0,
                "congestion": 0.0,
                "drc_type": []
            },
            "wire": {
                "id1": 146808,
                "x1": 115200,
                "y1": 65520,
                "real_x1": 115375,
                "real_y1": 65520,
                "r1": 273,
                "c1": 480,
                "l1": 0,
                "p1": 1051,
                "id2": 721400,
                "x2": 115200,
                "y2": 65520,
                "real_x2": 115375,
                "real_y2": 65520,
                "r2": 273,
                "c2": 480,
                "l2": 2,
                "p2": -1,
                "via": 0
            },
            "path_num": 1,
            "paths": [
                {
                    "id1": 146808,
                    "x1": 115200,
                    "y1": 65520,
                    "real_x1": 115375,
                    "real_y1": 65520,
                    "r1": 273,
                    "c1": 480,
                    "l1": 0,
                    "p1": 1051,
                    "id2": 721400,
                    "x2": 115200,
                    "y2": 65520,
                    "real_x2": 115375,
                    "real_y2": 65520,
                    "r2": 273,
                    "c2": 480,
                    "l2": 2,
                    "p2": -1,
                    "via": 0
                }
            ],
            "patch_num": 1,
            "patchs": [
                476
            ]
        },
        {
            "id": 4232,
            "feature": {
                "wire_width": 0,
                "wire_len": 0,
                "wire_density": 0.0,
                "drc_num": 0,
                "R": 0.0,
                "C": 0.0,
                "power": 0.0,
                "delay": 0.0,
                "slew": 0.0,
                "congestion": 0.0,
                "drc_type": []
            },
            "wire": {
                "id1": 152697,
                "x1": 113520,
                "y1": 68160,
                "real_x1": 113520,
                "real_y1": 68395,
                "r1": 284,
                "c1": 473,
                "l1": 0,
                "p1": 1052,
                "id2": 727289,