{
    "id": 266,
    "name": "dpath/a_mux/_077_",
    "feature": {
        "llx": 102240,
        "lly": 34800,
        "urx": 108240,
        "ury": 48240,
        "wire_len": 19440,
        "via_num": 4,
        "drc_num": 0,
        "drc_type": [],
        "R": 34.71428571428571,
        "C": 0.00449065075584,
        "power": 1.4905009500365585e-07,
        "delay": 0.06404259053715428,
        "slew": 0.01448701458689998,
        "aspect_ratio": 2,
        "width": 6000,
        "height": 13440,
        "area": 80640000,
        "volume": 161280000,
        "layer_ratio": [
            0.0,
            0.0,
            0.25999999046325684,
            0.0,
            0.7400000095367432,
            0.0,
            0.0,
            0.0,
            0.0,
            0.0,
            0.0
        ],
        "place_feature": {
            "pin_num": 2,
            "aspect_ratio": 3,
            "width": 5261,
            "height": 13315,
            "area": 70050215,
            "l_ness": 1.0,
            "hpwl": 18576,
            "rsmt": 18576
        }
    },
    "pin_num": 2,
    "pins": [
        {
            "id": 761,
            "i": "dpath/a_mux/_123_",
            "p": "Y",
            "driver": 1
        },
        {
            "id": 762,
            "i": "dpath/a_mux/_124_",
            "p": "B1",
            "driver": 0
        }
    ],
    "wire_num": 6,
    "wires": [
        {
            "id": 3146,
            "feature": {
                "wire_width": 0,
                "wire_len": 0,
                "wire_density": 0.0,
                "drc_num": 0,
                "R": 0.0,
                "C": 0.00021923167951999958,
                "power": 4.042534941161652e-06,
                "delay": 0.0,
                "slew": 0.0,
                "congestion": 0.0,
                "drc_type": []
            },
            "wire": {
                "id1": 652759,
                "x1": 107280,
                "y1": 34800,
                "real_x1": 107280,
                "real_y1": 34800,
                "r1": 145,
                "c1": 447,
                "l1": 2,
                "p1": -1,
                "id2": 1227351,
                "x2": 107280,
                "y2": 34800,
                "real_x2": 107280,
                "real_y2": 34800,
                "r2": 145,
                "c2": 447,
                "l2": 4,
                "p2": -1,
                "via": 5
            },
            "path_num": 1,
            "paths": [
                {
                    "id1": 652759,
                    "x1": 107280,
                    "y1": 34800,
                    "real_x1": 107280,
                    "real_y1": 34800,
                    "r1": 145,
                    "c1": 447,
                    "l1": 2,
                    "p1": -1,
                    "id2": 1227351,
                    "x2": 107280,
                    "y2": 34800,
                    "real_x2": 107280,
                    "real_y2": 34800,
                    "r2": 145,
                    "c2": 447,
                    "l2": 4,
                    "p2": -1,
                    "via": 5
                }
            ],
            "patch_num": 1,
            "patchs": [
                264
            ]
        },
        {
            "id": 3147,
            "feature": {
                "wire_width": 140,
                "wire_len": 5040,
                "wire_density": 4.251789496715574e-05,
                "drc_num": 0,
                "R": 4.5,
                "C": 0.00021923167951999958,
                "power": 4.042534941161666e-06,
                "delay": 0.01922138584344,
                "slew": 7.196199899861533e-09,
                "congestion": 2.0,
                "drc_type": []
            },
            "wire": {
                "id1": 652738,
                "x1": 102240,
                "y1": 34800,
                "real_x1": 102450,
                "real_y1": 34800,
                "r1": 145,
                "c1": 426,
                "l1": 2,
                "p1": -1,
                "id2": 652759,
                "x2": 107280,
                "y2": 34800,
                "real_x2": 107280,
                "real_y2": 34800,
                "r2": 145,
                "c2": 447,
                "l2": 2,
                "p2": -1
            },
            "path_num": 1,
            "paths": [
                {
                    "id1": 652738,
                    "x1": 102240,
                    "y1": 34800,
                    "real_x1": 102450,
                    "real_y1": 34800,
                    "r1": 145,
                    "c1": 426,
                    "l1": 2,
                    "p1": -1,
                    "id2": 652759,
                    "x2": 107280,
                    "y2": 34800,
                    "real_x2": 107280,
                    "real_y2": 34800,
                    "r2": 145,
                    "c2": 447,
                    "l2": 2,
                    "p2": -1
                }
            ],
            "patch_num": 2,
            "patchs": [
                263,
                264
            ]
        },
        {
            "id": 3148,
            "feature": {
                "wire_width": 0,
                "wire_len": 0,
                "wire_density": 0.0,
                "drc_num": 0,
                "R": 0.0,
                "C": 0.0,
                "power": 0.0,
                "delay": 0.0,
                "slew": 0.0,
                "congestion": 0.0,
                "drc_type": []
            },
            "wire": {
                "id1": 108187,
                "x1": 108240,
                "y1": 48240,
                "real_x1": 108240,
                "real_y1": 48255,
                "r1": 201,
                "c1": 451,
                "l1": 0,
                "p1": 762,
                "id2": 682779,
                "x2": 108240,
                "y2": 48240,
                "real_x2": 108240,
                "real_y2": 48255,
                "r2": 201,
                "c2": 451,
                "l2": 2,
                "p2": -1,
                "via": 0
            },
            "path_num": 1,
            "paths": [
                {
                    "id1": 108187,
                    "x1": 108240,
                    "y1": 48240,
                    "real_x1": 108240,
                    "real_y1": 48255,
                    "r1": 201,
                    "c1": 451,
                    "l1": 0,
                    "p1": 762,
                    "id2": 682779,
                    "x2": 108240,
                    "y2": 48240,
                    "real_x2": 108240,
                    "real_y2": 48255,
                    "r2": 201,
                    "c2": 451,
                    "l2": 2,
                    "p2": -1,
                    "via": 0
                }
            ],
            "patch_num": 1,
            "patchs": [
                355
            ]
        },
        {
            "id": 3149,
            "feature": {
                "wire_width": 0,
                "wire_len": 0,
                "wire_density": 0.0,
                "drc_num": 0,
                "R": 0.0,
                "C": 0.0,
                "power": 0.0,
                "delay": 0.0,
                "slew": 0.0,
                "congestion": 0.0,
                "drc_type": []
            },
            "wire": {
                "id1": 78146,
                "x1": 102240,
                "y1": 34800,
                "real_x1": 102450,
                "real_y1": 34800,
                "r1": 145,
                "c1": 426,
                "l1": 0,
                "p1": 761,