{
    "id": 419,
    "name": "dpath/b_reg/_010_",
    "feature": {
        "llx": 23040,
        "lly": 31920,
        "urx": 25200,
        "ury": 34560,
        "wire_len": 5040,
        "via_num": 4,
        "drc_num": 0,
        "drc_type": [],
        "R": 9.0,
        "C": 0.0022123025764799998,
        "power": 1.6490036507669566e-07,
        "delay": 0.008963471554885714,
        "slew": 0.0013857080386719851,
        "aspect_ratio": 1,
        "width": 2160,
        "height": 2640,
        "area": 5702400,
        "volume": 11404800,
        "layer_ratio": [
            0.0,
            0.0,
            0.47999998927116394,
            0.0,
            0.5199999809265137,
            0.0,
            0.0,
            0.0,
            0.0,
            0.0,
            0.0
        ],
        "place_feature": {
            "pin_num": 2,
            "aspect_ratio": 2,
            "width": 1843,
            "height": 3240,
            "area": 5971320,
            "l_ness": 1.0,
            "hpwl": 5083,
            "rsmt": 5083
        }
    },
    "pin_num": 2,
    "pins": [
        {
            "id": 1101,
            "i": "dpath/b_reg/_098_",
            "p": "X",
            "driver": 1
        },
        {
            "id": 1102,
            "i": "dpath/b_reg/_136_",
            "p": "D",
            "driver": 0
        }
    ],
    "wire_num": 7,
    "wires": [
        {
            "id": 4382,
            "feature": {
                "wire_width": 0,
                "wire_len": 0,
                "wire_density": 0.0,
                "drc_num": 0,
                "R": 0.0,
                "C": 0.00010810095704000006,
                "power": 4.476453997284539e-06,
                "delay": 0.0,
                "slew": 0.0,
                "congestion": 0.0,
                "drc_type": []
            },
            "wire": {
                "id1": 645985,
                "x1": 25200,
                "y1": 31920,
                "real_x1": 25200,
                "real_y1": 31920,
                "r1": 133,
                "c1": 105,
                "l1": 2,
                "p1": -1,
                "id2": 1220577,
                "x2": 25200,
                "y2": 31920,
                "real_x2": 25200,
                "real_y2": 31920,
                "r2": 133,
                "c2": 105,
                "l2": 4,
                "p2": -1,
                "via": 5
            },
            "path_num": 1,
            "paths": [
                {
                    "id1": 645985,
                    "x1": 25200,
                    "y1": 31920,
                    "real_x1": 25200,
                    "real_y1": 31920,
                    "r1": 133,
                    "c1": 105,
                    "l1": 2,
                    "p1": -1,
                    "id2": 1220577,
                    "x2": 25200,
                    "y2": 31920,
                    "real_x2": 25200,
                    "real_y2": 31920,
                    "r2": 133,
                    "c2": 105,
                    "l2": 4,
                    "p2": -1,
                    "via": 5
                }
            ],
            "patch_num": 1,
            "patchs": [
                215
            ]
        },
        {
            "id": 4383,
            "feature": {
                "wire_width": 140,
                "wire_len": 2160,
                "wire_density": 1.822195498592389e-05,
                "drc_num": 0,
                "R": 1.9285714285714286,
                "C": 9.720179407999999e-05,
                "power": 4.02512032795084e-06,
                "delay": 0.004079122937485714,
                "slew": 1.4147467711222994e-09,
                "congestion": -1.5,
                "drc_type": []
            },
            "wire": {
                "id1": 651872,
                "x1": 23040,
                "y1": 34560,
                "real_x1": 23250,
                "real_y1": 34725,
                "r1": 144,
                "c1": 96,
                "l1": 2,
                "p1": -1,
                "id2": 651881,
                "x2": 25200,
                "y2": 34560,
                "real_x2": 25200,
                "real_y2": 34725,
                "r2": 144,
                "c2": 105,
                "l2": 2,
                "p2": -1
            },
            "path_num": 1,
            "paths": [
                {
                    "id1": 651872,
                    "x1": 23040,
                    "y1": 34560,
                    "real_x1": 23250,
                    "real_y1": 34725,
                    "r1": 144,
                    "c1": 96,
                    "l1": 2,
                    "p1": -1,
                    "id2": 651881,
                    "x2": 25200,
                    "y2": 34560,
                    "real_x2": 25200,
                    "real_y2": 34725,
                    "r2": 144,
                    "c2": 105,
                    "l2": 2,
                    "p2": -1
                }
            ],
            "patch_num": 1,
            "patchs": [
                245
            ]
        },
        {
            "id": 4384,
            "feature": {
                "wire_width": 140,
                "wire_len": 240,
                "wire_density": null,
                "drc_num": 0,
                "R": 0.2142857142857144,
                "C": 1.58485371199999e-05,
                "power": 6.562869495751463e-07,
                "delay": 0.00038268182938285683,
                "slew": 3.951148436209806e-12,
                "congestion": 1.0,
                "drc_type": []
            },
            "wire": {
                "id1": 645984,
                "x1": 24960,
                "y1": 31920,
                "real_x1": 25150,
                "real_y1": 31920,
                "r1": 133,
                "c1": 104,
                "l1": 2,
                "p1": -1,
                "id2": 645985,
                "x2": 25200,
                "y2": 31920,
                "real_x2": 25200,
                "real_y2": 31920,
                "r2": 133,
                "c2": 105,
                "l2": 2,
                "p2": -1
            },
            "path_num": 1,
            "paths": [
                {
                    "id1": 645984,
                    "x1": 24960,
                    "y1": 31920,
                    "real_x1": 25150,
                    "real_y1": 31920,
                    "r1": 133,
                    "c1": 104,
                    "l1": 2,
                    "p1": -1,
                    "id2": 645985,
                    "x2": 25200,
                    "y2": 31920,
                    "real_x2": 25200,
                    "real_y2": 31920,
                    "r2": 133,
                    "c2": 105,
                    "l2": 2,
                    "p2": -1
                }
            ],
            "patch_num": 1,
            "patchs": [
                215
            ]
        },
        {
            "id": 4385,
            "feature": {
                "wire_width": 0,
                "wire_len": 0,
                "wire_density": 0.0,
                "drc_num": 0,
                "R": 0.0,
                "C": 1.58485371199999e-05,
                "power": 6.562869495751463e-07,
                "delay": 0.0,
                "slew": 0.0,
                "congestion": 0.0,
                "drc_type": []
            },
            "wire": {
                "id1": 71392,
                "x1": 24960,
                "y1": 31920,
                "real_x1": 25150,
                "real_y1": 31920,
                "r1": 133,
                "c1": 104,
                "l1": 0,
                "p1": 1102,