{
    "id": 221,
    "name": "dpath/a_mux/_032_",
    "feature": {
        "llx": 62400,
        "lly": 21840,
        "urx": 65280,
        "ury": 25440,
        "wire_len": 6480,
        "via_num": 4,
        "drc_num": 0,
        "drc_type": [],
        "R": 11.571428571428571,
        "C": 0.00348775353008,
        "power": 1.1300321437459203e-07,
        "delay": 0.018562708732302858,
        "slew": 0.004200419137870413,
        "aspect_ratio": 1,
        "width": 2880,
        "height": 3600,
        "area": 10368000,
        "volume": 20736000,
        "layer_ratio": [
            0.0,
            0.0,
            0.4399999976158142,
            0.0,
            0.5600000023841858,
            0.0,
            0.0,
            0.0,
            0.0,
            0.0,
            0.0
        ],
        "place_feature": {
            "pin_num": 2,
            "aspect_ratio": 1,
            "width": 2848,
            "height": 3103,
            "area": 8837344,
            "l_ness": 1.0,
            "hpwl": 5951,
            "rsmt": 5951
        }
    },
    "pin_num": 2,
    "pins": [
        {
            "id": 626,
            "i": "dpath/a_mux/_160_",
            "p": "X",
            "driver": 1
        },
        {
            "id": 627,
            "i": "dpath/a_mux/_111_",
            "p": "B1",
            "driver": 0
        }
    ],
    "wire_num": 7,
    "wires": [
        {
            "id": 2473,
            "feature": {
                "wire_width": 0,
                "wire_len": 0,
                "wire_density": 0.0,
                "drc_num": 0,
                "R": 0.0,
                "C": 0.00011754010831999985,
                "power": 2.11572194976e-06,
                "delay": 0.0,
                "slew": 0.0,
                "congestion": 0.0,
                "drc_type": []
            },
            "wire": {
                "id1": 631679,
                "x1": 65040,
                "y1": 25440,
                "real_x1": 65040,
                "real_y1": 25670,
                "r1": 106,
                "c1": 271,
                "l1": 2,
                "p1": -1,
                "id2": 1206271,
                "x2": 65040,
                "y2": 25440,
                "real_x2": 65040,
                "real_y2": 25670,
                "r2": 106,
                "c2": 271,
                "l2": 4,
                "p2": -1,
                "via": 5
            },
            "path_num": 1,
            "paths": [
                {
                    "id1": 631679,
                    "x1": 65040,
                    "y1": 25440,
                    "real_x1": 65040,
                    "real_y1": 25670,
                    "r1": 106,
                    "c1": 271,
                    "l1": 2,
                    "p1": -1,
                    "id2": 1206271,
                    "x2": 65040,
                    "y2": 25440,
                    "real_x2": 65040,
                    "real_y2": 25670,
                    "r2": 106,
                    "c2": 271,
                    "l2": 4,
                    "p2": -1,
                    "via": 5
                }
            ],
            "patch_num": 1,
            "patchs": [
                165
            ]
        },
        {
            "id": 2474,
            "feature": {
                "wire_width": 140,
                "wire_len": 240,
                "wire_density": 2.0246616651026545e-06,
                "drc_num": 0,
                "R": 0.2142857142857144,
                "C": 1.5848537120000117e-05,
                "power": 2.8527366816000053e-07,
                "delay": 0.0006312532579542847,
                "slew": 5.353904819482835e-12,
                "congestion": 9.0,
                "drc_type": []
            },
            "wire": {
                "id1": 623639,
                "x1": 65040,
                "y1": 21840,
                "real_x1": 65040,
                "real_y1": 21840,
                "r1": 91,
                "c1": 271,
                "l1": 2,
                "p1": -1,
                "id2": 623640,
                "x2": 65280,
                "y2": 21840,
                "real_x2": 65490,
                "real_y2": 21840,
                "r2": 91,
                "c2": 272,
                "l2": 2,
                "p2": -1
            },
            "path_num": 1,
            "paths": [
                {
                    "id1": 623639,
                    "x1": 65040,
                    "y1": 21840,
                    "real_x1": 65040,
                    "real_y1": 21840,
                    "r1": 91,
                    "c1": 271,
                    "l1": 2,
                    "p1": -1,
                    "id2": 623640,
                    "x2": 65280,
                    "y2": 21840,
                    "real_x2": 65490,
                    "real_y2": 21840,
                    "r2": 91,
                    "c2": 272,
                    "l2": 2,
                    "p2": -1
                }
            ],
            "patch_num": 1,
            "patchs": [
                165
            ]
        },
        {
            "id": 2475,
            "feature": {
                "wire_width": 0,
                "wire_len": 0,
                "wire_density": 0.0,
                "drc_num": 0,
                "R": 0.0,
                "C": 1.5848537120000117e-05,
                "power": 2.8527366816000053e-07,
                "delay": 0.0,
                "slew": 0.0,
                "congestion": 0.0,
                "drc_type": []
            },
            "wire": {
                "id1": 49048,
                "x1": 65280,
                "y1": 21840,
                "real_x1": 65490,
                "real_y1": 21840,
                "r1": 91,
                "c1": 272,
                "l1": 0,
                "p1": 627,
                "id2": 623640,
                "x2": 65280,
                "y2": 21840,
                "real_x2": 65490,
                "real_y2": 21840,
                "r2": 91,
                "c2": 272,
                "l2": 2,
                "p2": -1,
                "via": 0
            },
            "path_num": 1,
            "paths": [
                {
                    "id1": 49048,
                    "x1": 65280,
                    "y1": 21840,
                    "real_x1": 65490,
                    "real_y1": 21840,
                    "r1": 91,
                    "c1": 272,
                    "l1": 0,
                    "p1": 627,
                    "id2": 623640,
                    "x2": 65280,
                    "y2": 21840,
                    "real_x2": 65490,
                    "real_y2": 21840,
                    "r2": 91,
                    "c2": 272,
                    "l2": 2,
                    "p2": -1,
                    "via": 0
                }
            ],
            "patch_num": 1,
            "patchs": [
                165
            ]
        },
        {
            "id": 2476,
            "feature": {
                "wire_width": 0,
                "wire_len": 0,
                "wire_density": 0.0,
                "drc_num": 0,
                "R": 0.0,
                "C": 0.0,
                "power": 0.0,
                "delay": 0.0,
                "slew": 0.0,
                "congestion": 0.0,
                "drc_type": []
            },
            "wire": {
                "id1": 57076,
                "x1": 62400,
                "y1": 25440,
                "real_x1": 62610,
                "real_y1": 25670,
                "r1": 106,
                "c1": 260,
                "l1": 0,
                "p1": 626,
                "id2": 631668,